{
  "slot": "arip:attachment/slot/sight_eotech_eflx_pica",
  "model": "arip:attachment/sight_eotech_eflx_pica_geo",
  "texture": "arip:attachment/uv/sight_eotech_eflx",
  "lod": {
    "model": "arip:attachment/lod/sight_eotech_eflx_pica_lod",
    "texture": "arip:attachment/lod/sight_eotech_eflx_lod"
  },
  "zoom": [
    1.2
  ],
  "scope": false,
  "sight": true,
  "fov": 70.0,
  "sounds": {
    "install": "tacz:attachments/scope_general_c",
    "uninstall": "tacz:attachments/scope_general_c"
  }
}