{
	"format_version": "1.12.0",
	"minecraft:geometry": [
		{
			"description": {
				"identifier": "geometry.m4a1_fom - Converted",
				"texture_width": 64,
				"texture_height": 64,
				"visible_bounds_width": 4,
				"visible_bounds_height": 2.5,
				"visible_bounds_offset": [0, 0.75, 0]
			},
			"bones": [
				{
					"name": "lod_m4",
					"pivot": [0, 0, -8]
				},
				{
					"name": "ld_handguard",
					"parent": "lod_m4",
					"pivot": [0.075, 0, -8],
					"cubes": [
						{
							"origin": [-1.09707, 8.43495, -23.56006],
							"size": [2.19413, 2.19413, 15.22812],
							"pivot": [0, 9.53202, -8.62],
							"rotation": [0, 0, -45],
							"uv": {
								"north": {"uv": [30, 8], "uv_size": [2, 2]},
								"east": {"uv": [6, 6], "uv_size": [15, 2]},
								"south": {"uv": [31, 18], "uv_size": [2, 2]},
								"west": {"uv": [6, 8], "uv_size": [15, 2]},
								"up": {"uv": [6, 10], "uv_size": [2, 15]},
								"down": {"uv": [8, 25], "uv_size": [2, -15]}
							}
						},
						{
							"origin": [-0.375, 7.95, -23.475],
							"size": [0.75, 3.15, 15.1],
							"uv": {
								"north": {"uv": [27, 24], "uv_size": [1, 3]},
								"east": {"uv": [6, 0], "uv_size": [15, 3]},
								"south": {"uv": [22, 32], "uv_size": [1, 3]},
								"west": {"uv": [6, 3], "uv_size": [15, 3]},
								"up": {"uv": [0, 15], "uv_size": [1, 15]},
								"down": {"uv": [1, 30], "uv_size": [1, -15]}
							}
						},
						{
							"origin": [-0.5, 2.7, -21.375],
							"size": [1, 1.5, 4],
							"pivot": [-0.125, 3.2, -14.925],
							"rotation": [-67.5, 0, 0],
							"uv": {
								"north": {"uv": [27, 36], "uv_size": [1, 1.5]},
								"east": {"uv": [26, 8], "uv_size": [4, 1.5]},
								"south": {"uv": [28, 36], "uv_size": [1, 1.5]},
								"west": {"uv": [24, 27], "uv_size": [4, 1.5]},
								"up": {"uv": [31, 0], "uv_size": [1, 4]},
								"down": {"uv": [31, 18], "uv_size": [1, -4]}
							}
						}
					]
				},
				{
					"name": "ld_gunbody",
					"parent": "lod_m4",
					"pivot": [0, 0, -8]
				},
				{
					"name": "ld_barrel",
					"parent": "ld_gunbody",
					"pivot": [0, 9.53202, -16.98409],
					"cubes": [
						{
							"origin": [-0.31517, 9.21685, -23.88378],
							"size": [0.63033, 0.63033, 8.06931],
							"pivot": [0, 9.53202, -16.98409],
							"rotation": [0, 0, -45],
							"uv": {
								"north": {"uv": [40, 19], "uv_size": [0.5, 0.5]},
								"east": {"uv": [28, 21], "uv_size": [8, 0.5]},
								"south": {"uv": [20, 40], "uv_size": [0.5, 0.5]},
								"west": {"uv": [31, 20], "uv_size": [8, 0.5]},
								"up": {"uv": [24, 31], "uv_size": [0.5, 8]},
								"down": {"uv": [25, 39], "uv_size": [0.5, -8]}
							}
						},
						{
							"origin": [-0.2633, 9.26872, -26.53049],
							"size": [0.52659, 0.52659, 17.66275],
							"pivot": [0, 9.53202, -17.64488],
							"rotation": [0, 0, -45],
							"uv": {
								"north": {"uv": [21, 40], "uv_size": [0.5, 0.5]},
								"east": {"uv": [24, 4], "uv_size": [17.5, 0.5]},
								"south": {"uv": [40, 21], "uv_size": [0.5, 0.5]},
								"west": {"uv": [24, 5], "uv_size": [17.5, 0.5]},
								"up": {"uv": [4, 24], "uv_size": [0.5, 17.5]},
								"down": {"uv": [5, 41.5], "uv_size": [0.5, -17.5]}
							}
						},
						{
							"origin": [-0.31517, 9.21685, -26.93378],
							"size": [0.63033, 0.63033, 2.61931],
							"pivot": [0, 9.53202, -16.98409],
							"rotation": [0, 0, -45],
							"uv": {
								"north": {"uv": [22, 40], "uv_size": [0.5, 0.5]},
								"east": {"uv": [17, 37], "uv_size": [2.5, 0.5]},
								"south": {"uv": [40, 22], "uv_size": [0.5, 0.5]},
								"west": {"uv": [37, 17], "uv_size": [2.5, 0.5]},
								"up": {"uv": [20, 37], "uv_size": [0.5, 2.5]},
								"down": {"uv": [22, 39.5], "uv_size": [0.5, -2.5]}
							}
						}
					]
				},
				{
					"name": "ld_buffer",
					"parent": "ld_gunbody",
					"pivot": [-0.31262, 9.43115, -0.28907],
					"cubes": [
						{
							"origin": [-0.88119, 8.20243, 0.13745],
							"size": [1.72661, 1.72661, 0.96479],
							"pivot": [-0.54585, 9.30971, 0.59636],
							"rotation": [0, 0, -45],
							"uv": {
								"north": {"uv": [34, 24], "uv_size": [1.5, 1.5]},
								"east": {"uv": [36, 28], "uv_size": [1, 1.5]},
								"south": {"uv": [34, 26], "uv_size": [1.5, 1.5]},
								"west": {"uv": [36, 30], "uv_size": [1, 1.5]},
								"up": {"uv": [17, 20], "uv_size": [1.5, 1]},
								"down": {"uv": [29, 19], "uv_size": [1.5, -1]}
							}
						},
						{
							"origin": [-0.88119, 8.20243, -0.40234],
							"size": [1.72661, 0.32661, 0.53979],
							"pivot": [-0.54585, 9.30971, 1.63157],
							"rotation": [0, 0, -45],
							"uv": {
								"north": {"uv": [38, 22], "uv_size": [1.5, 0.5]},
								"east": {"uv": [23, 40], "uv_size": [0.5, 0.5]},
								"south": {"uv": [38, 23], "uv_size": [1.5, 0.5]},
								"west": {"uv": [40, 23], "uv_size": [0.5, 0.5]},
								"up": {"uv": [38, 24], "uv_size": [1.5, 0.5]},
								"down": {"uv": [27, 38.5], "uv_size": [1.5, -0.5]}
							}
						},
						{
							"origin": [-0.84543, 8.20243, -0.40234],
							"size": [1.72661, 0.32661, 0.53979],
							"pivot": [0.54585, 9.30971, 1.63157],
							"rotation": [0, 0, 45],
							"uv": {
								"north": {"uv": [38, 29], "uv_size": [1.5, 0.5]},
								"east": {"uv": [24, 40], "uv_size": [0.5, 0.5]},
								"south": {"uv": [30, 38], "uv_size": [1.5, 0.5]},
								"west": {"uv": [40, 24], "uv_size": [0.5, 0.5]},
								"up": {"uv": [38, 30], "uv_size": [1.5, 0.5]},
								"down": {"uv": [38, 31.5], "uv_size": [1.5, -0.5]}
							}
						},
						{
							"origin": [-0.77207, 8.31151, -0.11783],
							"size": [1.58263, 1.58263, 2.01327],
							"pivot": [-0.46469, 9.32646, 0.14772],
							"rotation": [0, 0, -45],
							"uv": {
								"north": {"uv": [27, 34], "uv_size": [1.5, 1.5]},
								"east": {"uv": [32, 24], "uv_size": [2, 1.5]},
								"south": {"uv": [34, 28], "uv_size": [1.5, 1.5]},
								"west": {"uv": [28, 32], "uv_size": [2, 1.5]},
								"up": {"uv": [0, 33], "uv_size": [1.5, 2]},
								"down": {"uv": [2, 35], "uv_size": [1.5, -2]}
							}
						},
						{
							"origin": [-0.50468, 8.79698, 1.6409],
							"size": [0.98888, 0.98888, 9.23576],
							"pivot": [-0.31262, 9.43115, -0.28907],
							"rotation": [0, 0, -45],
							"uv": {
								"north": {"uv": [22, 20], "uv_size": [1, 1]},
								"east": {"uv": [23, 22], "uv_size": [9, 1]},
								"south": {"uv": [27, 19], "uv_size": [1, 1]},
								"west": {"uv": [23, 23], "uv_size": [9, 1]},
								"up": {"uv": [2, 24], "uv_size": [1, 9]},
								"down": {"uv": [3, 33], "uv_size": [1, -9]}
							}
						},
						{
							"origin": [-0.48065, 8.81851, 3.8992],
							"size": [0.94179, 0.94179, 6.46501],
							"pivot": [-0.29773, 9.42248, -0.26981],
							"rotation": [0, 0, -45],
							"uv": {
								"north": {"uv": [32, 26], "uv_size": [1, 1]},
								"east": {"uv": [25, 10], "uv_size": [6.5, 1]},
								"south": {"uv": [23, 34], "uv_size": [1, 1]},
								"west": {"uv": [25, 11], "uv_size": [6.5, 1]},
								"up": {"uv": [22, 25], "uv_size": [1, 6.5]},
								"down": {"uv": [23, 33.5], "uv_size": [1, -6.5]}
							}
						}
					]
				},
				{
					"name": "ld_grip",
					"parent": "ld_gunbody",
					"pivot": [0, 4.58039, 0.23945],
					"cubes": [
						{
							"origin": [-0.625, 5.475, -2],
							"size": [1.25, 1.525, 1.7],
							"uv": {
								"north": {"uv": [34, 30], "uv_size": [1.5, 1.5]},
								"east": {"uv": [34, 32], "uv_size": [1.5, 1.5]},
								"south": {"uv": [34, 34], "uv_size": [1.5, 1.5]},
								"west": {"uv": [0, 35], "uv_size": [1.5, 1.5]},
								"up": {"uv": [35, 0], "uv_size": [1.5, 1.5]},
								"down": {"uv": [2, 36.5], "uv_size": [1.5, -1.5]}
							}
						},
						{
							"origin": [-0.625, 2.68178, -0.8108],
							"size": [1.25, 3.875, 1.625],
							"inflate": 0.001,
							"pivot": [0, 4.46928, 0.0767],
							"rotation": [30.75, 0, 0],
							"uv": {
								"north": {"uv": [6, 28], "uv_size": [1.5, 4]},
								"east": {"uv": [8, 28], "uv_size": [1.5, 4]},
								"south": {"uv": [13, 28], "uv_size": [1.5, 4]},
								"west": {"uv": [15, 28], "uv_size": [1.5, 4]},
								"up": {"uv": [6, 35], "uv_size": [1.5, 1.5]},
								"down": {"uv": [35, 7.5], "uv_size": [1.5, -1.5]}
							}
						},
						{
							"origin": [-0.625, 2.69492, 0.46508],
							"size": [1.25, 3.9, 0.575],
							"pivot": [0, 4.65742, 0.22758],
							"rotation": [39.25, 0, 0],
							"uv": {
								"north": {"uv": [28, 24], "uv_size": [1.5, 4]},
								"east": {"uv": [12, 36], "uv_size": [0.5, 4]},
								"south": {"uv": [28, 28], "uv_size": [1.5, 4]},
								"west": {"uv": [13, 36], "uv_size": [0.5, 4]},
								"up": {"uv": [38, 32], "uv_size": [1.5, 0.5]},
								"down": {"uv": [38, 33.5], "uv_size": [1.5, -0.5]}
							}
						},
						{
							"origin": [-0.625, 2.55539, -0.82305],
							"size": [1.25, 0.6, 2.575],
							"pivot": [0, 4.58039, 0.23945],
							"rotation": [16.75, 0, 0],
							"uv": {
								"north": {"uv": [34, 38], "uv_size": [1.5, 0.5]},
								"east": {"uv": [37, 18], "uv_size": [2.5, 0.5]},
								"south": {"uv": [38, 34], "uv_size": [1.5, 0.5]},
								"west": {"uv": [37, 19], "uv_size": [2.5, 0.5]},
								"up": {"uv": [31, 27], "uv_size": [1.5, 2.5]},
								"down": {"uv": [31, 32.5], "uv_size": [1.5, -2.5]}
							}
						}
					]
				},
				{
					"name": "ld_trigger",
					"parent": "ld_grip",
					"pivot": [0.575, 0, -8],
					"cubes": [
						{
							"origin": [0, 5.575, -4.7],
							"size": [0, 1.425, 2.8],
							"uv": {
								"north": {"uv": [0, 0], "uv_size": [0, 1.5]},
								"east": {"uv": [28, 19], "uv_size": [3, 1.5]},
								"south": {"uv": [0, 0], "uv_size": [0, 1.5]},
								"west": {"uv": [24, 29], "uv_size": [3, 1.5]},
								"up": {"uv": [0, 0], "uv_size": [0, 3]},
								"down": {"uv": [0, 3], "uv_size": [0, -3]}
							}
						}
					]
				},
				{
					"name": "ld_body",
					"parent": "ld_gunbody",
					"pivot": [0, 0, -8]
				},
				{
					"name": "ld_upper",
					"parent": "ld_body",
					"pivot": [-0.0375, 0, -8],
					"cubes": [
						{
							"origin": [-0.69538, 9.20354, -2.55902],
							"size": [1.13196, 0.75696, 3.3878],
							"pivot": [-0.1669, 9.53202, -2.52762],
							"rotation": [0, -22.5, 0],
							"uv": {
								"north": {"uv": [29, 34], "uv_size": [1, 1]},
								"east": {"uv": [32, 3], "uv_size": [3.5, 1]},
								"south": {"uv": [35, 2], "uv_size": [1, 1]},
								"west": {"uv": [32, 11], "uv_size": [3.5, 1]},
								"up": {"uv": [26, 31], "uv_size": [1, 3.5]},
								"down": {"uv": [32, 15.5], "uv_size": [1, -3.5]}
							}
						},
						{
							"origin": [-0.80754, 8.33325, -8.56547],
							"size": [1.58231, 1.58231, 8.88094],
							"pivot": [-0.50023, 9.34799, 0.32905],
							"rotation": [0, 0, -45],
							"uv": {
								"north": {"uv": [8, 35], "uv_size": [1.5, 1.5]},
								"east": {"uv": [17, 14], "uv_size": [9, 1.5]},
								"south": {"uv": [35, 8], "uv_size": [1.5, 1.5]},
								"west": {"uv": [10, 18], "uv_size": [9, 1.5]},
								"up": {"uv": [2, 15], "uv_size": [1.5, 9]},
								"down": {"uv": [4, 24], "uv_size": [1.5, -9]}
							}
						},
						{
							"origin": [0.3875, 10, -7.25],
							"size": [0.3, 0.65, 1.1],
							"uv": {
								"north": {"uv": [25, 40], "uv_size": [0.5, 0.5]},
								"east": {"uv": [2, 40], "uv_size": [1, 0.5]},
								"south": {"uv": [40, 25], "uv_size": [0.5, 0.5]},
								"west": {"uv": [3, 40], "uv_size": [1, 0.5]},
								"up": {"uv": [6, 40], "uv_size": [0.5, 1]},
								"down": {"uv": [7, 41], "uv_size": [0.5, -1]}
							}
						},
						{
							"origin": [-2.02558, 9.26035, 0.56322],
							"size": [0.6003, 0.6003, 0.28014],
							"pivot": [-1.72543, 9.5855, 0.70329],
							"rotation": [16.32495, -15.69986, -47.26579],
							"uv": {
								"north": {"uv": [26, 40], "uv_size": [0.5, 0.5]},
								"east": {"uv": [40, 26], "uv_size": [0.5, 0.5]},
								"south": {"uv": [27, 40], "uv_size": [0.5, 0.5]},
								"west": {"uv": [40, 27], "uv_size": [0.5, 0.5]},
								"up": {"uv": [28, 40], "uv_size": [0.5, 0.5]},
								"down": {"uv": [40, 28.5], "uv_size": [0.5, -0.5]}
							}
						},
						{
							"origin": [-1.88803, 9.36796, 0.41994],
							"size": [0.3902, 0.39019, 0.18209],
							"pivot": [-1.69293, 9.57931, 0.64099],
							"rotation": [16.32495, -15.69986, -47.26579],
							"uv": {
								"north": {"uv": [29, 40], "uv_size": [0.5, 0.5]},
								"east": {"uv": [40, 29], "uv_size": [0.5, 0.5]},
								"south": {"uv": [30, 40], "uv_size": [0.5, 0.5]},
								"west": {"uv": [40, 30], "uv_size": [0.5, 0.5]},
								"up": {"uv": [31, 40], "uv_size": [0.5, 0.5]},
								"down": {"uv": [40, 31.5], "uv_size": [0.5, -0.5]}
							}
						}
					]
				},
				{
					"name": "ld_magwell",
					"parent": "ld_body",
					"pivot": [-0.0375, 0, -8],
					"cubes": [
						{
							"origin": [-0.7115, 8.10865, -7.99315],
							"size": [1.423, 0.675, 0.5],
							"pivot": [0, 8.39615, -7.75565],
							"rotation": [31, 0, 0],
							"uv": {
								"north": {"uv": [38, 35], "uv_size": [1.5, 0.5]},
								"east": {"uv": [40, 32], "uv_size": [0.5, 0.5]},
								"south": {"uv": [38, 36], "uv_size": [1.5, 0.5]},
								"west": {"uv": [33, 40], "uv_size": [0.5, 0.5]},
								"up": {"uv": [37, 38], "uv_size": [1.5, 0.5]},
								"down": {"uv": [38, 37.5], "uv_size": [1.5, -0.5]}
							}
						},
						{
							"origin": [-0.9125, 5.72895, -7.94752],
							"size": [1.825, 0.425, 3.35],
							"pivot": [0, 5.99145, -6.27252],
							"rotation": [-9.75, 0, 0],
							"uv": {
								"north": {"uv": [30, 37], "uv_size": [2, 0.5]},
								"east": {"uv": [17, 36], "uv_size": [3.5, 0.5]},
								"south": {"uv": [34, 37], "uv_size": [2, 0.5]},
								"west": {"uv": [36, 21], "uv_size": [3.5, 0.5]},
								"up": {"uv": [25, 16], "uv_size": [2, 3.5]},
								"down": {"uv": [18, 28.5], "uv_size": [2, -3.5]}
							}
						},
						{
							"origin": [-0.6375, 5.975, -5.925],
							"size": [1.425, 2.9, 0.775],
							"uv": {
								"north": {"uv": [18, 29], "uv_size": [1.5, 3]},
								"east": {"uv": [30, 32], "uv_size": [1, 3]},
								"south": {"uv": [0, 30], "uv_size": [1.5, 3]},
								"west": {"uv": [12, 33], "uv_size": [1, 3]},
								"up": {"uv": [31, 36], "uv_size": [1.5, 1]},
								"down": {"uv": [36, 33], "uv_size": [1.5, -1]}
							}
						},
						{
							"origin": [-0.6375, 7.725, -5.725],
							"size": [1.45, 0.225, 1.475],
							"uv": {
								"north": {"uv": [0, 39], "uv_size": [1.5, 0.5]},
								"east": {"uv": [39, 0], "uv_size": [1.5, 0.5]},
								"south": {"uv": [39, 1], "uv_size": [1.5, 0.5]},
								"west": {"uv": [2, 39], "uv_size": [1.5, 0.5]},
								"up": {"uv": [35, 12], "uv_size": [1.5, 1.5]},
								"down": {"uv": [22, 36.5], "uv_size": [1.5, -1.5]}
							}
						},
						{
							"origin": [-0.7125, 7.1, -4.65],
							"size": [1.425, 2, 0.675],
							"uv": {
								"north": {"uv": [33, 6], "uv_size": [1.5, 2]},
								"east": {"uv": [32, 37], "uv_size": [0.5, 2]},
								"south": {"uv": [33, 12], "uv_size": [1.5, 2]},
								"west": {"uv": [36, 37], "uv_size": [0.5, 2]},
								"up": {"uv": [39, 2], "uv_size": [1.5, 0.5]},
								"down": {"uv": [39, 3.5], "uv_size": [1.5, -0.5]}
							}
						},
						{
							"origin": [-0.5625, 8.075, -4.65],
							"size": [1.425, 0.65, 0.25],
							"uv": {
								"north": {"uv": [6, 39], "uv_size": [1.5, 0.5]},
								"east": {"uv": [40, 33], "uv_size": [0.5, 0.5]},
								"south": {"uv": [39, 6], "uv_size": [1.5, 0.5]},
								"west": {"uv": [34, 40], "uv_size": [0.5, 0.5]},
								"up": {"uv": [39, 7], "uv_size": [1.5, 0.5]},
								"down": {"uv": [8, 39.5], "uv_size": [1.5, -0.5]}
							}
						},
						{
							"origin": [-0.2125, 7.75, -4.9],
							"size": [1.425, 0.6, 0.775],
							"pivot": [0.175, 7.775, -5.5375],
							"rotation": [0, 0, -45],
							"uv": {
								"north": {"uv": [39, 8], "uv_size": [1.5, 0.5]},
								"east": {"uv": [8, 40], "uv_size": [1, 0.5]},
								"south": {"uv": [39, 9], "uv_size": [1.5, 0.5]},
								"west": {"uv": [9, 40], "uv_size": [1, 0.5]},
								"up": {"uv": [36, 33], "uv_size": [1.5, 1]},
								"down": {"uv": [34, 37], "uv_size": [1.5, -1]}
							}
						},
						{
							"origin": [0.78455, 8.70745, -4.775],
							"size": [0.2, 0.625, 0.5],
							"pivot": [0.92205, 8.93245, -4.525],
							"rotation": [0, 0, 10],
							"uv": {
								"north": {"uv": [40, 34], "uv_size": [0.5, 0.5]},
								"east": {"uv": [35, 40], "uv_size": [0.5, 0.5]},
								"south": {"uv": [40, 35], "uv_size": [0.5, 0.5]},
								"west": {"uv": [36, 40], "uv_size": [0.5, 0.5]},
								"up": {"uv": [40, 36], "uv_size": [0.5, 0.5]},
								"down": {"uv": [37, 40.5], "uv_size": [0.5, -0.5]}
							}
						},
						{
							"origin": [-0.8125, 7.275, -4.55],
							"size": [1.425, 0.75, 0.5],
							"uv": {
								"north": {"uv": [36, 34], "uv_size": [1.5, 1]},
								"east": {"uv": [10, 40], "uv_size": [0.5, 1]},
								"south": {"uv": [36, 35], "uv_size": [1.5, 1]},
								"west": {"uv": [11, 40], "uv_size": [0.5, 1]},
								"up": {"uv": [10, 39], "uv_size": [1.5, 0.5]},
								"down": {"uv": [39, 10.5], "uv_size": [1.5, -0.5]}
							}
						},
						{
							"origin": [-0.8125, 8.2, -7.8],
							"size": [0.425, 0.4, 3.825],
							"inflate": 0.01,
							"uv": {
								"north": {"uv": [40, 37], "uv_size": [0.5, 0.5]},
								"east": {"uv": [36, 14], "uv_size": [4, 0.5]},
								"south": {"uv": [38, 40], "uv_size": [0.5, 0.5]},
								"west": {"uv": [36, 15], "uv_size": [4, 0.5]},
								"up": {"uv": [14, 36], "uv_size": [0.5, 4]},
								"down": {"uv": [36, 20], "uv_size": [0.5, -4]}
							}
						},
						{
							"origin": [-0.7125, 5.55, -7.8],
							"size": [1.425, 3.55, 3.15],
							"uv": {
								"north": {"uv": [29, 0], "uv_size": [1.5, 3.5]},
								"east": {"uv": [21, 4], "uv_size": [3, 3.5]},
								"south": {"uv": [29, 14], "uv_size": [1.5, 3.5]},
								"west": {"uv": [17, 21], "uv_size": [3, 3.5]},
								"up": {"uv": [20, 30], "uv_size": [1.5, 3]},
								"down": {"uv": [30, 27], "uv_size": [1.5, -3]}
							}
						}
					]
				},
				{
					"name": "ld_lower",
					"parent": "ld_body",
					"pivot": [0.0125, 7.47633, 0.14778],
					"cubes": [
						{
							"origin": [-0.5625, 7, -8.325],
							"size": [1.125, 2, 8.025],
							"uv": {
								"north": {"uv": [18, 16], "uv_size": [1, 2]},
								"east": {"uv": [10, 16], "uv_size": [8, 2]},
								"south": {"uv": [26, 14], "uv_size": [1, 2]},
								"west": {"uv": [17, 10], "uv_size": [8, 2]},
								"up": {"uv": [12, 25], "uv_size": [1, 8]},
								"down": {"uv": [17, 33], "uv_size": [1, -8]}
							}
						},
						{
							"origin": [-0.5625, 8.025, -0.3],
							"size": [1.125, 0.975, 1.4],
							"uv": {
								"north": {"uv": [35, 10], "uv_size": [1, 1]},
								"east": {"uv": [36, 36], "uv_size": [1.5, 1]},
								"south": {"uv": [37, 37], "uv_size": [1, 1]},
								"west": {"uv": [0, 37], "uv_size": [1.5, 1]},
								"up": {"uv": [37, 0], "uv_size": [1, 1.5]},
								"down": {"uv": [2, 38.5], "uv_size": [1, -1.5]}
							}
						},
						{
							"origin": [-0.55, 7.66383, -0.41472],
							"size": [1.1, 0.575, 1.325],
							"pivot": [0.0125, 7.47633, 0.14778],
							"rotation": [35, 0, 0],
							"uv": {
								"north": {"uv": [12, 40], "uv_size": [1, 0.5]},
								"east": {"uv": [39, 11], "uv_size": [1.5, 0.5]},
								"south": {"uv": [13, 40], "uv_size": [1, 0.5]},
								"west": {"uv": [39, 12], "uv_size": [1.5, 0.5]},
								"up": {"uv": [3, 37], "uv_size": [1, 1.5]},
								"down": {"uv": [6, 38.5], "uv_size": [1, -1.5]}
							}
						}
					]
				},
				{
					"name": "ld_toprails",
					"parent": "ld_body",
					"pivot": [-0.00377, 10.8375, -0.075],
					"cubes": [
						{
							"origin": [-0.375, 10.05, -8.375],
							"size": [0.75, 1.05, 8.3],
							"uv": {
								"north": {"uv": [0, 38], "uv_size": [1, 1]},
								"east": {"uv": [24, 6], "uv_size": [8.5, 1]},
								"south": {"uv": [38, 0], "uv_size": [1, 1]},
								"west": {"uv": [24, 7], "uv_size": [8.5, 1]},
								"up": {"uv": [10, 25], "uv_size": [1, 8.5]},
								"down": {"uv": [11, 33.5], "uv_size": [1, -8.5]}
							}
						},
						{
							"origin": [-0.26627, 10.175, -0.3375],
							"size": [0.525, 0.85, 0.525],
							"pivot": [-0.00377, 10.8375, -0.075],
							"rotation": [0, 45, 0],
							"uv": {
								"north": {"uv": [40, 13], "uv_size": [0.5, 1]},
								"east": {"uv": [14, 40], "uv_size": [0.5, 1]},
								"south": {"uv": [40, 14], "uv_size": [0.5, 1]},
								"west": {"uv": [15, 40], "uv_size": [0.5, 1]},
								"up": {"uv": [39, 40], "uv_size": [0.5, 0.5]},
								"down": {"uv": [40, 39.5], "uv_size": [0.5, -0.5]}
							}
						}
					]
				},
				{
					"name": "ld_portgroup",
					"parent": "ld_body",
					"pivot": [-0.16279, 9.37035, -5.875],
					"cubes": [
						{
							"origin": [-1.0611, 9.6945, -4.09335],
							"size": [0.925, 0.75, 1.1],
							"pivot": [-0.5986, 10.0695, -3.54335],
							"rotation": [170.21055, -56.71942, -163.3335],
							"uv": {
								"north": {"uv": [1, 38], "uv_size": [1, 1]},
								"east": {"uv": [38, 1], "uv_size": [1, 1]},
								"south": {"uv": [38, 2], "uv_size": [1, 1]},
								"west": {"uv": [38, 3], "uv_size": [1, 1]},
								"up": {"uv": [38, 6], "uv_size": [1, 1]},
								"down": {"uv": [38, 8], "uv_size": [1, -1]}
							}
						},
						{
							"origin": [-0.91627, 8.05437, -7.6814],
							"size": [0.23196, 2.33196, 3.6128],
							"pivot": [-0.16279, 9.37035, -5.875],
							"rotation": [0, 0, 26.75],
							"uv": {
								"north": {"uv": [37, 22], "uv_size": [0.5, 2.5]},
								"east": {"uv": [23, 24], "uv_size": [3.5, 2.5]},
								"south": {"uv": [23, 37], "uv_size": [0.5, 2.5]},
								"west": {"uv": [6, 25], "uv_size": [3.5, 2.5]},
								"up": {"uv": [21, 36], "uv_size": [0.5, 3.5]},
								"down": {"uv": [36, 27.5], "uv_size": [0.5, -3.5]}
							}
						}
					]
				},
				{
					"name": "ld_pull",
					"parent": "ld_body",
					"pivot": [0.075, 0, -8],
					"cubes": [
						{
							"origin": [-1.175, 10.55, 0.125],
							"size": [2.35, 0.35, 0.6],
							"uv": {
								"north": {"uv": [37, 25], "uv_size": [2.5, 0.5]},
								"east": {"uv": [40, 40], "uv_size": [0.5, 0.5]},
								"south": {"uv": [37, 26], "uv_size": [2.5, 0.5]},
								"west": {"uv": [0, 41], "uv_size": [0.5, 0.5]},
								"up": {"uv": [37, 27], "uv_size": [2.5, 0.5]},
								"down": {"uv": [37, 28.5], "uv_size": [2.5, -0.5]}
							}
						}
					]
				},
				{
					"name": "ld_switch",
					"parent": "ld_body",
					"pivot": [0.425, 7.925, -1.2],
					"cubes": [
						{
							"origin": [0.575, 6.95, -1.36538],
							"size": [0.25, 0.975, 0.35],
							"uv": {
								"north": {"uv": [40, 15], "uv_size": [0.5, 1]},
								"east": {"uv": [16, 40], "uv_size": [0.5, 1]},
								"south": {"uv": [40, 16], "uv_size": [0.5, 1]},
								"west": {"uv": [17, 40], "uv_size": [0.5, 1]},
								"up": {"uv": [41, 0], "uv_size": [0.5, 0.5]},
								"down": {"uv": [1, 41.5], "uv_size": [0.5, -0.5]}
							}
						},
						{
							"origin": [-0.7, 7.6, -1.525],
							"size": [1.4, 0.65, 0.65],
							"pivot": [0.425, 7.925, -1.2],
							"rotation": [-45, 0, 0],
							"uv": {
								"north": {"uv": [15, 39], "uv_size": [1.5, 0.5]},
								"east": {"uv": [41, 1], "uv_size": [0.5, 0.5]},
								"south": {"uv": [39, 20], "uv_size": [1.5, 0.5]},
								"west": {"uv": [2, 41], "uv_size": [0.5, 0.5]},
								"up": {"uv": [24, 39], "uv_size": [1.5, 0.5]},
								"down": {"uv": [27, 39.5], "uv_size": [1.5, -0.5]}
							}
						}
					]
				},
				{
					"name": "ld_mag",
					"parent": "lod_m4",
					"pivot": [-0.0375, 0, -8],
					"cubes": [
						{
							"origin": [-0.5125, 1.27099, -8.11686],
							"size": [1.025, 4.525, 2.85],
							"pivot": [0, 3.52099, -6.69186],
							"rotation": [-12, 0, 0],
							"uv": {
								"north": {"uv": [27, 29], "uv_size": [1, 4.5]},
								"east": {"uv": [19, 16], "uv_size": [3, 4.5]},
								"south": {"uv": [30, 27], "uv_size": [1, 4.5]},
								"west": {"uv": [10, 20], "uv_size": [3, 4.5]},
								"up": {"uv": [17, 33], "uv_size": [1, 3]},
								"down": {"uv": [20, 36], "uv_size": [1, -3]}
							}
						},
						{
							"origin": [-0.5125, 5.45, -7.675],
							"size": [1.025, 3.55, 2.85],
							"inflate": 0.001,
							"uv": {
								"north": {"uv": [13, 32], "uv_size": [1, 3.5]},
								"east": {"uv": [20, 21], "uv_size": [3, 3.5]},
								"south": {"uv": [14, 32], "uv_size": [1, 3.5]},
								"west": {"uv": [22, 16], "uv_size": [3, 3.5]},
								"up": {"uv": [21, 33], "uv_size": [1, 3]},
								"down": {"uv": [33, 29], "uv_size": [1, -3]}
							}
						},
						{
							"origin": [-0.5125, 9, -6.475],
							"size": [1.025, 0.3, 1.65],
							"uv": {
								"north": {"uv": [40, 17], "uv_size": [1, 0.5]},
								"east": {"uv": [30, 39], "uv_size": [1.5, 0.5]},
								"south": {"uv": [18, 40], "uv_size": [1, 0.5]},
								"west": {"uv": [34, 39], "uv_size": [1.5, 0.5]},
								"up": {"uv": [37, 6], "uv_size": [1, 1.5]},
								"down": {"uv": [7, 38.5], "uv_size": [1, -1.5]}
							}
						}
					]
				},
				{
					"name": "ld_stock",
					"parent": "lod_m4",
					"pivot": [0, 6.96886, 9.85165],
					"cubes": [
						{
							"origin": [-0.87618, 8.2455, 4.08479],
							"size": [1.7168, 1.7168, 7.9357],
							"pivot": [-0.54275, 9.34649, -1.12539],
							"rotation": [0, 0, -45],
							"uv": {
								"north": {"uv": [35, 22], "uv_size": [1.5, 1.5]},
								"east": {"uv": [21, 0], "uv_size": [8, 1.5]},
								"south": {"uv": [29, 35], "uv_size": [1.5, 1.5]},
								"west": {"uv": [21, 2], "uv_size": [8, 1.5]},
								"up": {"uv": [13, 20], "uv_size": [1.5, 8]},
								"down": {"uv": [15, 28], "uv_size": [1.5, -8]}
							}
						},
						{
							"origin": [-0.378, 6.40619, 6.5093],
							"size": [0.756, 2.80585, 0.756],
							"pivot": [0, 7.46406, 6.8873],
							"rotation": [0, 45, 0],
							"uv": {
								"north": {"uv": [33, 29], "uv_size": [1, 3]},
								"east": {"uv": [31, 33], "uv_size": [1, 3]},
								"south": {"uv": [32, 33], "uv_size": [1, 3]},
								"west": {"uv": [33, 32], "uv_size": [1, 3]},
								"up": {"uv": [8, 38], "uv_size": [1, 1]},
								"down": {"uv": [9, 39], "uv_size": [1, -1]}
							}
						},
						{
							"origin": [-0.10402, 7.053, 5.32127],
							"size": [0.20804, 2.33304, 6.79863],
							"uv": {
								"north": {"uv": [29, 37], "uv_size": [0.5, 2.5]},
								"east": {"uv": [10, 10], "uv_size": [7, 2.5]},
								"south": {"uv": [37, 29], "uv_size": [0.5, 2.5]},
								"west": {"uv": [10, 13], "uv_size": [7, 2.5]},
								"up": {"uv": [15, 32], "uv_size": [0.5, 7]},
								"down": {"uv": [16, 39], "uv_size": [0.5, -7]}
							}
						},
						{
							"origin": [-0.67902, 6.74847, 5.82001],
							"size": [1.35804, 0.95804, 2.47363],
							"uv": {
								"north": {"uv": [8, 37], "uv_size": [1.5, 1]},
								"east": {"uv": [33, 14], "uv_size": [2.5, 1]},
								"south": {"uv": [37, 8], "uv_size": [1.5, 1]},
								"west": {"uv": [33, 15], "uv_size": [2.5, 1]},
								"up": {"uv": [32, 0], "uv_size": [1.5, 2.5]},
								"down": {"uv": [6, 34.5], "uv_size": [1.5, -2.5]}
							}
						},
						{
							"origin": [-0.67902, 5.08262, 7.64171],
							"size": [1.35804, 0.95804, 2.37363],
							"inflate": -0.001,
							"pivot": [0, 6.08664, 9.97853],
							"rotation": [-45, 0, 0],
							"uv": {
								"north": {"uv": [37, 9], "uv_size": [1.5, 1]},
								"east": {"uv": [33, 18], "uv_size": [2.5, 1]},
								"south": {"uv": [37, 12], "uv_size": [1.5, 1]},
								"west": {"uv": [33, 19], "uv_size": [2.5, 1]},
								"up": {"uv": [8, 32], "uv_size": [1.5, 2.5]},
								"down": {"uv": [32, 10.5], "uv_size": [1.5, -2.5]}
							}
						},
						{
							"origin": [-0.37902, 5.69732, 8.41371],
							"size": [0.75804, 1.10804, 3.47363],
							"pivot": [0, 6.60134, 9.65053],
							"rotation": [-22.5, 0, 0],
							"uv": {
								"north": {"uv": [38, 10], "uv_size": [1, 1]},
								"east": {"uv": [32, 16], "uv_size": [3.5, 1]},
								"south": {"uv": [38, 11], "uv_size": [1, 1]},
								"west": {"uv": [32, 17], "uv_size": [3.5, 1]},
								"up": {"uv": [18, 32], "uv_size": [1, 3.5]},
								"down": {"uv": [19, 35.5], "uv_size": [1, -3.5]}
							}
						},
						{
							"origin": [-0.85402, 4.68168, 11.58676],
							"size": [1.70804, 4.55804, 0.57363],
							"pivot": [0, 7.4357, 11.98607],
							"rotation": [-9, 0, 0],
							"uv": {
								"north": {"uv": [20, 25], "uv_size": [1.5, 4.5]},
								"east": {"uv": [26, 35], "uv_size": [0.5, 4.5]},
								"south": {"uv": [27, 14], "uv_size": [1.5, 4.5]},
								"west": {"uv": [33, 35], "uv_size": [0.5, 4.5]},
								"up": {"uv": [36, 39], "uv_size": [1.5, 0.5]},
								"down": {"uv": [38, 39.5], "uv_size": [1.5, -0.5]}
							}
						},
						{
							"origin": [-0.8584, 8.68776, 12.02229],
							"size": [1.7168, 1.7168, 0.42476],
							"pivot": [0, 9.54616, 14.42139],
							"rotation": [0, 0, -45],
							"uv": {
								"north": {"uv": [36, 2], "uv_size": [1.5, 1.5]},
								"east": {"uv": [19, 38], "uv_size": [0.5, 1.5]},
								"south": {"uv": [36, 10], "uv_size": [1.5, 1.5]},
								"west": {"uv": [32, 39], "uv_size": [0.5, 1.5]},
								"up": {"uv": [39, 38], "uv_size": [1.5, 0.5]},
								"down": {"uv": [0, 40.5], "uv_size": [1.5, -0.5]}
							}
						},
						{
							"origin": [-0.37902, 7.0301, 5.3373],
							"size": [0.75804, 0.23304, 3.24863],
							"uv": {
								"north": {"uv": [40, 18], "uv_size": [1, 0.5]},
								"east": {"uv": [37, 13], "uv_size": [3, 0.5]},
								"south": {"uv": [19, 40], "uv_size": [1, 0.5]},
								"west": {"uv": [37, 16], "uv_size": [3, 0.5]},
								"up": {"uv": [34, 0], "uv_size": [1, 3]},
								"down": {"uv": [34, 11], "uv_size": [1, -3]}
							}
						},
						{
							"origin": [-0.10402, 6.52734, 7.36483],
							"size": [0.20804, 2.10804, 5.07363],
							"inflate": -0.001,
							"pivot": [0, 6.96886, 9.85165],
							"rotation": [-45, 0, 0],
							"uv": {
								"north": {"uv": [17, 38], "uv_size": [0.5, 2]},
								"east": {"uv": [21, 8], "uv_size": [5, 2]},
								"south": {"uv": [18, 38], "uv_size": [0.5, 2]},
								"west": {"uv": [23, 20], "uv_size": [5, 2]},
								"up": {"uv": [10, 34], "uv_size": [0.5, 5]},
								"down": {"uv": [11, 39], "uv_size": [0.5, -5]}
							}
						}
					]
				},
				{
					"name": "positioning",
					"pivot": [0, 0, -8]
				},
				{
					"name": "thirdperson_hand",
					"parent": "positioning",
					"pivot": [0, 5.875, -2.65]
				},
				{
					"name": "ground",
					"parent": "positioning",
					"pivot": [0, -0.9, -7.35]
				},
				{
					"name": "fixed",
					"parent": "positioning",
					"pivot": [1, 8.1, -6.775],
					"rotation": [0, 90, 0]
				},
				{
					"name": "shell",
					"parent": "positioning",
					"pivot": [-0.75, 10, -6]
				},
				{
					"name": "muzzle_flash",
					"parent": "positioning",
					"pivot": [0, 9.5, -27]
				}
			]
		}
	]
}