{
	"format_version": "1.12.0",
	"minecraft:geometry": [
		{
			"description": {
				"identifier": "geometry.unknown",
				"texture_width": 16,
				"texture_height": 16,
				"visible_bounds_width": 2,
				"visible_bounds_height": 1.5,
				"visible_bounds_offset": [0, 0.25, 0]
			},
			"bones": [
				{
					"name": "a3_grip",
					"pivot": [0, 0, -0.25],
					"cubes": [
						{
							"origin": [-0.375, -0.53125, -1.68748],
							"size": [0.75, 0.2625, 3.75],
							"uv": {
								"north": {"uv": [8, 0], "uv_size": [1, 1]},
								"east": {"uv": [0, 0], "uv_size": [4, 1]},
								"south": {"uv": [8, 1], "uv_size": [1, 1]},
								"west": {"uv": [0, 1], "uv_size": [4, 1]},
								"up": {"uv": [0, 2], "uv_size": [1, 4]},
								"down": {"uv": [1, 6], "uv_size": [1, -4]}
							}
						},
						{
							"origin": [-0.375, -1.39375, -1.48748],
							"size": [0.75, 0.8625, 0.275],
							"uv": {
								"north": {"uv": [15, 2], "uv_size": [1, 1]},
								"east": {"uv": [3, 15], "uv_size": [1, 1]},
								"south": {"uv": [15, 3], "uv_size": [1, 1]},
								"west": {"uv": [4, 15], "uv_size": [1, 1]},
								"up": {"uv": [15, 4], "uv_size": [1, 1]},
								"down": {"uv": [5, 16], "uv_size": [1, -1]}
							}
						},
						{
							"origin": [-0.35, -0.94375, -1.31248],
							"size": [0.7, 0.5875, 0.2],
							"pivot": [0, -0.725, -1.11248],
							"rotation": [-40, 0, 0],
							"uv": {
								"north": {"uv": [15, 5], "uv_size": [1, 1]},
								"east": {"uv": [6, 15], "uv_size": [1, 1]},
								"south": {"uv": [15, 6], "uv_size": [1, 1]},
								"west": {"uv": [7, 15], "uv_size": [1, 1]},
								"up": {"uv": [15, 7], "uv_size": [1, 1]},
								"down": {"uv": [8, 16], "uv_size": [1, -1]}
							}
						},
						{
							"origin": [-0.35, -1.41875, -1.68748],
							"size": [0.7, 0.8875, 0.2],
							"pivot": [0, -0.5375, -1.68748],
							"rotation": [12, 0, 0],
							"uv": {
								"north": {"uv": [15, 8], "uv_size": [1, 1]},
								"east": {"uv": [9, 15], "uv_size": [1, 1]},
								"south": {"uv": [15, 9], "uv_size": [1, 1]},
								"west": {"uv": [10, 15], "uv_size": [1, 1]},
								"up": {"uv": [15, 10], "uv_size": [1, 1]},
								"down": {"uv": [11, 16], "uv_size": [1, -1]}
							}
						},
						{
							"origin": [-0.275, -0.79375, 1.01252],
							"size": [0.55, 0.38021, 1.42871],
							"uv": {
								"north": {"uv": [9, 0], "uv_size": [1, 1]},
								"east": {"uv": [9, 1], "uv_size": [1, 1]},
								"south": {"uv": [12, 0], "uv_size": [1, 1]},
								"west": {"uv": [12, 1], "uv_size": [1, 1]},
								"up": {"uv": [2, 12], "uv_size": [1, 1]},
								"down": {"uv": [12, 3], "uv_size": [1, -1]}
							}
						},
						{
							"origin": [-0.125, -2.61875, 1.86252],
							"size": [0.25, 0.25521, 1.42871],
							"pivot": [-0.1, -2.60364, 1.72688],
							"rotation": [45, 0, 0],
							"uv": {
								"north": {"uv": [4, 14], "uv_size": [1, 1]},
								"east": {"uv": [14, 4], "uv_size": [1, 1]},
								"south": {"uv": [5, 14], "uv_size": [1, 1]},
								"west": {"uv": [14, 5], "uv_size": [1, 1]},
								"up": {"uv": [6, 14], "uv_size": [1, 1]},
								"down": {"uv": [14, 7], "uv_size": [1, -1]}
							}
						},
						{
							"origin": [-0.125, -3.20066, 2.03401],
							"size": [0.25, 0.25521, 1.42871],
							"pivot": [-0.125, -3.07305, 2.74837],
							"rotation": [2.5, 0, 0],
							"uv": {
								"north": {"uv": [7, 14], "uv_size": [1, 1]},
								"east": {"uv": [14, 7], "uv_size": [1, 1]},
								"south": {"uv": [8, 14], "uv_size": [1, 1]},
								"west": {"uv": [14, 8], "uv_size": [1, 1]},
								"up": {"uv": [9, 14], "uv_size": [1, 1]},
								"down": {"uv": [14, 10], "uv_size": [1, -1]}
							}
						},
						{
							"origin": [-0.325, -4.14375, 2.16252],
							"size": [0.65, 0.2625, 1.3],
							"uv": {
								"north": {"uv": [13, 8], "uv_size": [1, 1]},
								"east": {"uv": [9, 13], "uv_size": [1, 1]},
								"south": {"uv": [13, 9], "uv_size": [1, 1]},
								"west": {"uv": [10, 13], "uv_size": [1, 1]},
								"up": {"uv": [13, 10], "uv_size": [1, 1]},
								"down": {"uv": [11, 14], "uv_size": [1, -1]}
							}
						},
						{
							"origin": [-0.3, -4.14375, 3.46252],
							"size": [0.6, 0.2625, 0.5],
							"pivot": [-0.125, -4.1375, 3.46252],
							"rotation": [30, 0, 0],
							"uv": {
								"north": {"uv": [13, 11], "uv_size": [1, 1]},
								"east": {"uv": [12, 13], "uv_size": [1, 1]},
								"south": {"uv": [13, 12], "uv_size": [1, 1]},
								"west": {"uv": [13, 13], "uv_size": [1, 1]},
								"up": {"uv": [0, 14], "uv_size": [1, 1]},
								"down": {"uv": [14, 1], "uv_size": [1, -1]}
							}
						},
						{
							"origin": [-0.275, -3.89375, 3.89553],
							"size": [0.55, 0.2625, 0.25],
							"pivot": [-0.125, -3.8875, 3.89553],
							"rotation": [81, 0, 0],
							"uv": {
								"north": {"uv": [1, 14], "uv_size": [1, 1]},
								"east": {"uv": [14, 1], "uv_size": [1, 1]},
								"south": {"uv": [2, 14], "uv_size": [1, 1]},
								"west": {"uv": [14, 2], "uv_size": [1, 1]},
								"up": {"uv": [3, 14], "uv_size": [1, 1]},
								"down": {"uv": [14, 4], "uv_size": [1, -1]}
							}
						},
						{
							"origin": [-0.4, -0.17719, 0.58175],
							"size": [0.8, 0.3625, 1.1],
							"pivot": [0, -1.94594, 1.83175],
							"rotation": [25, 0, 0],
							"uv": {
								"north": {"uv": [3, 12], "uv_size": [1, 1]},
								"east": {"uv": [12, 3], "uv_size": [1, 1]},
								"south": {"uv": [4, 12], "uv_size": [1, 1]},
								"west": {"uv": [12, 4], "uv_size": [1, 1]},
								"up": {"uv": [5, 12], "uv_size": [1, 1]},
								"down": {"uv": [12, 6], "uv_size": [1, -1]}
							}
						},
						{
							"origin": [-0.4, -3.45219, 0.75675],
							"size": [0.8, 3.275, 0.925],
							"pivot": [0, -1.94594, 1.83175],
							"rotation": [25, 0, 0],
							"uv": {
								"north": {"uv": [8, 6], "uv_size": [1, 3]},
								"east": {"uv": [9, 6], "uv_size": [1, 3]},
								"south": {"uv": [8, 9], "uv_size": [1, 3]},
								"west": {"uv": [9, 9], "uv_size": [1, 3]},
								"up": {"uv": [10, 14], "uv_size": [1, 1]},
								"down": {"uv": [14, 11], "uv_size": [1, -1]}
							}
						},
						{
							"origin": [-0.225, -3.95637, 0.63256],
							"size": [0.45, 3.2875, 0.175],
							"pivot": [0.025, -2.31262, 0.72006],
							"rotation": [25, 0, 0],
							"uv": {
								"north": {"uv": [0, 10], "uv_size": [1, 3]},
								"east": {"uv": [10, 0], "uv_size": [1, 3]},
								"south": {"uv": [1, 10], "uv_size": [1, 3]},
								"west": {"uv": [10, 3], "uv_size": [1, 3]},
								"up": {"uv": [14, 14], "uv_size": [1, 1]},
								"down": {"uv": [0, 16], "uv_size": [1, -1]}
							}
						},
						{
							"origin": [0.225, -4.14854, -0.02025],
							"size": [0.23865, 3.2875, 0.16098],
							"pivot": [0.225, -0.90479, -0.04676],
							"rotation": [33.4032, -39.85571, -22.90981],
							"uv": {
								"north": {"uv": [11, 0], "uv_size": [1, 3]},
								"east": {"uv": [11, 3], "uv_size": [1, 3]},
								"south": {"uv": [11, 6], "uv_size": [1, 3]},
								"west": {"uv": [11, 9], "uv_size": [1, 3]},
								"up": {"uv": [15, 1], "uv_size": [1, 1]},
								"down": {"uv": [2, 16], "uv_size": [1, -1]}
							}
						},
						{
							"origin": [-0.45633, -4.14854, -0.03793],
							"size": [0.23133, 3.2875, 0.17866],
							"pivot": [-0.2, -0.90479, -0.04676],
							"rotation": [33.4032, 39.85571, 22.90981],
							"uv": {
								"north": {"uv": [6, 10], "uv_size": [1, 3]},
								"east": {"uv": [10, 6], "uv_size": [1, 3]},
								"south": {"uv": [7, 10], "uv_size": [1, 3]},
								"west": {"uv": [10, 9], "uv_size": [1, 3]},
								"up": {"uv": [15, 0], "uv_size": [1, 1]},
								"down": {"uv": [1, 16], "uv_size": [1, -1]}
							}
						},
						{
							"origin": [-0.375, -4.07719, 0.58175],
							"size": [0.75, 0.6375, 1.1],
							"pivot": [0, -1.94594, 1.83175],
							"rotation": [25, 0, 0],
							"uv": {
								"north": {"uv": [11, 14], "uv_size": [1, 1]},
								"east": {"uv": [14, 11], "uv_size": [1, 1]},
								"south": {"uv": [12, 14], "uv_size": [1, 1]},
								"west": {"uv": [14, 12], "uv_size": [1, 1]},
								"up": {"uv": [13, 14], "uv_size": [1, 1]},
								"down": {"uv": [14, 14], "uv_size": [1, -1]}
							}
						},
						{
							"origin": [-0.25, -4.37719, 2.83175],
							"size": [0.5, 3.5625, 0.2],
							"pivot": [-0.025, -1.94594, 1.83175],
							"rotation": [25, 0, 0],
							"uv": {
								"north": {"uv": [2, 8], "uv_size": [1, 4]},
								"east": {"uv": [3, 8], "uv_size": [1, 4]},
								"south": {"uv": [4, 8], "uv_size": [1, 4]},
								"west": {"uv": [5, 8], "uv_size": [1, 4]},
								"up": {"uv": [13, 7], "uv_size": [1, 1]},
								"down": {"uv": [8, 14], "uv_size": [1, -1]}
							}
						},
						{
							"origin": [-0.35, -0.92574, -0.14474],
							"size": [0.7, 0.5625, 0.3],
							"pivot": [0, -0.79449, -0.19474],
							"rotation": [55, 0, 0],
							"uv": {
								"north": {"uv": [12, 6], "uv_size": [1, 1]},
								"east": {"uv": [12, 7], "uv_size": [1, 1]},
								"south": {"uv": [8, 12], "uv_size": [1, 1]},
								"west": {"uv": [12, 8], "uv_size": [1, 1]},
								"up": {"uv": [9, 12], "uv_size": [1, 1]},
								"down": {"uv": [12, 10], "uv_size": [1, -1]}
							}
						},
						{
							"origin": [-0.375, -4.46503, 1.33234],
							"size": [0.75, 0.3625, 0.2],
							"pivot": [0, -4.28378, 1.43234],
							"rotation": [25, 0, 0],
							"uv": {
								"north": {"uv": [10, 12], "uv_size": [1, 1]},
								"east": {"uv": [12, 10], "uv_size": [1, 1]},
								"south": {"uv": [11, 12], "uv_size": [1, 1]},
								"west": {"uv": [12, 11], "uv_size": [1, 1]},
								"up": {"uv": [12, 12], "uv_size": [1, 1]},
								"down": {"uv": [0, 14], "uv_size": [1, -1]}
							}
						},
						{
							"origin": [-0.35, -4.16236, 1.26247],
							"size": [0.7, 0.3625, 0.2],
							"pivot": [0, -4.15611, 1.26247],
							"rotation": [-12.5, 0, 0],
							"uv": {
								"north": {"uv": [13, 0], "uv_size": [1, 1]},
								"east": {"uv": [1, 13], "uv_size": [1, 1]},
								"south": {"uv": [13, 1], "uv_size": [1, 1]},
								"west": {"uv": [2, 13], "uv_size": [1, 1]},
								"up": {"uv": [13, 2], "uv_size": [1, 1]},
								"down": {"uv": [3, 14], "uv_size": [1, -1]}
							}
						},
						{
							"origin": [-0.375, -0.28125, -1.68748],
							"size": [0.75, 0.1875, 3.75],
							"uv": {
								"north": {"uv": [13, 3], "uv_size": [1, 1]},
								"east": {"uv": [2, 2], "uv_size": [4, 1]},
								"south": {"uv": [4, 13], "uv_size": [1, 1]},
								"west": {"uv": [2, 3], "uv_size": [4, 1]},
								"up": {"uv": [2, 4], "uv_size": [1, 4]},
								"down": {"uv": [3, 8], "uv_size": [1, -4]}
							}
						},
						{
							"origin": [-1.11591, -0.78897, -1.68748],
							"size": [0.26517, 0.15625, 3.75],
							"pivot": [0, -1.10937, 0.74999],
							"rotation": [0, 0, 45],
							"uv": {
								"north": {"uv": [13, 4], "uv_size": [1, 1]},
								"east": {"uv": [4, 0], "uv_size": [4, 1]},
								"south": {"uv": [5, 13], "uv_size": [1, 1]},
								"west": {"uv": [4, 1], "uv_size": [4, 1]},
								"up": {"uv": [4, 4], "uv_size": [1, 4]},
								"down": {"uv": [5, 8], "uv_size": [1, -4]}
							}
						},
						{
							"origin": [0.85074, -0.78897, -1.68748],
							"size": [0.26517, 0.15625, 3.75],
							"pivot": [0, -1.10937, 0.74999],
							"rotation": [0, 0, -45],
							"uv": {
								"north": {"uv": [13, 5], "uv_size": [1, 1]},
								"east": {"uv": [6, 2], "uv_size": [4, 1]},
								"south": {"uv": [6, 13], "uv_size": [1, 1]},
								"west": {"uv": [6, 3], "uv_size": [4, 1]},
								"up": {"uv": [0, 6], "uv_size": [1, 4]},
								"down": {"uv": [1, 10], "uv_size": [1, -4]}
							}
						},
						{
							"origin": [-0.5625, -0.09375, -1.68748],
							"size": [1.125, 0.25, 3.75],
							"uv": {
								"north": {"uv": [13, 6], "uv_size": [1, 1]},
								"east": {"uv": [6, 4], "uv_size": [4, 1]},
								"south": {"uv": [7, 13], "uv_size": [1, 1]},
								"west": {"uv": [6, 5], "uv_size": [4, 1]},
								"up": {"uv": [6, 6], "uv_size": [1, 4]},
								"down": {"uv": [7, 10], "uv_size": [1, -4]}
							}
						}
					]
				}
			]
		}
	]
}