{
	"format_version": "1.12.0",
	"minecraft:geometry": [
		{
			"description": {
				"identifier": "geometry.unknown",
				"texture_width": 32,
				"texture_height": 32,
				"visible_bounds_width": 3,
				"visible_bounds_height": 2.5,
				"visible_bounds_offset": [0, 0.75, 0]
			},
			"bones": [
				{
					"name": "stock",
					"pivot": [0, -9.65, -3.95],
					"cubes": [
						{
							"origin": [1.19706, -0.87426, -3.75],
							"size": [0.35355, 0.25, 4.8],
							"pivot": [2.09706, -2.37426, -2.95],
							"rotation": [0, 0, -45],
							"uv": {
								"north": {"uv": [15, 30], "uv_size": [0.5, 0.5]},
								"east": {"uv": [23, 4], "uv_size": [5, 0.5]},
								"south": {"uv": [30, 15], "uv_size": [0.5, 0.5]},
								"west": {"uv": [23, 5], "uv_size": [5, 0.5]},
								"up": {"uv": [2, 22], "uv_size": [0.5, 5]},
								"down": {"uv": [3, 27], "uv_size": [0.5, -5]}
							}
						},
						{
							"origin": [-0.4, -1.95, -3.75],
							"size": [0.8, 0.25, 4.8],
							"uv": {
								"north": {"uv": [29, 20], "uv_size": [1, 0.5]},
								"east": {"uv": [23, 2], "uv_size": [5, 0.5]},
								"south": {"uv": [22, 29], "uv_size": [1, 0.5]},
								"west": {"uv": [23, 3], "uv_size": [5, 0.5]},
								"up": {"uv": [4, 19], "uv_size": [1, 5]},
								"down": {"uv": [5, 24], "uv_size": [1, -5]}
							}
						},
						{
							"origin": [-1.8435, -1.58137, -3.75],
							"size": [0.35355, 0.25, 4.8],
							"pivot": [-1.38995, -3.08137, -2.95],
							"rotation": [0, 0, 45],
							"uv": {
								"north": {"uv": [14, 30], "uv_size": [0.5, 0.5]},
								"east": {"uv": [21, 21], "uv_size": [5, 0.5]},
								"south": {"uv": [30, 14], "uv_size": [0.5, 0.5]},
								"west": {"uv": [21, 22], "uv_size": [5, 0.5]},
								"up": {"uv": [0, 22], "uv_size": [0.5, 5]},
								"down": {"uv": [1, 27], "uv_size": [0.5, -5]}
							}
						},
						{
							"origin": [1.19706, -5.54926, -3],
							"size": [0.35355, 0.25, 2.05],
							"pivot": [2.09706, -7.04926, -2.95],
							"rotation": [0, 0, -45],
							"uv": {
								"north": {"uv": [27, 30], "uv_size": [0.5, 0.5]},
								"east": {"uv": [28, 2], "uv_size": [2, 0.5]},
								"south": {"uv": [30, 27], "uv_size": [0.5, 0.5]},
								"west": {"uv": [28, 3], "uv_size": [2, 0.5]},
								"up": {"uv": [3, 28], "uv_size": [0.5, 2]},
								"down": {"uv": [28, 6], "uv_size": [0.5, -2]}
							}
						},
						{
							"origin": [-1.8435, -6.25637, -3],
							"size": [0.35355, 0.25, 2.05],
							"pivot": [-1.38995, -7.75637, -2.95],
							"rotation": [0, 0, 45],
							"uv": {
								"north": {"uv": [26, 30], "uv_size": [0.5, 0.5]},
								"east": {"uv": [26, 27], "uv_size": [2, 0.5]},
								"south": {"uv": [30, 26], "uv_size": [0.5, 0.5]},
								"west": {"uv": [27, 26], "uv_size": [2, 0.5]},
								"up": {"uv": [1, 28], "uv_size": [0.5, 2]},
								"down": {"uv": [2, 30], "uv_size": [0.5, -2]}
							}
						},
						{
							"origin": [-0.4, -6.625, -3],
							"size": [0.8, 0.25, 2.075],
							"uv": {
								"north": {"uv": [30, 0], "uv_size": [1, 0.5]},
								"east": {"uv": [27, 23], "uv_size": [2, 0.5]},
								"south": {"uv": [1, 30], "uv_size": [1, 0.5]},
								"west": {"uv": [27, 25], "uv_size": [2, 0.5]},
								"up": {"uv": [24, 25], "uv_size": [1, 2]},
								"down": {"uv": [25, 27], "uv_size": [1, -2]}
							}
						},
						{
							"origin": [-0.65, -1.7, -2.95],
							"size": [1.3, 0.8, 4.25],
							"uv": {
								"north": {"uv": [18, 26], "uv_size": [1.5, 1]},
								"east": {"uv": [6, 19], "uv_size": [4.5, 1]},
								"south": {"uv": [26, 21], "uv_size": [1.5, 1]},
								"west": {"uv": [20, 0], "uv_size": [4.5, 1]},
								"up": {"uv": [12, 18], "uv_size": [1.5, 4.5]},
								"down": {"uv": [14, 22.5], "uv_size": [1.5, -4.5]}
							}
						},
						{
							"origin": [-0.65, -5.74289, -2.15711],
							"size": [1.3, 4.3, 1.25],
							"pivot": [0, -5.94289, -1.65711],
							"rotation": [-49, 0, 0],
							"uv": {
								"north": {"uv": [4, 14], "uv_size": [1.5, 4.5]},
								"east": {"uv": [6, 14], "uv_size": [1.5, 4.5]},
								"south": {"uv": [8, 14], "uv_size": [1.5, 4.5]},
								"west": {"uv": [10, 14], "uv_size": [1.5, 4.5]},
								"up": {"uv": [16, 22], "uv_size": [1.5, 1.5]},
								"down": {"uv": [18, 23.5], "uv_size": [1.5, -1.5]}
							}
						},
						{
							"origin": [-0.65, -6.375, -2.95],
							"size": [1.3, 1.225, 2],
							"uv": {
								"north": {"uv": [16, 26], "uv_size": [1.5, 1]},
								"east": {"uv": [13, 23], "uv_size": [2, 1]},
								"south": {"uv": [26, 17], "uv_size": [1.5, 1]},
								"west": {"uv": [25, 0], "uv_size": [2, 1]},
								"up": {"uv": [21, 2], "uv_size": [1.5, 2]},
								"down": {"uv": [21, 6], "uv_size": [1.5, -2]}
							}
						},
						{
							"origin": [-0.65, -4.4, 1.05],
							"size": [1.3, 3.5, 8.15],
							"uv": {
								"north": {"uv": [16, 18], "uv_size": [1.5, 3.5]},
								"east": {"uv": [0, 0], "uv_size": [8, 3.5]},
								"south": {"uv": [18, 18], "uv_size": [1.5, 3.5]},
								"west": {"uv": [0, 4], "uv_size": [8, 3.5]},
								"up": {"uv": [12, 10], "uv_size": [1.5, 8]},
								"down": {"uv": [0, 22], "uv_size": [1.5, -8]}
							}
						}
					]
				},
				{
					"name": "octagon",
					"parent": "stock",
					"pivot": [0, -0.15, -1.7],
					"rotation": [0, -90, 0],
					"cubes": [
						{
							"origin": [-0.5, -0.56421, -2.7],
							"size": [11.4, 0.82843, 2],
							"pivot": [0, -0.15, -1.7],
							"rotation": [-45, 0, 0],
							"uv": {
								"north": {"uv": [14, 10], "uv_size": [11.5, 1]},
								"east": {"uv": [13, 25], "uv_size": [2, 1]},
								"south": {"uv": [14, 11], "uv_size": [11.5, 1]},
								"west": {"uv": [15, 25], "uv_size": [2, 1]},
								"up": {"uv": [0, 8], "uv_size": [11.5, 2]},
								"down": {"uv": [8, 2], "uv_size": [11.5, -2]}
							}
						},
						{
							"origin": [-0.5, -0.56421, -2.7],
							"size": [11.4, 0.82843, 2],
							"uv": {
								"north": {"uv": [14, 12], "uv_size": [11.5, 1]},
								"east": {"uv": [17, 25], "uv_size": [2, 1]},
								"south": {"uv": [14, 13], "uv_size": [11.5, 1]},
								"west": {"uv": [19, 25], "uv_size": [2, 1]},
								"up": {"uv": [8, 2], "uv_size": [11.5, 2]},
								"down": {"uv": [8, 6], "uv_size": [11.5, -2]}
							}
						},
						{
							"origin": [-0.5, -1.15, -2.11421],
							"size": [11.4, 2, 0.82843],
							"pivot": [0, -0.15, -1.7],
							"rotation": [-45, 0, 0],
							"uv": {
								"north": {"uv": [8, 6], "uv_size": [11.5, 2]},
								"east": {"uv": [11, 24], "uv_size": [1, 2]},
								"south": {"uv": [0, 10], "uv_size": [11.5, 2]},
								"west": {"uv": [21, 25], "uv_size": [1, 2]},
								"up": {"uv": [14, 14], "uv_size": [11.5, 1]},
								"down": {"uv": [14, 16], "uv_size": [11.5, -1]}
							}
						},
						{
							"origin": [-0.5, -1.15, -2.11421],
							"size": [11.4, 2, 0.82843],
							"uv": {
								"north": {"uv": [0, 12], "uv_size": [11.5, 2]},
								"east": {"uv": [22, 25], "uv_size": [1, 2]},
								"south": {"uv": [12, 8], "uv_size": [11.5, 2]},
								"west": {"uv": [23, 25], "uv_size": [1, 2]},
								"up": {"uv": [14, 16], "uv_size": [11.5, 1]},
								"down": {"uv": [14, 18], "uv_size": [11.5, -1]}
							}
						}
					]
				},
				{
					"name": "octagon6",
					"parent": "stock",
					"pivot": [0, -0.15, 9],
					"rotation": [0, -90, 0],
					"cubes": [
						{
							"origin": [-0.2, -0.56421, 8],
							"size": [0.4, 0.82843, 2],
							"pivot": [-10.7, -0.15, 9],
							"rotation": [-45, 0, 0],
							"uv": {
								"north": {"uv": [3, 30], "uv_size": [0.5, 1]},
								"east": {"uv": [26, 10], "uv_size": [2, 1]},
								"south": {"uv": [30, 3], "uv_size": [0.5, 1]},
								"west": {"uv": [26, 11], "uv_size": [2, 1]},
								"up": {"uv": [6, 28], "uv_size": [0.5, 2]},
								"down": {"uv": [28, 8], "uv_size": [0.5, -2]}
							}
						},
						{
							"origin": [-0.2, -0.56421, 8],
							"size": [0.4, 0.82843, 2],
							"uv": {
								"north": {"uv": [6, 30], "uv_size": [0.5, 1]},
								"east": {"uv": [26, 12], "uv_size": [2, 1]},
								"south": {"uv": [7, 30], "uv_size": [0.5, 1]},
								"west": {"uv": [13, 26], "uv_size": [2, 1]},
								"up": {"uv": [7, 28], "uv_size": [0.5, 2]},
								"down": {"uv": [8, 30], "uv_size": [0.5, -2]}
							}
						},
						{
							"origin": [-0.2, -1.15, 8.58579],
							"size": [0.4, 2, 0.82843],
							"pivot": [-10.7, -0.15, 9],
							"rotation": [-45, 0, 0],
							"uv": {
								"north": {"uv": [9, 28], "uv_size": [0.5, 2]},
								"east": {"uv": [11, 26], "uv_size": [1, 2]},
								"south": {"uv": [10, 28], "uv_size": [0.5, 2]},
								"west": {"uv": [26, 13], "uv_size": [1, 2]},
								"up": {"uv": [8, 30], "uv_size": [0.5, 1]},
								"down": {"uv": [9, 31], "uv_size": [0.5, -1]}
							}
						},
						{
							"origin": [-0.2, -1.15, 8.58579],
							"size": [0.4, 2, 0.82843],
							"uv": {
								"north": {"uv": [28, 10], "uv_size": [0.5, 2]},
								"east": {"uv": [15, 26], "uv_size": [1, 2]},
								"south": {"uv": [11, 28], "uv_size": [0.5, 2]},
								"west": {"uv": [26, 15], "uv_size": [1, 2]},
								"up": {"uv": [10, 30], "uv_size": [0.5, 1]},
								"down": {"uv": [11, 31], "uv_size": [0.5, -1]}
							}
						}
					]
				},
				{
					"name": "thing",
					"parent": "stock",
					"pivot": [0, -5.1518, 0.48874],
					"rotation": [139, 0, -180],
					"cubes": [
						{
							"origin": [1.19706, -4.25999, -0.63626],
							"size": [0.35355, 0.25, 3.05],
							"pivot": [2.09706, -5.75999, -3.38626],
							"rotation": [0, 0, -45],
							"uv": {
								"north": {"uv": [24, 30], "uv_size": [0.5, 0.5]},
								"east": {"uv": [27, 0], "uv_size": [3, 0.5]},
								"south": {"uv": [30, 24], "uv_size": [0.5, 0.5]},
								"west": {"uv": [1, 27], "uv_size": [3, 0.5]},
								"up": {"uv": [13, 27], "uv_size": [0.5, 3]},
								"down": {"uv": [27, 16], "uv_size": [0.5, -3]}
							}
						},
						{
							"origin": [-1.8435, -4.96709, -0.63626],
							"size": [0.35355, 0.25, 3.05],
							"pivot": [-1.38995, -6.46709, -3.38626],
							"rotation": [0, 0, 45],
							"uv": {
								"north": {"uv": [25, 30], "uv_size": [0.5, 0.5]},
								"east": {"uv": [16, 27], "uv_size": [3, 0.5]},
								"south": {"uv": [30, 25], "uv_size": [0.5, 0.5]},
								"west": {"uv": [27, 16], "uv_size": [3, 0.5]},
								"up": {"uv": [14, 27], "uv_size": [0.5, 3]},
								"down": {"uv": [19, 30], "uv_size": [0.5, -3]}
							}
						},
						{
							"origin": [-0.4, -5.33572, -0.63626],
							"size": [0.8, 0.25, 3.15],
							"uv": {
								"north": {"uv": [28, 29], "uv_size": [1, 0.5]},
								"east": {"uv": [21, 27], "uv_size": [3, 0.5]},
								"south": {"uv": [29, 29], "uv_size": [1, 0.5]},
								"west": {"uv": [27, 22], "uv_size": [3, 0.5]},
								"up": {"uv": [10, 20], "uv_size": [1, 3]},
								"down": {"uv": [20, 24], "uv_size": [1, -3]}
							}
						}
					]
				},
				{
					"name": "thing2",
					"parent": "stock",
					"pivot": [0, -3.294, 0.53004],
					"rotation": [-139, 0, 0],
					"cubes": [
						{
							"origin": [1.19706, -2.40219, -0.34496],
							"size": [0.35355, 0.25, 4.25],
							"pivot": [2.09706, -3.90219, -2.09496],
							"rotation": [0, 0, -45],
							"uv": {
								"north": {"uv": [16, 30], "uv_size": [0.5, 0.5]},
								"east": {"uv": [21, 23], "uv_size": [4.5, 0.5]},
								"south": {"uv": [30, 16], "uv_size": [0.5, 0.5]},
								"west": {"uv": [24, 8], "uv_size": [4.5, 0.5]},
								"up": {"uv": [10, 23], "uv_size": [0.5, 4.5]},
								"down": {"uv": [12, 27.5], "uv_size": [0.5, -4.5]}
							}
						},
						{
							"origin": [-1.8435, -3.10929, -0.34496],
							"size": [0.35355, 0.25, 4.25],
							"pivot": [-1.38995, -4.60929, -2.09496],
							"rotation": [0, 0, 45],
							"uv": {
								"north": {"uv": [30, 17], "uv_size": [0.5, 0.5]},
								"east": {"uv": [24, 9], "uv_size": [4.5, 0.5]},
								"south": {"uv": [18, 30], "uv_size": [0.5, 0.5]},
								"west": {"uv": [13, 24], "uv_size": [4.5, 0.5]},
								"up": {"uv": [4, 24], "uv_size": [0.5, 4.5]},
								"down": {"uv": [5, 28.5], "uv_size": [0.5, -4.5]}
							}
						},
						{
							"origin": [-0.4, -3.47792, -0.34496],
							"size": [0.8, 0.25, 4.25],
							"uv": {
								"north": {"uv": [23, 29], "uv_size": [1, 0.5]},
								"east": {"uv": [18, 24], "uv_size": [4.5, 0.5]},
								"south": {"uv": [29, 23], "uv_size": [1, 0.5]},
								"west": {"uv": [23, 24], "uv_size": [4.5, 0.5]},
								"up": {"uv": [11, 19], "uv_size": [1, 4.5]},
								"down": {"uv": [20, 5.5], "uv_size": [1, -4.5]}
							}
						}
					]
				},
				{
					"name": "thing3",
					"parent": "stock",
					"pivot": [0, -2.16607, 0.875],
					"rotation": [-47.5, 0, 0],
					"cubes": [
						{
							"origin": [1.19706, -1.27426, 0.1],
							"size": [0.35355, 0.25, 1.4],
							"pivot": [2.09706, -2.77426, 1.25],
							"rotation": [0, 0, -45],
							"uv": {
								"north": {"uv": [21, 30], "uv_size": [0.5, 0.5]},
								"east": {"uv": [22, 28], "uv_size": [1.5, 0.5]},
								"south": {"uv": [30, 21], "uv_size": [0.5, 0.5]},
								"west": {"uv": [28, 24], "uv_size": [1.5, 0.5]},
								"up": {"uv": [26, 28], "uv_size": [0.5, 1.5]},
								"down": {"uv": [27, 29.5], "uv_size": [0.5, -1.5]}
							}
						},
						{
							"origin": [-1.8435, -1.98137, 0.1],
							"size": [0.35355, 0.25, 1.4],
							"pivot": [-1.38995, -3.48137, 1.25],
							"rotation": [0, 0, 45],
							"uv": {
								"north": {"uv": [22, 30], "uv_size": [0.5, 0.5]},
								"east": {"uv": [28, 27], "uv_size": [1.5, 0.5]},
								"south": {"uv": [30, 22], "uv_size": [0.5, 0.5]},
								"west": {"uv": [28, 28], "uv_size": [1.5, 0.5]},
								"up": {"uv": [0, 29], "uv_size": [0.5, 1.5]},
								"down": {"uv": [4, 30.5], "uv_size": [0.5, -1.5]}
							}
						},
						{
							"origin": [-0.4, -2.35, 0.1],
							"size": [0.8, 0.25, 1.4],
							"uv": {
								"north": {"uv": [29, 25], "uv_size": [1, 0.5]},
								"east": {"uv": [29, 1], "uv_size": [1.5, 0.5]},
								"south": {"uv": [29, 26], "uv_size": [1, 0.5]},
								"west": {"uv": [29, 4], "uv_size": [1.5, 0.5]},
								"up": {"uv": [26, 25], "uv_size": [1, 1.5]},
								"down": {"uv": [0, 28.5], "uv_size": [1, -1.5]}
							}
						},
						{
							"origin": [-0.65, -2.1, 0.3],
							"size": [1.3, 0.45, 0.75],
							"uv": {
								"north": {"uv": [29, 5], "uv_size": [1.5, 0.5]},
								"east": {"uv": [23, 30], "uv_size": [0.5, 0.5]},
								"south": {"uv": [29, 6], "uv_size": [1.5, 0.5]},
								"west": {"uv": [30, 23], "uv_size": [0.5, 0.5]},
								"up": {"uv": [29, 7], "uv_size": [1.5, 0.5]},
								"down": {"uv": [29, 8.5], "uv_size": [1.5, -0.5]}
							}
						}
					]
				},
				{
					"name": "thing4",
					"parent": "stock",
					"pivot": [0, -2.46607, 0.975],
					"rotation": [-90, 0, 0],
					"cubes": [
						{
							"origin": [1.19706, -1.57426, 0.2],
							"size": [0.35355, 0.25, 1.4],
							"pivot": [2.09706, -3.07426, 1.35],
							"rotation": [0, 0, -45],
							"uv": {
								"north": {"uv": [30, 18], "uv_size": [0.5, 0.5]},
								"east": {"uv": [28, 12], "uv_size": [1.5, 0.5]},
								"south": {"uv": [19, 30], "uv_size": [0.5, 0.5]},
								"west": {"uv": [28, 13], "uv_size": [1.5, 0.5]},
								"up": {"uv": [12, 28], "uv_size": [0.5, 1.5]},
								"down": {"uv": [28, 15.5], "uv_size": [0.5, -1.5]}
							}
						},
						{
							"origin": [-1.8435, -2.28137, 0.2],
							"size": [0.35355, 0.25, 1.4],
							"pivot": [-1.38995, -3.78137, 1.35],
							"rotation": [0, 0, 45],
							"uv": {
								"north": {"uv": [20, 30], "uv_size": [0.5, 0.5]},
								"east": {"uv": [15, 28], "uv_size": [1.5, 0.5]},
								"south": {"uv": [30, 20], "uv_size": [0.5, 0.5]},
								"west": {"uv": [17, 28], "uv_size": [1.5, 0.5]},
								"up": {"uv": [28, 17], "uv_size": [0.5, 1.5]},
								"down": {"uv": [28, 20.5], "uv_size": [0.5, -1.5]}
							}
						},
						{
							"origin": [-0.4, -2.65, 0.2],
							"size": [0.8, 0.25, 1.4],
							"uv": {
								"north": {"uv": [24, 29], "uv_size": [1, 0.5]},
								"east": {"uv": [20, 28], "uv_size": [1.5, 0.5]},
								"south": {"uv": [25, 29], "uv_size": [1, 0.5]},
								"west": {"uv": [28, 21], "uv_size": [1.5, 0.5]},
								"up": {"uv": [20, 26], "uv_size": [1, 1.5]},
								"down": {"uv": [26, 23.5], "uv_size": [1, -1.5]}
							}
						}
					]
				},
				{
					"name": "thing5",
					"parent": "stock",
					"pivot": [0, -5.09107, -1.325],
					"rotation": [0, 0, -180],
					"cubes": [
						{
							"origin": [1.19706, -4.19926, -2.95],
							"size": [0.35355, 0.25, 1.45],
							"pivot": [2.09706, -5.69926, -3.95],
							"rotation": [0, 0, -45],
							"uv": {
								"north": {"uv": [28, 30], "uv_size": [0.5, 0.5]},
								"east": {"uv": [29, 9], "uv_size": [1.5, 0.5]},
								"south": {"uv": [30, 28], "uv_size": [0.5, 0.5]},
								"west": {"uv": [29, 10], "uv_size": [1.5, 0.5]},
								"up": {"uv": [5, 29], "uv_size": [0.5, 1.5]},
								"down": {"uv": [29, 15.5], "uv_size": [0.5, -1.5]}
							}
						},
						{
							"origin": [-1.8435, -4.90637, -2.95],
							"size": [0.35355, 0.25, 1.45],
							"pivot": [-1.38995, -6.40637, -3.95],
							"rotation": [0, 0, 45],
							"uv": {
								"north": {"uv": [29, 30], "uv_size": [0.5, 0.5]},
								"east": {"uv": [29, 11], "uv_size": [1.5, 0.5]},
								"south": {"uv": [30, 29], "uv_size": [0.5, 0.5]},
								"west": {"uv": [15, 29], "uv_size": [1.5, 0.5]},
								"up": {"uv": [17, 29], "uv_size": [0.5, 1.5]},
								"down": {"uv": [29, 18.5], "uv_size": [0.5, -1.5]}
							}
						},
						{
							"origin": [-0.4, -5.275, -2.95],
							"size": [0.8, 0.25, 1.45],
							"uv": {
								"north": {"uv": [2, 30], "uv_size": [1, 0.5]},
								"east": {"uv": [29, 19], "uv_size": [1.5, 0.5]},
								"south": {"uv": [30, 2], "uv_size": [1, 0.5]},
								"west": {"uv": [20, 29], "uv_size": [1.5, 0.5]},
								"up": {"uv": [24, 27], "uv_size": [1, 1.5]},
								"down": {"uv": [25, 28.5], "uv_size": [1, -1.5]}
							}
						}
					]
				},
				{
					"name": "thing6",
					"parent": "stock",
					"pivot": [0, -4.46607, 4.675],
					"cubes": [
						{
							"origin": [1.19706, -3.57426, 1.05],
							"size": [0.35355, 0.25, 8.15],
							"pivot": [2.09706, -5.07426, 2.05],
							"rotation": [0, 0, -45],
							"uv": {
								"north": {"uv": [13, 30], "uv_size": [0.5, 0.5]},
								"east": {"uv": [20, 20], "uv_size": [8, 0.5]},
								"south": {"uv": [30, 13], "uv_size": [0.5, 0.5]},
								"west": {"uv": [21, 1], "uv_size": [8, 0.5]},
								"up": {"uv": [8, 20], "uv_size": [0.5, 8]},
								"down": {"uv": [9, 28], "uv_size": [0.5, -8]}
							}
						},
						{
							"origin": [-1.8435, -4.28137, 1.05],
							"size": [0.35355, 0.25, 8.15],
							"pivot": [-1.38995, -5.78137, 2.05],
							"rotation": [0, 0, 45],
							"uv": {
								"north": {"uv": [12, 30], "uv_size": [0.5, 0.5]},
								"east": {"uv": [20, 6], "uv_size": [8, 0.5]},
								"south": {"uv": [30, 12], "uv_size": [0.5, 0.5]},
								"west": {"uv": [20, 7], "uv_size": [8, 0.5]},
								"up": {"uv": [6, 20], "uv_size": [0.5, 8]},
								"down": {"uv": [7, 28], "uv_size": [0.5, -8]}
							}
						},
						{
							"origin": [-0.4, -4.65, 1.05],
							"size": [0.8, 0.25, 8.15],
							"uv": {
								"north": {"uv": [15, 23], "uv_size": [1, 0.5]},
								"east": {"uv": [20, 18], "uv_size": [8, 0.5]},
								"south": {"uv": [18, 29], "uv_size": [1, 0.5]},
								"west": {"uv": [20, 19], "uv_size": [8, 0.5]},
								"up": {"uv": [2, 14], "uv_size": [1, 8]},
								"down": {"uv": [3, 22], "uv_size": [1, -8]}
							}
						}
					]
				}
			]
		}
	]
}