{
	"format_version": "1.12.0",
	"minecraft:geometry": [
		{
			"description": {
				"identifier": "geometry.unknown",
				"texture_width": 32,
				"texture_height": 32,
				"visible_bounds_width": 2,
				"visible_bounds_height": 1.5,
				"visible_bounds_offset": [0, 0.25, 0]
			},
			"bones": [
				{
					"name": "brake",
					"pivot": [0, 0, -0.5],
					"rotation": [0, 90, 0],
					"cubes": [
						{
							"origin": [-0.5, -0.19891, -1.5],
							"size": [5.75, 0.39782, 2],
							"pivot": [0, 0, -0.5],
							"rotation": [45, 0, 0],
							"uv": {
								"north": {"uv": [6, 12], "uv_size": [6, 1]},
								"east": {"uv": [0, 16], "uv_size": [2, 1]},
								"south": {"uv": [12, 6], "uv_size": [6, 1]},
								"west": {"uv": [2, 16], "uv_size": [2, 1]},
								"up": {"uv": [0, 0], "uv_size": [6, 2]},
								"down": {"uv": [0, 4], "uv_size": [6, -2]}
							}
						},
						{
							"origin": [-0.5, -0.19891, -1.5],
							"size": [5.75, 0.39782, 2],
							"pivot": [0, 0, -0.5],
							"rotation": [22.5, 0, 0],
							"uv": {
								"north": {"uv": [12, 7], "uv_size": [6, 1]},
								"east": {"uv": [4, 16], "uv_size": [2, 1]},
								"south": {"uv": [12, 8], "uv_size": [6, 1]},
								"west": {"uv": [6, 16], "uv_size": [2, 1]},
								"up": {"uv": [0, 4], "uv_size": [6, 2]},
								"down": {"uv": [0, 8], "uv_size": [6, -2]}
							}
						},
						{
							"origin": [-0.5, -0.19891, -1.5],
							"size": [5.75, 0.39782, 2],
							"uv": {
								"north": {"uv": [12, 9], "uv_size": [6, 1]},
								"east": {"uv": [8, 16], "uv_size": [2, 1]},
								"south": {"uv": [12, 10], "uv_size": [6, 1]},
								"west": {"uv": [10, 16], "uv_size": [2, 1]},
								"up": {"uv": [6, 0], "uv_size": [6, 2]},
								"down": {"uv": [6, 4], "uv_size": [6, -2]}
							}
						},
						{
							"origin": [-0.5, -0.19891, -1.5],
							"size": [5.75, 0.39782, 2],
							"pivot": [0, 0, -0.5],
							"rotation": [-22.5, 0, 0],
							"uv": {
								"north": {"uv": [12, 11], "uv_size": [6, 1]},
								"east": {"uv": [12, 16], "uv_size": [2, 1]},
								"south": {"uv": [12, 12], "uv_size": [6, 1]},
								"west": {"uv": [14, 16], "uv_size": [2, 1]},
								"up": {"uv": [6, 4], "uv_size": [6, 2]},
								"down": {"uv": [6, 8], "uv_size": [6, -2]}
							}
						},
						{
							"origin": [-0.5, -0.19891, -1.5],
							"size": [5.75, 0.39782, 2],
							"pivot": [0, 0, -0.5],
							"rotation": [-45, 0, 0],
							"uv": {
								"north": {"uv": [6, 13], "uv_size": [6, 1]},
								"east": {"uv": [16, 16], "uv_size": [2, 1]},
								"south": {"uv": [12, 13], "uv_size": [6, 1]},
								"west": {"uv": [0, 17], "uv_size": [2, 1]},
								"up": {"uv": [0, 8], "uv_size": [6, 2]},
								"down": {"uv": [6, 10], "uv_size": [6, -2]}
							}
						},
						{
							"origin": [-0.5, -1, -0.69891],
							"size": [5.75, 2, 0.39782],
							"pivot": [0, 0, -0.5],
							"rotation": [22.5, 0, 0],
							"uv": {
								"north": {"uv": [0, 10], "uv_size": [6, 2]},
								"east": {"uv": [2, 17], "uv_size": [1, 2]},
								"south": {"uv": [6, 10], "uv_size": [6, 2]},
								"west": {"uv": [3, 17], "uv_size": [1, 2]},
								"up": {"uv": [0, 14], "uv_size": [6, 1]},
								"down": {"uv": [6, 15], "uv_size": [6, -1]}
							}
						},
						{
							"origin": [-0.5, -1, -0.69891],
							"size": [5.75, 2, 0.39782],
							"uv": {
								"north": {"uv": [0, 12], "uv_size": [6, 2]},
								"east": {"uv": [4, 17], "uv_size": [1, 2]},
								"south": {"uv": [12, 0], "uv_size": [6, 2]},
								"west": {"uv": [5, 17], "uv_size": [1, 2]},
								"up": {"uv": [12, 14], "uv_size": [6, 1]},
								"down": {"uv": [0, 16], "uv_size": [6, -1]}
							}
						},
						{
							"origin": [-0.5, -1, -0.69891],
							"size": [5.75, 2, 0.39782],
							"pivot": [0, 0, -0.5],
							"rotation": [-22.5, 0, 0],
							"uv": {
								"north": {"uv": [12, 2], "uv_size": [6, 2]},
								"east": {"uv": [6, 17], "uv_size": [1, 2]},
								"south": {"uv": [12, 4], "uv_size": [6, 2]},
								"west": {"uv": [7, 17], "uv_size": [1, 2]},
								"up": {"uv": [6, 15], "uv_size": [6, 1]},
								"down": {"uv": [12, 16], "uv_size": [6, -1]}
							}
						},
						{
							"origin": [5.2, -0.3, -0.8],
							"size": [0.1, 0.6, 0.6],
							"pivot": [5.25, 0, -0.5],
							"rotation": [-45, 0, 0],
							"uv": {
								"north": {"uv": [23, 8.25], "uv_size": [2.1, 2.1]},
								"east": {"uv": [25, 9], "uv_size": [-1.4, 2.1]},
								"south": {"uv": [24.5, 10.5], "uv_size": [0.1, 0.6]},
								"west": {"uv": [22.75, 8.75], "uv_size": [2.35, 1.35]},
								"up": {"uv": [24.1, 10.85], "uv_size": [-0.1, -0.6]},
								"down": {"uv": [26.85, 11.85], "uv_size": [-2.6, -2.1]}
							}
						},
						{
							"origin": [-0.55, -0.3, -0.8],
							"size": [0.1, 0.6, 0.6],
							"pivot": [-0.5, 0, -0.5],
							"rotation": [-45, 0, 0],
							"uv": {
								"north": {"uv": [23, 8.25], "uv_size": [2.1, 2.1]},
								"east": {"uv": [25, 9], "uv_size": [-1.4, 2.1]},
								"south": {"uv": [24.5, 10.5], "uv_size": [0.1, 0.6]},
								"west": {"uv": [22.75, 8.75], "uv_size": [2.35, 1.35]},
								"up": {"uv": [24.1, 10.85], "uv_size": [-0.1, -0.6]},
								"down": {"uv": [26.85, 11.85], "uv_size": [-2.6, -2.1]}
							}
						}
					]
				}
			]
		}
	]
}