{
	"format_version": "1.12.0",
	"minecraft:geometry": [
		{
			"description": {
				"identifier": "geometry.unknown",
				"texture_width": 32,
				"texture_height": 32,
				"visible_bounds_width": 8,
				"visible_bounds_height": 1.5,
				"visible_bounds_offset": [0, 0.25, 0]
			},
			"bones": [
				{
					"name": "underbarrel_flashlight",
					"pivot": [-0.36601, -0.32638, 0.75002],
					"cubes": [
						{
							"origin": [-1.11591, -0.78897, 0.18752],
							"size": [0.26517, 0.15625, 1.625],
							"pivot": [0, -1.10937, 0.99999],
							"rotation": [0, 0, 45],
							"uv": {
								"north": {"uv": [8, 27], "uv_size": [1, 1]},
								"south": {"uv": [9, 27], "uv_size": [1, 1]},
								"down": {"uv": [20, 22], "uv_size": [1, -2]}
							}
						},
						{
							"origin": [0.85074, -0.78897, 0.18752],
							"size": [0.26517, 0.15625, 1.625],
							"pivot": [0, -1.10937, 0.99999],
							"rotation": [0, 0, -45],
							"uv": {
								"north": {"uv": [10, 27], "uv_size": [1, 1]},
								"south": {"uv": [11, 27], "uv_size": [1, 1]},
								"down": {"uv": [0, 23], "uv_size": [1, -2]}
							}
						},
						{
							"origin": [-0.5625, -0.09375, 0.18752],
							"size": [1.125, 0.25, 1.625],
							"uv": {
								"north": {"uv": [12, 27], "uv_size": [1, 1]},
								"east": {"uv": [1, 21], "uv_size": [2, 1]},
								"south": {"uv": [13, 27], "uv_size": [1, 1]},
								"west": {"uv": [3, 21], "uv_size": [2, 1]},
								"up": {"uv": [5, 21], "uv_size": [1, 2]}
							}
						},
						{
							"origin": [-0.375, -0.775, 0.31252],
							"size": [0.75, 0.525, 1.375],
							"uv": {
								"north": {"uv": [19, 27], "uv_size": [1, 1]},
								"east": {"uv": [27, 19], "uv_size": [1, 1]},
								"south": {"uv": [20, 27], "uv_size": [1, 1]},
								"west": {"uv": [27, 20], "uv_size": [1, 1]}
							}
						},
						{
							"origin": [-0.375, -0.28125, 0.18752],
							"size": [0.75, 0.1875, 1.625],
							"uv": {
								"north": {"uv": [14, 27], "uv_size": [1, 1]},
								"south": {"uv": [15, 27], "uv_size": [1, 1]}
							}
						},
						{
							"origin": [-0.375, -0.53337, 0.56628],
							"size": [0.75, 0.5, 0.1875],
							"pivot": [0, -1.10937, 0.99999],
							"rotation": [22.5, 0, 0],
							"uv": {
								"north": {"uv": [16, 27], "uv_size": [1, 1]},
								"east": {"uv": [27, 16], "uv_size": [1, 1]},
								"west": {"uv": [17, 27], "uv_size": [1, 1]}
							}
						},
						{
							"origin": [-0.375, -0.40835, 1.24626],
							"size": [0.75, 0.375, 0.1875],
							"pivot": [0, -1.10937, 0.99999],
							"rotation": [-22.5, 0, 0],
							"uv": {
								"east": {"uv": [27, 17], "uv_size": [1, 1]},
								"south": {"uv": [18, 27], "uv_size": [1, 1]},
								"west": {"uv": [27, 18], "uv_size": [1, 1]}
							}
						},
						{
							"origin": [-0.45, -1.275, -0.58748],
							"size": [0.95, 0.95, 0.5],
							"pivot": [0.025, -0.8, 0.31252],
							"rotation": [0, 0, -45],
							"uv": {
								"north": {"uv": [29, 7], "uv_size": [1, 1]},
								"east": {"uv": [8, 29], "uv_size": [1, 1]},
								"south": {"uv": [29, 8], "uv_size": [1, 1]},
								"west": {"uv": [9, 29], "uv_size": [1, 1]},
								"up": {"uv": [29, 9], "uv_size": [1, 1]},
								"down": {"uv": [10, 30], "uv_size": [1, -1]}
							}
						},
						{
							"origin": [-0.35, -1.175, -0.08748],
							"size": [0.75, 0.75, 2.5],
							"pivot": [0.025, -0.8, 0.81252],
							"rotation": [0, 0, -45],
							"uv": {
								"north": {"uv": [29, 13], "uv_size": [1, 1]},
								"east": {"uv": [12, 20], "uv_size": [3, 1]},
								"south": {"uv": [14, 29], "uv_size": [1, 1]},
								"west": {"uv": [15, 20], "uv_size": [3, 1]},
								"up": {"uv": [18, 20], "uv_size": [1, 3]},
								"down": {"uv": [19, 23], "uv_size": [1, -3]}
							}
						},
						{
							"origin": [-0.475, -1.3, 0.88752],
							"size": [1, 1, 0.4],
							"pivot": [0.025, -0.8, 0.28752],
							"rotation": [0, 0, -45],
							"uv": {
								"north": {"uv": [29, 10], "uv_size": [1, 1]},
								"east": {"uv": [11, 29], "uv_size": [1, 1]},
								"south": {"uv": [29, 11], "uv_size": [1, 1]},
								"west": {"uv": [12, 29], "uv_size": [1, 1]},
								"up": {"uv": [29, 12], "uv_size": [1, 1]},
								"down": {"uv": [13, 30], "uv_size": [1, -1]}
							}
						}
					]
				},
				{
					"name": "sight_illuminated",
					"pivot": [0.0554, -0.8, -6.35],
					"rotation": [0, -90, 0],
					"cubes": [
						{
							"origin": [-4.55916, -1.30785, -7.57606],
							"size": [3.17219, 1.0157, 0.50599],
							"pivot": [-2, -0.8, -6.35],
							"rotation": [-45, 0, 0],
							"uv": {
								"north": {"uv": [0, 0], "uv_size": [14, 1]},
								"east": {"uv": [28, 28], "uv_size": [1, 1]},
								"south": {"uv": [0, 1], "uv_size": [14, 1]},
								"west": {"uv": [0, 29], "uv_size": [1, 1]},
								"up": {"uv": [0, 2], "uv_size": [14, 1]},
								"down": {"uv": [0, 4], "uv_size": [14, -1]}
							}
						},
						{
							"origin": [-4.55916, -1.30785, -5.62993],
							"size": [3.17219, 1.0157, 0.50599],
							"pivot": [-2, -0.8, -6.35],
							"rotation": [-45, 0, 0],
							"uv": {
								"north": {"uv": [0, 4], "uv_size": [14, 1]},
								"east": {"uv": [29, 0], "uv_size": [1, 1]},
								"south": {"uv": [0, 5], "uv_size": [14, 1]},
								"west": {"uv": [1, 29], "uv_size": [1, 1]},
								"up": {"uv": [0, 6], "uv_size": [14, 1]},
								"down": {"uv": [0, 8], "uv_size": [14, -1]}
							}
						},
						{
							"origin": [-4.55916, -1.30785, -7.57606],
							"size": [3.17219, 1.0157, 0.50599],
							"uv": {
								"north": {"uv": [0, 8], "uv_size": [14, 1]},
								"east": {"uv": [29, 1], "uv_size": [1, 1]},
								"south": {"uv": [0, 9], "uv_size": [14, 1]},
								"west": {"uv": [2, 29], "uv_size": [1, 1]},
								"up": {"uv": [0, 10], "uv_size": [14, 1]},
								"down": {"uv": [0, 12], "uv_size": [14, -1]}
							}
						},
						{
							"origin": [-4.55916, -1.30785, -5.62993],
							"size": [3.17219, 1.0157, 0.50599],
							"uv": {
								"north": {"uv": [0, 12], "uv_size": [14, 1]},
								"east": {"uv": [29, 2], "uv_size": [1, 1]},
								"south": {"uv": [0, 13], "uv_size": [14, 1]},
								"west": {"uv": [3, 29], "uv_size": [1, 1]},
								"up": {"uv": [0, 14], "uv_size": [14, 1]},
								"down": {"uv": [14, 1], "uv_size": [14, -1]}
							}
						},
						{
							"origin": [-4.55916, -2.02606, -6.85785],
							"size": [3.17219, 0.50599, 1.0157],
							"pivot": [-2, -0.8, -6.35],
							"rotation": [-45, 0, 0],
							"uv": {
								"north": {"uv": [14, 1], "uv_size": [14, 1]},
								"east": {"uv": [29, 3], "uv_size": [1, 1]},
								"south": {"uv": [14, 2], "uv_size": [14, 1]},
								"west": {"uv": [4, 29], "uv_size": [1, 1]},
								"up": {"uv": [14, 3], "uv_size": [14, 1]},
								"down": {"uv": [14, 5], "uv_size": [14, -1]}
							}
						},
						{
							"origin": [-4.55916, -0.07993, -6.85785],
							"size": [3.17219, 0.50599, 1.0157],
							"pivot": [-2, -0.8, -6.35],
							"rotation": [-45, 0, 0],
							"uv": {
								"north": {"uv": [14, 5], "uv_size": [14, 1]},
								"east": {"uv": [29, 4], "uv_size": [1, 1]},
								"south": {"uv": [14, 6], "uv_size": [14, 1]},
								"west": {"uv": [5, 29], "uv_size": [1, 1]},
								"up": {"uv": [14, 7], "uv_size": [14, 1]},
								"down": {"uv": [14, 9], "uv_size": [14, -1]}
							}
						},
						{
							"origin": [-4.55916, -2.02606, -6.85785],
							"size": [3.17219, 0.50599, 1.0157],
							"uv": {
								"north": {"uv": [14, 9], "uv_size": [14, 1]},
								"east": {"uv": [29, 5], "uv_size": [1, 1]},
								"south": {"uv": [14, 10], "uv_size": [14, 1]},
								"west": {"uv": [6, 29], "uv_size": [1, 1]},
								"up": {"uv": [14, 11], "uv_size": [14, 1]},
								"down": {"uv": [14, 13], "uv_size": [14, -1]}
							}
						},
						{
							"origin": [-4.55916, -0.07993, -6.85785],
							"size": [3.17219, 0.50599, 1.0157],
							"uv": {
								"north": {"uv": [14, 13], "uv_size": [14, 1]},
								"east": {"uv": [29, 6], "uv_size": [1, 1]},
								"south": {"uv": [14, 14], "uv_size": [14, 1]},
								"west": {"uv": [7, 29], "uv_size": [1, 1]},
								"up": {"uv": [0, 15], "uv_size": [14, 1]},
								"down": {"uv": [14, 16], "uv_size": [14, -1]}
							}
						},
						{
							"origin": [-12.39931, -1.51282, -8.0709],
							"size": [4.45249, 1.42564, 0.71021],
							"uv": {
								"north": {"uv": [0, 8], "uv_size": [14, 1]},
								"east": {"uv": [29, 1], "uv_size": [1, 1]},
								"south": {"uv": [0, 9], "uv_size": [14, 1]},
								"west": {"uv": [2, 29], "uv_size": [1, 1]},
								"up": {"uv": [0, 10], "uv_size": [14, 1]},
								"down": {"uv": [0, 12], "uv_size": [14, -1]}
							}
						},
						{
							"origin": [-12.39931, -1.51282, -8.0709],
							"size": [4.45249, 1.42564, 0.71021],
							"pivot": [-10.17307, -0.8, -6.35],
							"rotation": [-45, 0, 0],
							"uv": {
								"north": {"uv": [0, 0], "uv_size": [14, 1]},
								"east": {"uv": [28, 28], "uv_size": [1, 1]},
								"south": {"uv": [0, 1], "uv_size": [14, 1]},
								"west": {"uv": [0, 29], "uv_size": [1, 1]},
								"up": {"uv": [0, 2], "uv_size": [14, 1]},
								"down": {"uv": [0, 4], "uv_size": [14, -1]}
							}
						},
						{
							"origin": [-12.39931, 0.21069, -7.06282],
							"size": [4.45249, 0.71021, 1.42564],
							"uv": {
								"north": {"uv": [14, 13], "uv_size": [14, 1]},
								"east": {"uv": [29, 6], "uv_size": [1, 1]},
								"south": {"uv": [14, 14], "uv_size": [14, 1]},
								"west": {"uv": [7, 29], "uv_size": [1, 1]},
								"up": {"uv": [0, 15], "uv_size": [14, 1]},
								"down": {"uv": [14, 16], "uv_size": [14, -1]}
							}
						},
						{
							"origin": [-12.39931, 0.21069, -7.06282],
							"size": [4.45249, 0.71021, 1.42564],
							"pivot": [-10.17307, -0.8, -6.35],
							"rotation": [-45, 0, 0],
							"uv": {
								"north": {"uv": [14, 5], "uv_size": [14, 1]},
								"east": {"uv": [29, 4], "uv_size": [1, 1]},
								"south": {"uv": [14, 6], "uv_size": [14, 1]},
								"west": {"uv": [5, 29], "uv_size": [1, 1]},
								"up": {"uv": [14, 7], "uv_size": [14, 1]},
								"down": {"uv": [14, 9], "uv_size": [14, -1]}
							}
						},
						{
							"origin": [-12.39931, -1.51282, -5.33931],
							"size": [4.45249, 1.42564, 0.71021],
							"uv": {
								"north": {"uv": [0, 12], "uv_size": [14, 1]},
								"east": {"uv": [29, 2], "uv_size": [1, 1]},
								"south": {"uv": [0, 13], "uv_size": [14, 1]},
								"west": {"uv": [3, 29], "uv_size": [1, 1]},
								"up": {"uv": [0, 14], "uv_size": [14, 1]},
								"down": {"uv": [14, 1], "uv_size": [14, -1]}
							}
						},
						{
							"origin": [-12.39931, -1.51282, -5.33931],
							"size": [4.45249, 1.42564, 0.71021],
							"pivot": [-10.17307, -0.8, -6.35],
							"rotation": [-45, 0, 0],
							"uv": {
								"north": {"uv": [0, 4], "uv_size": [14, 1]},
								"east": {"uv": [29, 0], "uv_size": [1, 1]},
								"south": {"uv": [0, 5], "uv_size": [14, 1]},
								"west": {"uv": [1, 29], "uv_size": [1, 1]},
								"up": {"uv": [0, 6], "uv_size": [14, 1]},
								"down": {"uv": [0, 8], "uv_size": [14, -1]}
							}
						},
						{
							"origin": [-12.39931, -2.5209, -7.06282],
							"size": [4.45249, 0.71021, 1.42564],
							"uv": {
								"north": {"uv": [14, 9], "uv_size": [14, 1]},
								"east": {"uv": [29, 5], "uv_size": [1, 1]},
								"south": {"uv": [14, 10], "uv_size": [14, 1]},
								"west": {"uv": [6, 29], "uv_size": [1, 1]},
								"up": {"uv": [14, 11], "uv_size": [14, 1]},
								"down": {"uv": [14, 13], "uv_size": [14, -1]}
							}
						},
						{
							"origin": [-12.39931, -2.5209, -7.06282],
							"size": [4.45249, 0.71021, 1.42564],
							"pivot": [-10.17307, -0.8, -6.35],
							"rotation": [-45, 0, 0],
							"uv": {
								"north": {"uv": [14, 1], "uv_size": [14, 1]},
								"east": {"uv": [29, 3], "uv_size": [1, 1]},
								"south": {"uv": [14, 2], "uv_size": [14, 1]},
								"west": {"uv": [4, 29], "uv_size": [1, 1]},
								"up": {"uv": [14, 3], "uv_size": [14, 1]},
								"down": {"uv": [14, 5], "uv_size": [14, -1]}
							}
						},
						{
							"origin": [-17.23325, -1.61974, -8.32904],
							"size": [5.12036, 1.63949, 0.81675],
							"uv": {
								"north": {"uv": [0, 8], "uv_size": [14, 1]},
								"east": {"uv": [29, 1], "uv_size": [1, 1]},
								"south": {"uv": [0, 9], "uv_size": [14, 1]},
								"west": {"uv": [2, 29], "uv_size": [1, 1]},
								"up": {"uv": [0, 10], "uv_size": [14, 1]},
								"down": {"uv": [0, 12], "uv_size": [14, -1]}
							}
						},
						{
							"origin": [-17.23325, -1.61974, -8.32904],
							"size": [5.12036, 1.63949, 0.81675],
							"pivot": [-14.67307, -0.8, -6.35],
							"rotation": [-45, 0, 0],
							"uv": {
								"north": {"uv": [0, 0], "uv_size": [14, 1]},
								"east": {"uv": [28, 28], "uv_size": [1, 1]},
								"south": {"uv": [0, 1], "uv_size": [14, 1]},
								"west": {"uv": [0, 29], "uv_size": [1, 1]},
								"up": {"uv": [0, 2], "uv_size": [14, 1]},
								"down": {"uv": [0, 4], "uv_size": [14, -1]}
							}
						},
						{
							"origin": [-17.23325, 0.36229, -7.16974],
							"size": [5.12036, 0.81675, 1.63949],
							"uv": {
								"north": {"uv": [14, 13], "uv_size": [14, 1]},
								"east": {"uv": [29, 6], "uv_size": [1, 1]},
								"south": {"uv": [14, 14], "uv_size": [14, 1]},
								"west": {"uv": [7, 29], "uv_size": [1, 1]},
								"up": {"uv": [0, 15], "uv_size": [14, 1]},
								"down": {"uv": [14, 16], "uv_size": [14, -1]}
							}
						},
						{
							"origin": [-17.23325, 0.36229, -7.16974],
							"size": [5.12036, 0.81675, 1.63949],
							"pivot": [-14.67307, -0.8, -6.35],
							"rotation": [-45, 0, 0],
							"uv": {
								"north": {"uv": [14, 5], "uv_size": [14, 1]},
								"east": {"uv": [29, 4], "uv_size": [1, 1]},
								"south": {"uv": [14, 6], "uv_size": [14, 1]},
								"west": {"uv": [5, 29], "uv_size": [1, 1]},
								"up": {"uv": [14, 7], "uv_size": [14, 1]},
								"down": {"uv": [14, 9], "uv_size": [14, -1]}
							}
						},
						{
							"origin": [-17.23325, -1.61974, -5.18771],
							"size": [5.12036, 1.63949, 0.81675],
							"uv": {
								"north": {"uv": [0, 12], "uv_size": [14, 1]},
								"east": {"uv": [29, 2], "uv_size": [1, 1]},
								"south": {"uv": [0, 13], "uv_size": [14, 1]},
								"west": {"uv": [3, 29], "uv_size": [1, 1]},
								"up": {"uv": [0, 14], "uv_size": [14, 1]},
								"down": {"uv": [14, 1], "uv_size": [14, -1]}
							}
						},
						{
							"origin": [-17.23325, -1.61974, -5.18771],
							"size": [5.12036, 1.63949, 0.81675],
							"pivot": [-14.67307, -0.8, -6.35],
							"rotation": [-45, 0, 0],
							"uv": {
								"north": {"uv": [0, 4], "uv_size": [14, 1]},
								"east": {"uv": [29, 0], "uv_size": [1, 1]},
								"south": {"uv": [0, 5], "uv_size": [14, 1]},
								"west": {"uv": [1, 29], "uv_size": [1, 1]},
								"up": {"uv": [0, 6], "uv_size": [14, 1]},
								"down": {"uv": [0, 8], "uv_size": [14, -1]}
							}
						},
						{
							"origin": [-17.23325, -2.77904, -7.16974],
							"size": [5.12036, 0.81675, 1.63949],
							"uv": {
								"north": {"uv": [14, 9], "uv_size": [14, 1]},
								"east": {"uv": [29, 5], "uv_size": [1, 1]},
								"south": {"uv": [14, 10], "uv_size": [14, 1]},
								"west": {"uv": [6, 29], "uv_size": [1, 1]},
								"up": {"uv": [14, 11], "uv_size": [14, 1]},
								"down": {"uv": [14, 13], "uv_size": [14, -1]}
							}
						},
						{
							"origin": [-17.23325, -2.77904, -7.16974],
							"size": [5.12036, 0.81675, 1.63949],
							"pivot": [-14.67307, -0.8, -6.35],
							"rotation": [-45, 0, 0],
							"uv": {
								"north": {"uv": [14, 1], "uv_size": [14, 1]},
								"east": {"uv": [29, 3], "uv_size": [1, 1]},
								"south": {"uv": [14, 2], "uv_size": [14, 1]},
								"west": {"uv": [4, 29], "uv_size": [1, 1]},
								"up": {"uv": [14, 3], "uv_size": [14, 1]},
								"down": {"uv": [14, 5], "uv_size": [14, -1]}
							}
						},
						{
							"origin": [-22.71968, -3.15505, -7.3255],
							"size": [6.09323, 0.97193, 1.95099],
							"pivot": [-19.67307, -0.8, -6.35],
							"rotation": [-45, 0, 0],
							"uv": {
								"north": {"uv": [14, 1], "uv_size": [14, 1]},
								"east": {"uv": [29, 3], "uv_size": [1, 1]},
								"south": {"uv": [14, 2], "uv_size": [14, 1]},
								"west": {"uv": [4, 29], "uv_size": [1, 1]},
								"up": {"uv": [14, 3], "uv_size": [14, 1]},
								"down": {"uv": [14, 5], "uv_size": [14, -1]}
							}
						},
						{
							"origin": [-22.71968, -3.15505, -7.3255],
							"size": [6.09323, 0.97193, 1.95099],
							"uv": {
								"north": {"uv": [14, 9], "uv_size": [14, 1]},
								"east": {"uv": [29, 5], "uv_size": [1, 1]},
								"south": {"uv": [14, 10], "uv_size": [14, 1]},
								"west": {"uv": [6, 29], "uv_size": [1, 1]},
								"up": {"uv": [14, 11], "uv_size": [14, 1]},
								"down": {"uv": [14, 13], "uv_size": [14, -1]}
							}
						},
						{
							"origin": [-22.71968, -1.7755, -4.96687],
							"size": [6.09323, 1.95099, 0.97193],
							"pivot": [-19.67307, -0.8, -6.35],
							"rotation": [-45, 0, 0],
							"uv": {
								"north": {"uv": [0, 4], "uv_size": [14, 1]},
								"east": {"uv": [29, 0], "uv_size": [1, 1]},
								"south": {"uv": [0, 5], "uv_size": [14, 1]},
								"west": {"uv": [1, 29], "uv_size": [1, 1]},
								"up": {"uv": [0, 6], "uv_size": [14, 1]},
								"down": {"uv": [0, 8], "uv_size": [14, -1]}
							}
						},
						{
							"origin": [-22.71968, -1.7755, -4.96687],
							"size": [6.09323, 1.95099, 0.97193],
							"uv": {
								"north": {"uv": [0, 12], "uv_size": [14, 1]},
								"east": {"uv": [29, 2], "uv_size": [1, 1]},
								"south": {"uv": [0, 13], "uv_size": [14, 1]},
								"west": {"uv": [3, 29], "uv_size": [1, 1]},
								"up": {"uv": [0, 14], "uv_size": [14, 1]},
								"down": {"uv": [14, 1], "uv_size": [14, -1]}
							}
						},
						{
							"origin": [-22.71968, 0.58313, -7.3255],
							"size": [6.09323, 0.97193, 1.95099],
							"pivot": [-19.67307, -0.8, -6.35],
							"rotation": [-45, 0, 0],
							"uv": {
								"north": {"uv": [14, 5], "uv_size": [14, 1]},
								"east": {"uv": [29, 4], "uv_size": [1, 1]},
								"south": {"uv": [14, 6], "uv_size": [14, 1]},
								"west": {"uv": [5, 29], "uv_size": [1, 1]},
								"up": {"uv": [14, 7], "uv_size": [14, 1]},
								"down": {"uv": [14, 9], "uv_size": [14, -1]}
							}
						},
						{
							"origin": [-22.71968, 0.58313, -7.3255],
							"size": [6.09323, 0.97193, 1.95099],
							"uv": {
								"north": {"uv": [14, 13], "uv_size": [14, 1]},
								"east": {"uv": [29, 6], "uv_size": [1, 1]},
								"south": {"uv": [14, 14], "uv_size": [14, 1]},
								"west": {"uv": [7, 29], "uv_size": [1, 1]},
								"up": {"uv": [0, 15], "uv_size": [14, 1]},
								"down": {"uv": [14, 16], "uv_size": [14, -1]}
							}
						},
						{
							"origin": [-22.71968, -1.7755, -8.70505],
							"size": [6.09323, 1.95099, 0.97193],
							"pivot": [-19.67307, -0.8, -6.35],
							"rotation": [-45, 0, 0],
							"uv": {
								"north": {"uv": [0, 0], "uv_size": [14, 1]},
								"east": {"uv": [28, 28], "uv_size": [1, 1]},
								"south": {"uv": [0, 1], "uv_size": [14, 1]},
								"west": {"uv": [0, 29], "uv_size": [1, 1]},
								"up": {"uv": [0, 2], "uv_size": [14, 1]},
								"down": {"uv": [0, 4], "uv_size": [14, -1]}
							}
						},
						{
							"origin": [-22.71968, -1.7755, -8.70505],
							"size": [6.09323, 1.95099, 0.97193],
							"uv": {
								"north": {"uv": [0, 8], "uv_size": [14, 1]},
								"east": {"uv": [29, 1], "uv_size": [1, 1]},
								"south": {"uv": [0, 9], "uv_size": [14, 1]},
								"west": {"uv": [2, 29], "uv_size": [1, 1]},
								"up": {"uv": [0, 10], "uv_size": [14, 1]},
								"down": {"uv": [0, 12], "uv_size": [14, -1]}
							}
						},
						{
							"origin": [-29.20714, -1.93157, -9.08186],
							"size": [7.06815, 2.26315, 1.12744],
							"uv": {
								"north": {"uv": [0, 8], "uv_size": [14, 1]},
								"east": {"uv": [29, 1], "uv_size": [1, 1]},
								"south": {"uv": [0, 9], "uv_size": [14, 1]},
								"west": {"uv": [2, 29], "uv_size": [1, 1]},
								"up": {"uv": [0, 10], "uv_size": [14, 1]},
								"down": {"uv": [0, 12], "uv_size": [14, -1]}
							}
						},
						{
							"origin": [-29.20714, -1.93157, -9.08186],
							"size": [7.06815, 2.26315, 1.12744],
							"pivot": [-25.67307, -0.8, -6.35],
							"rotation": [-45, 0, 0],
							"uv": {
								"north": {"uv": [0, 0], "uv_size": [14, 1]},
								"east": {"uv": [28, 28], "uv_size": [1, 1]},
								"south": {"uv": [0, 1], "uv_size": [14, 1]},
								"west": {"uv": [0, 29], "uv_size": [1, 1]},
								"up": {"uv": [0, 2], "uv_size": [14, 1]},
								"down": {"uv": [0, 4], "uv_size": [14, -1]}
							}
						},
						{
							"origin": [-29.20714, 0.80443, -7.48157],
							"size": [7.06815, 1.12744, 2.26315],
							"uv": {
								"north": {"uv": [14, 13], "uv_size": [14, 1]},
								"east": {"uv": [29, 6], "uv_size": [1, 1]},
								"south": {"uv": [14, 14], "uv_size": [14, 1]},
								"west": {"uv": [7, 29], "uv_size": [1, 1]},
								"up": {"uv": [0, 15], "uv_size": [14, 1]},
								"down": {"uv": [14, 16], "uv_size": [14, -1]}
							}
						},
						{
							"origin": [-29.20714, 0.80443, -7.48157],
							"size": [7.06815, 1.12744, 2.26315],
							"pivot": [-25.67307, -0.8, -6.35],
							"rotation": [-45, 0, 0],
							"uv": {
								"north": {"uv": [14, 5], "uv_size": [14, 1]},
								"east": {"uv": [29, 4], "uv_size": [1, 1]},
								"south": {"uv": [14, 6], "uv_size": [14, 1]},
								"west": {"uv": [5, 29], "uv_size": [1, 1]},
								"up": {"uv": [14, 7], "uv_size": [14, 1]},
								"down": {"uv": [14, 9], "uv_size": [14, -1]}
							}
						},
						{
							"origin": [-29.20714, -1.93157, -4.74557],
							"size": [7.06815, 2.26315, 1.12744],
							"uv": {
								"north": {"uv": [0, 12], "uv_size": [14, 1]},
								"east": {"uv": [29, 2], "uv_size": [1, 1]},
								"south": {"uv": [0, 13], "uv_size": [14, 1]},
								"west": {"uv": [3, 29], "uv_size": [1, 1]},
								"up": {"uv": [0, 14], "uv_size": [14, 1]},
								"down": {"uv": [14, 1], "uv_size": [14, -1]}
							}
						},
						{
							"origin": [-29.20714, -1.93157, -4.74557],
							"size": [7.06815, 2.26315, 1.12744],
							"pivot": [-25.67307, -0.8, -6.35],
							"rotation": [-45, 0, 0],
							"uv": {
								"north": {"uv": [0, 4], "uv_size": [14, 1]},
								"east": {"uv": [29, 0], "uv_size": [1, 1]},
								"south": {"uv": [0, 5], "uv_size": [14, 1]},
								"west": {"uv": [1, 29], "uv_size": [1, 1]},
								"up": {"uv": [0, 6], "uv_size": [14, 1]},
								"down": {"uv": [0, 8], "uv_size": [14, -1]}
							}
						},
						{
							"origin": [-29.20714, -3.53186, -7.48157],
							"size": [7.06815, 1.12744, 2.26315],
							"uv": {
								"north": {"uv": [14, 9], "uv_size": [14, 1]},
								"east": {"uv": [29, 5], "uv_size": [1, 1]},
								"south": {"uv": [14, 10], "uv_size": [14, 1]},
								"west": {"uv": [6, 29], "uv_size": [1, 1]},
								"up": {"uv": [14, 11], "uv_size": [14, 1]},
								"down": {"uv": [14, 13], "uv_size": [14, -1]}
							}
						},
						{
							"origin": [-29.20714, -3.53186, -7.48157],
							"size": [7.06815, 1.12744, 2.26315],
							"pivot": [-25.67307, -0.8, -6.35],
							"rotation": [-45, 0, 0],
							"uv": {
								"north": {"uv": [14, 1], "uv_size": [14, 1]},
								"east": {"uv": [29, 3], "uv_size": [1, 1]},
								"south": {"uv": [14, 2], "uv_size": [14, 1]},
								"west": {"uv": [4, 29], "uv_size": [1, 1]},
								"up": {"uv": [14, 3], "uv_size": [14, 1]},
								"down": {"uv": [14, 5], "uv_size": [14, -1]}
							}
						},
						{
							"origin": [-37.77422, -2.19319, -9.71347],
							"size": [8.70231, 2.78639, 1.3881],
							"uv": {
								"north": {"uv": [0, 8], "uv_size": [14, 1]},
								"east": {"uv": [29, 1], "uv_size": [1, 1]},
								"south": {"uv": [0, 9], "uv_size": [14, 1]},
								"west": {"uv": [2, 29], "uv_size": [1, 1]},
								"up": {"uv": [0, 10], "uv_size": [14, 1]},
								"down": {"uv": [0, 12], "uv_size": [14, -1]}
							}
						},
						{
							"origin": [-37.77422, -2.19319, -9.71347],
							"size": [8.70231, 2.78639, 1.3881],
							"pivot": [-33.42307, -0.8, -6.35],
							"rotation": [-45, 0, 0],
							"uv": {
								"north": {"uv": [0, 0], "uv_size": [14, 1]},
								"east": {"uv": [28, 28], "uv_size": [1, 1]},
								"south": {"uv": [0, 1], "uv_size": [14, 1]},
								"west": {"uv": [0, 29], "uv_size": [1, 1]},
								"up": {"uv": [0, 2], "uv_size": [14, 1]},
								"down": {"uv": [0, 4], "uv_size": [14, -1]}
							}
						},
						{
							"origin": [-37.77422, 1.17537, -7.74319],
							"size": [8.70231, 1.3881, 2.78639],
							"uv": {
								"north": {"uv": [14, 13], "uv_size": [14, 1]},
								"east": {"uv": [29, 6], "uv_size": [1, 1]},
								"south": {"uv": [14, 14], "uv_size": [14, 1]},
								"west": {"uv": [7, 29], "uv_size": [1, 1]},
								"up": {"uv": [0, 15], "uv_size": [14, 1]},
								"down": {"uv": [14, 16], "uv_size": [14, -1]}
							}
						},
						{
							"origin": [-37.77422, 1.17537, -7.74319],
							"size": [8.70231, 1.3881, 2.78639],
							"pivot": [-33.42307, -0.8, -6.35],
							"rotation": [-45, 0, 0],
							"uv": {
								"north": {"uv": [14, 5], "uv_size": [14, 1]},
								"east": {"uv": [29, 4], "uv_size": [1, 1]},
								"south": {"uv": [14, 6], "uv_size": [14, 1]},
								"west": {"uv": [5, 29], "uv_size": [1, 1]},
								"up": {"uv": [14, 7], "uv_size": [14, 1]},
								"down": {"uv": [14, 9], "uv_size": [14, -1]}
							}
						},
						{
							"origin": [-37.77422, -2.19319, -4.37463],
							"size": [8.70231, 2.78639, 1.3881],
							"uv": {
								"north": {"uv": [0, 12], "uv_size": [14, 1]},
								"east": {"uv": [29, 2], "uv_size": [1, 1]},
								"south": {"uv": [0, 13], "uv_size": [14, 1]},
								"west": {"uv": [3, 29], "uv_size": [1, 1]},
								"up": {"uv": [0, 14], "uv_size": [14, 1]},
								"down": {"uv": [14, 1], "uv_size": [14, -1]}
							}
						},
						{
							"origin": [-37.77422, -2.19319, -4.37463],
							"size": [8.70231, 2.78639, 1.3881],
							"pivot": [-33.42307, -0.8, -6.35],
							"rotation": [-45, 0, 0],
							"uv": {
								"north": {"uv": [0, 4], "uv_size": [14, 1]},
								"east": {"uv": [29, 0], "uv_size": [1, 1]},
								"south": {"uv": [0, 5], "uv_size": [14, 1]},
								"west": {"uv": [1, 29], "uv_size": [1, 1]},
								"up": {"uv": [0, 6], "uv_size": [14, 1]},
								"down": {"uv": [0, 8], "uv_size": [14, -1]}
							}
						},
						{
							"origin": [-37.77422, -4.16347, -7.74319],
							"size": [8.70231, 1.3881, 2.78639],
							"uv": {
								"north": {"uv": [14, 9], "uv_size": [14, 1]},
								"east": {"uv": [29, 5], "uv_size": [1, 1]},
								"south": {"uv": [14, 10], "uv_size": [14, 1]},
								"west": {"uv": [6, 29], "uv_size": [1, 1]},
								"up": {"uv": [14, 11], "uv_size": [14, 1]},
								"down": {"uv": [14, 13], "uv_size": [14, -1]}
							}
						},
						{
							"origin": [-37.77422, -4.16347, -7.74319],
							"size": [8.70231, 1.3881, 2.78639],
							"pivot": [-33.42307, -0.8, -6.35],
							"rotation": [-45, 0, 0],
							"uv": {
								"north": {"uv": [14, 1], "uv_size": [14, 1]},
								"east": {"uv": [29, 3], "uv_size": [1, 1]},
								"south": {"uv": [14, 2], "uv_size": [14, 1]},
								"west": {"uv": [4, 29], "uv_size": [1, 1]},
								"up": {"uv": [14, 3], "uv_size": [14, 1]},
								"down": {"uv": [14, 5], "uv_size": [14, -1]}
							}
						},
						{
							"origin": [-47.60094, -2.4579, -10.35253],
							"size": [10.35575, 3.3158, 1.65184],
							"uv": {
								"north": {"uv": [0, 8], "uv_size": [14, 1]},
								"east": {"uv": [29, 1], "uv_size": [1, 1]},
								"south": {"uv": [0, 9], "uv_size": [14, 1]},
								"west": {"uv": [2, 29], "uv_size": [1, 1]},
								"up": {"uv": [0, 10], "uv_size": [14, 1]},
								"down": {"uv": [0, 12], "uv_size": [14, -1]}
							}
						},
						{
							"origin": [-47.60094, -2.4579, -10.35253],
							"size": [10.35575, 3.3158, 1.65184],
							"pivot": [-42.42307, -0.8, -6.35],
							"rotation": [-45, 0, 0],
							"uv": {
								"north": {"uv": [0, 0], "uv_size": [14, 1]},
								"east": {"uv": [28, 28], "uv_size": [1, 1]},
								"south": {"uv": [0, 1], "uv_size": [14, 1]},
								"west": {"uv": [0, 29], "uv_size": [1, 1]},
								"up": {"uv": [0, 2], "uv_size": [14, 1]},
								"down": {"uv": [0, 4], "uv_size": [14, -1]}
							}
						},
						{
							"origin": [-47.60094, 1.55069, -8.0079],
							"size": [10.35575, 1.65184, 3.3158],
							"uv": {
								"north": {"uv": [14, 13], "uv_size": [14, 1]},
								"east": {"uv": [29, 6], "uv_size": [1, 1]},
								"south": {"uv": [14, 14], "uv_size": [14, 1]},
								"west": {"uv": [7, 29], "uv_size": [1, 1]},
								"up": {"uv": [0, 15], "uv_size": [14, 1]},
								"down": {"uv": [14, 16], "uv_size": [14, -1]}
							}
						},
						{
							"origin": [-47.60094, 1.55069, -8.0079],
							"size": [10.35575, 1.65184, 3.3158],
							"pivot": [-42.42307, -0.8, -6.35],
							"rotation": [-45, 0, 0],
							"uv": {
								"north": {"uv": [14, 5], "uv_size": [14, 1]},
								"east": {"uv": [29, 4], "uv_size": [1, 1]},
								"south": {"uv": [14, 6], "uv_size": [14, 1]},
								"west": {"uv": [5, 29], "uv_size": [1, 1]},
								"up": {"uv": [14, 7], "uv_size": [14, 1]},
								"down": {"uv": [14, 9], "uv_size": [14, -1]}
							}
						},
						{
							"origin": [-47.60094, -2.4579, -3.99931],
							"size": [10.35575, 3.3158, 1.65184],
							"uv": {
								"north": {"uv": [0, 12], "uv_size": [14, 1]},
								"east": {"uv": [29, 2], "uv_size": [1, 1]},
								"south": {"uv": [0, 13], "uv_size": [14, 1]},
								"west": {"uv": [3, 29], "uv_size": [1, 1]},
								"up": {"uv": [0, 14], "uv_size": [14, 1]},
								"down": {"uv": [14, 1], "uv_size": [14, -1]}
							}
						},
						{
							"origin": [-47.60094, -2.4579, -3.99931],
							"size": [10.35575, 3.3158, 1.65184],
							"pivot": [-42.42307, -0.8, -6.35],
							"rotation": [-45, 0, 0],
							"uv": {
								"north": {"uv": [0, 4], "uv_size": [14, 1]},
								"east": {"uv": [29, 0], "uv_size": [1, 1]},
								"south": {"uv": [0, 5], "uv_size": [14, 1]},
								"west": {"uv": [1, 29], "uv_size": [1, 1]},
								"up": {"uv": [0, 6], "uv_size": [14, 1]},
								"down": {"uv": [0, 8], "uv_size": [14, -1]}
							}
						},
						{
							"origin": [-47.60094, -4.80253, -8.0079],
							"size": [10.35575, 1.65184, 3.3158],
							"uv": {
								"north": {"uv": [14, 9], "uv_size": [14, 1]},
								"east": {"uv": [29, 5], "uv_size": [1, 1]},
								"south": {"uv": [14, 10], "uv_size": [14, 1]},
								"west": {"uv": [6, 29], "uv_size": [1, 1]},
								"up": {"uv": [14, 11], "uv_size": [14, 1]},
								"down": {"uv": [14, 13], "uv_size": [14, -1]}
							}
						},
						{
							"origin": [-47.60094, -4.80253, -8.0079],
							"size": [10.35575, 1.65184, 3.3158],
							"pivot": [-42.42307, -0.8, -6.35],
							"rotation": [-45, 0, 0],
							"uv": {
								"north": {"uv": [14, 1], "uv_size": [14, 1]},
								"east": {"uv": [29, 3], "uv_size": [1, 1]},
								"south": {"uv": [14, 2], "uv_size": [14, 1]},
								"west": {"uv": [4, 29], "uv_size": [1, 1]},
								"up": {"uv": [14, 3], "uv_size": [14, 1]},
								"down": {"uv": [14, 5], "uv_size": [14, -1]}
							}
						},
						{
							"origin": [-59.68829, -2.80606, -11.19306],
							"size": [12.53045, 4.01212, 1.99872],
							"uv": {
								"north": {"uv": [0, 8], "uv_size": [14, 1]},
								"east": {"uv": [29, 1], "uv_size": [1, 1]},
								"south": {"uv": [0, 9], "uv_size": [14, 1]},
								"west": {"uv": [2, 29], "uv_size": [1, 1]},
								"up": {"uv": [0, 10], "uv_size": [14, 1]},
								"down": {"uv": [0, 12], "uv_size": [14, -1]}
							}
						},
						{
							"origin": [-59.68829, -2.80606, -11.19306],
							"size": [12.53045, 4.01212, 1.99872],
							"pivot": [-53.42307, -0.8, -6.35],
							"rotation": [-45, 0, 0],
							"uv": {
								"north": {"uv": [0, 0], "uv_size": [14, 1]},
								"east": {"uv": [28, 28], "uv_size": [1, 1]},
								"south": {"uv": [0, 1], "uv_size": [14, 1]},
								"west": {"uv": [0, 29], "uv_size": [1, 1]},
								"up": {"uv": [0, 2], "uv_size": [14, 1]},
								"down": {"uv": [0, 4], "uv_size": [14, -1]}
							}
						},
						{
							"origin": [-59.68829, 2.04434, -8.35606],
							"size": [12.53045, 1.99872, 4.01212],
							"uv": {
								"north": {"uv": [14, 13], "uv_size": [14, 1]},
								"east": {"uv": [29, 6], "uv_size": [1, 1]},
								"south": {"uv": [14, 14], "uv_size": [14, 1]},
								"west": {"uv": [7, 29], "uv_size": [1, 1]},
								"up": {"uv": [0, 15], "uv_size": [14, 1]},
								"down": {"uv": [14, 16], "uv_size": [14, -1]}
							}
						},
						{
							"origin": [-59.68829, 2.04434, -8.35606],
							"size": [12.53045, 1.99872, 4.01212],
							"pivot": [-53.42307, -0.8, -6.35],
							"rotation": [-45, 0, 0],
							"uv": {
								"north": {"uv": [14, 5], "uv_size": [14, 1]},
								"east": {"uv": [29, 4], "uv_size": [1, 1]},
								"south": {"uv": [14, 6], "uv_size": [14, 1]},
								"west": {"uv": [5, 29], "uv_size": [1, 1]},
								"up": {"uv": [14, 7], "uv_size": [14, 1]},
								"down": {"uv": [14, 9], "uv_size": [14, -1]}
							}
						},
						{
							"origin": [-59.68829, -2.80606, -3.50566],
							"size": [12.53045, 4.01212, 1.99872],
							"uv": {
								"north": {"uv": [0, 12], "uv_size": [14, 1]},
								"east": {"uv": [29, 2], "uv_size": [1, 1]},
								"south": {"uv": [0, 13], "uv_size": [14, 1]},
								"west": {"uv": [3, 29], "uv_size": [1, 1]},
								"up": {"uv": [0, 14], "uv_size": [14, 1]},
								"down": {"uv": [14, 1], "uv_size": [14, -1]}
							}
						},
						{
							"origin": [-59.68829, -2.80606, -3.50566],
							"size": [12.53045, 4.01212, 1.99872],
							"pivot": [-53.42307, -0.8, -6.35],
							"rotation": [-45, 0, 0],
							"uv": {
								"north": {"uv": [0, 4], "uv_size": [14, 1]},
								"east": {"uv": [29, 0], "uv_size": [1, 1]},
								"south": {"uv": [0, 5], "uv_size": [14, 1]},
								"west": {"uv": [1, 29], "uv_size": [1, 1]},
								"up": {"uv": [0, 6], "uv_size": [14, 1]},
								"down": {"uv": [0, 8], "uv_size": [14, -1]}
							}
						},
						{
							"origin": [-59.68829, -5.64306, -8.35606],
							"size": [12.53045, 1.99872, 4.01212],
							"uv": {
								"north": {"uv": [14, 9], "uv_size": [14, 1]},
								"east": {"uv": [29, 5], "uv_size": [1, 1]},
								"south": {"uv": [14, 10], "uv_size": [14, 1]},
								"west": {"uv": [6, 29], "uv_size": [1, 1]},
								"up": {"uv": [14, 11], "uv_size": [14, 1]},
								"down": {"uv": [14, 13], "uv_size": [14, -1]}
							}
						},
						{
							"origin": [-59.68829, -5.64306, -8.35606],
							"size": [12.53045, 1.99872, 4.01212],
							"pivot": [-53.42307, -0.8, -6.35],
							"rotation": [-45, 0, 0],
							"uv": {
								"north": {"uv": [14, 1], "uv_size": [14, 1]},
								"east": {"uv": [29, 3], "uv_size": [1, 1]},
								"south": {"uv": [14, 2], "uv_size": [14, 1]},
								"west": {"uv": [4, 29], "uv_size": [1, 1]},
								"up": {"uv": [14, 3], "uv_size": [14, 1]},
								"down": {"uv": [14, 5], "uv_size": [14, -1]}
							}
						},
						{
							"origin": [-8.01294, -1.38911, -7.77223],
							"size": [3.67974, 1.17822, 0.58695],
							"uv": {
								"north": {"uv": [0, 8], "uv_size": [14, 1]},
								"east": {"uv": [29, 1], "uv_size": [1, 1]},
								"south": {"uv": [0, 9], "uv_size": [14, 1]},
								"west": {"uv": [2, 29], "uv_size": [1, 1]},
								"up": {"uv": [0, 10], "uv_size": [14, 1]},
								"down": {"uv": [0, 12], "uv_size": [14, -1]}
							}
						},
						{
							"origin": [-8.01294, -1.38911, -7.77223],
							"size": [3.67974, 1.17822, 0.58695],
							"pivot": [-6.17307, -0.8, -6.35],
							"rotation": [-45, 0, 0],
							"uv": {
								"north": {"uv": [0, 0], "uv_size": [14, 1]},
								"east": {"uv": [28, 28], "uv_size": [1, 1]},
								"south": {"uv": [0, 1], "uv_size": [14, 1]},
								"west": {"uv": [0, 29], "uv_size": [1, 1]},
								"up": {"uv": [0, 2], "uv_size": [14, 1]},
								"down": {"uv": [0, 4], "uv_size": [14, -1]}
							}
						},
						{
							"origin": [-8.01294, 0.03528, -6.93911],
							"size": [3.67974, 0.58695, 1.17822],
							"uv": {
								"north": {"uv": [14, 13], "uv_size": [14, 1]},
								"east": {"uv": [29, 6], "uv_size": [1, 1]},
								"south": {"uv": [14, 14], "uv_size": [14, 1]},
								"west": {"uv": [7, 29], "uv_size": [1, 1]},
								"up": {"uv": [0, 15], "uv_size": [14, 1]},
								"down": {"uv": [14, 16], "uv_size": [14, -1]}
							}
						},
						{
							"origin": [-8.01294, 0.03528, -6.93911],
							"size": [3.67974, 0.58695, 1.17822],
							"pivot": [-6.17307, -0.8, -6.35],
							"rotation": [-45, 0, 0],
							"uv": {
								"north": {"uv": [14, 5], "uv_size": [14, 1]},
								"east": {"uv": [29, 4], "uv_size": [1, 1]},
								"south": {"uv": [14, 6], "uv_size": [14, 1]},
								"west": {"uv": [5, 29], "uv_size": [1, 1]},
								"up": {"uv": [14, 7], "uv_size": [14, 1]},
								"down": {"uv": [14, 9], "uv_size": [14, -1]}
							}
						},
						{
							"origin": [-8.01294, -1.38911, -5.51472],
							"size": [3.67974, 1.17822, 0.58695],
							"uv": {
								"north": {"uv": [0, 12], "uv_size": [14, 1]},
								"east": {"uv": [29, 2], "uv_size": [1, 1]},
								"south": {"uv": [0, 13], "uv_size": [14, 1]},
								"west": {"uv": [3, 29], "uv_size": [1, 1]},
								"up": {"uv": [0, 14], "uv_size": [14, 1]},
								"down": {"uv": [14, 1], "uv_size": [14, -1]}
							}
						},
						{
							"origin": [-8.01294, -1.38911, -5.51472],
							"size": [3.67974, 1.17822, 0.58695],
							"pivot": [-6.17307, -0.8, -6.35],
							"rotation": [-45, 0, 0],
							"uv": {
								"north": {"uv": [0, 4], "uv_size": [14, 1]},
								"east": {"uv": [29, 0], "uv_size": [1, 1]},
								"south": {"uv": [0, 5], "uv_size": [14, 1]},
								"west": {"uv": [1, 29], "uv_size": [1, 1]},
								"up": {"uv": [0, 6], "uv_size": [14, 1]},
								"down": {"uv": [0, 8], "uv_size": [14, -1]}
							}
						},
						{
							"origin": [-8.01294, -2.22223, -6.93911],
							"size": [3.67974, 0.58695, 1.17822],
							"uv": {
								"north": {"uv": [14, 9], "uv_size": [14, 1]},
								"east": {"uv": [29, 5], "uv_size": [1, 1]},
								"south": {"uv": [14, 10], "uv_size": [14, 1]},
								"west": {"uv": [6, 29], "uv_size": [1, 1]},
								"up": {"uv": [14, 11], "uv_size": [14, 1]},
								"down": {"uv": [14, 13], "uv_size": [14, -1]}
							}
						},
						{
							"origin": [-8.01294, -2.22223, -6.93911],
							"size": [3.67974, 0.58695, 1.17822],
							"pivot": [-6.17307, -0.8, -6.35],
							"rotation": [-45, 0, 0],
							"uv": {
								"north": {"uv": [14, 1], "uv_size": [14, 1]},
								"east": {"uv": [29, 3], "uv_size": [1, 1]},
								"south": {"uv": [14, 2], "uv_size": [14, 1]},
								"west": {"uv": [4, 29], "uv_size": [1, 1]},
								"up": {"uv": [14, 3], "uv_size": [14, 1]},
								"down": {"uv": [14, 5], "uv_size": [14, -1]}
							}
						},
						{
							"origin": [-2.26475, -1.24943, -7.43501],
							"size": [2.80725, 0.89885, 0.44778],
							"pivot": [0, -0.8, -6.35],
							"rotation": [-45, 0, 0],
							"uv": {
								"north": {"uv": [0, 16], "uv_size": [3, 1]},
								"east": {"uv": [20, 28], "uv_size": [1, 1]},
								"south": {"uv": [3, 16], "uv_size": [3, 1]},
								"west": {"uv": [28, 20], "uv_size": [1, 1]},
								"up": {"uv": [6, 16], "uv_size": [3, 1]},
								"down": {"uv": [9, 17], "uv_size": [3, -1]}
							}
						},
						{
							"origin": [-2.26475, -0.16277, -6.79943],
							"size": [2.80725, 0.44778, 0.89885],
							"uv": {
								"north": {"uv": [0, 20], "uv_size": [3, 1]},
								"east": {"uv": [27, 28], "uv_size": [1, 1]},
								"south": {"uv": [3, 20], "uv_size": [3, 1]},
								"west": {"uv": [28, 27], "uv_size": [1, 1]},
								"up": {"uv": [6, 20], "uv_size": [3, 1]},
								"down": {"uv": [9, 21], "uv_size": [3, -1]}
							}
						},
						{
							"origin": [-2.26475, -1.88501, -6.79943],
							"size": [2.80725, 0.44778, 0.89885],
							"uv": {
								"north": {"uv": [9, 19], "uv_size": [3, 1]},
								"east": {"uv": [26, 28], "uv_size": [1, 1]},
								"south": {"uv": [12, 19], "uv_size": [3, 1]},
								"west": {"uv": [28, 26], "uv_size": [1, 1]},
								"up": {"uv": [15, 19], "uv_size": [3, 1]},
								"down": {"uv": [18, 20], "uv_size": [3, -1]}
							}
						},
						{
							"origin": [-2.26475, -0.16277, -6.79943],
							"size": [2.80725, 0.44778, 0.89885],
							"pivot": [0, -0.8, -6.35],
							"rotation": [-45, 0, 0],
							"uv": {
								"north": {"uv": [18, 18], "uv_size": [3, 1]},
								"east": {"uv": [25, 28], "uv_size": [1, 1]},
								"south": {"uv": [0, 19], "uv_size": [3, 1]},
								"west": {"uv": [28, 25], "uv_size": [1, 1]},
								"up": {"uv": [3, 19], "uv_size": [3, 1]},
								"down": {"uv": [6, 20], "uv_size": [3, -1]}
							}
						},
						{
							"origin": [-2.26475, -1.88501, -6.79943],
							"size": [2.80725, 0.44778, 0.89885],
							"pivot": [0, -0.8, -6.35],
							"rotation": [-45, 0, 0],
							"uv": {
								"north": {"uv": [12, 18], "uv_size": [3, 1]},
								"east": {"uv": [24, 28], "uv_size": [1, 1]},
								"south": {"uv": [15, 18], "uv_size": [3, 1]},
								"west": {"uv": [28, 24], "uv_size": [1, 1]},
								"up": {"uv": [18, 16], "uv_size": [3, 1]},
								"down": {"uv": [18, 18], "uv_size": [3, -1]}
							}
						},
						{
							"origin": [-2.26475, -1.24943, -5.71277],
							"size": [2.80725, 0.89885, 0.44778],
							"uv": {
								"north": {"uv": [0, 18], "uv_size": [3, 1]},
								"east": {"uv": [23, 28], "uv_size": [1, 1]},
								"south": {"uv": [3, 18], "uv_size": [3, 1]},
								"west": {"uv": [28, 23], "uv_size": [1, 1]},
								"up": {"uv": [6, 18], "uv_size": [3, 1]},
								"down": {"uv": [9, 19], "uv_size": [3, -1]}
							}
						},
						{
							"origin": [-2.26475, -1.24943, -7.43501],
							"size": [2.80725, 0.89885, 0.44778],
							"uv": {
								"north": {"uv": [6, 17], "uv_size": [3, 1]},
								"east": {"uv": [22, 28], "uv_size": [1, 1]},
								"south": {"uv": [9, 17], "uv_size": [3, 1]},
								"west": {"uv": [28, 22], "uv_size": [1, 1]},
								"up": {"uv": [12, 17], "uv_size": [3, 1]},
								"down": {"uv": [15, 18], "uv_size": [3, -1]}
							}
						},
						{
							"origin": [-2.26475, -1.24943, -5.71277],
							"size": [2.80725, 0.89885, 0.44778],
							"pivot": [0, -0.8, -6.35],
							"rotation": [-45, 0, 0],
							"uv": {
								"north": {"uv": [12, 16], "uv_size": [3, 1]},
								"east": {"uv": [21, 28], "uv_size": [1, 1]},
								"south": {"uv": [15, 16], "uv_size": [3, 1]},
								"west": {"uv": [28, 21], "uv_size": [1, 1]},
								"up": {"uv": [0, 17], "uv_size": [3, 1]},
								"down": {"uv": [3, 18], "uv_size": [3, -1]}
							}
						},
						{
							"origin": [0.03066, -1.19081, -7.29349],
							"size": [2.44109, 0.78161, 0.38938],
							"pivot": [2, -0.8, -6.35],
							"rotation": [-45, 0, 0],
							"uv": {
								"north": {"uv": [25, 16], "uv_size": [2, 1]},
								"east": {"uv": [12, 28], "uv_size": [1, 1]},
								"south": {"uv": [25, 17], "uv_size": [2, 1]},
								"west": {"uv": [28, 12], "uv_size": [1, 1]},
								"up": {"uv": [18, 25], "uv_size": [2, 1]},
								"down": {"uv": [25, 19], "uv_size": [2, -1]}
							}
						},
						{
							"origin": [0.03066, -1.19081, -5.79589],
							"size": [2.44109, 0.78161, 0.38938],
							"pivot": [2, -0.8, -6.35],
							"rotation": [-45, 0, 0],
							"uv": {
								"north": {"uv": [25, 19], "uv_size": [2, 1]},
								"east": {"uv": [13, 28], "uv_size": [1, 1]},
								"south": {"uv": [20, 25], "uv_size": [2, 1]},
								"west": {"uv": [28, 13], "uv_size": [1, 1]},
								"up": {"uv": [25, 20], "uv_size": [2, 1]},
								"down": {"uv": [25, 22], "uv_size": [2, -1]}
							}
						},
						{
							"origin": [0.03066, -1.19081, -7.29349],
							"size": [2.44109, 0.78161, 0.38938],
							"uv": {
								"north": {"uv": [22, 25], "uv_size": [2, 1]},
								"east": {"uv": [14, 28], "uv_size": [1, 1]},
								"south": {"uv": [24, 25], "uv_size": [2, 1]},
								"west": {"uv": [28, 14], "uv_size": [1, 1]},
								"up": {"uv": [0, 26], "uv_size": [2, 1]},
								"down": {"uv": [2, 27], "uv_size": [2, -1]}
							}
						},
						{
							"origin": [0.03066, -1.19081, -5.79589],
							"size": [2.44109, 0.78161, 0.38938],
							"uv": {
								"north": {"uv": [4, 26], "uv_size": [2, 1]},
								"east": {"uv": [15, 28], "uv_size": [1, 1]},
								"south": {"uv": [6, 26], "uv_size": [2, 1]},
								"west": {"uv": [28, 15], "uv_size": [1, 1]},
								"up": {"uv": [8, 26], "uv_size": [2, 1]},
								"down": {"uv": [10, 27], "uv_size": [2, -1]}
							}
						},
						{
							"origin": [0.03066, -1.74349, -6.74081],
							"size": [2.44109, 0.38938, 0.78161],
							"pivot": [2, -0.8, -6.35],
							"rotation": [-45, 0, 0],
							"uv": {
								"north": {"uv": [12, 26], "uv_size": [2, 1]},
								"east": {"uv": [16, 28], "uv_size": [1, 1]},
								"south": {"uv": [14, 26], "uv_size": [2, 1]},
								"west": {"uv": [28, 16], "uv_size": [1, 1]},
								"up": {"uv": [16, 26], "uv_size": [2, 1]},
								"down": {"uv": [18, 27], "uv_size": [2, -1]}
							}
						},
						{
							"origin": [0.03066, -0.24589, -6.74081],
							"size": [2.44109, 0.38938, 0.78161],
							"pivot": [2, -0.8, -6.35],
							"rotation": [-45, 0, 0],
							"uv": {
								"north": {"uv": [20, 26], "uv_size": [2, 1]},
								"east": {"uv": [17, 28], "uv_size": [1, 1]},
								"south": {"uv": [22, 26], "uv_size": [2, 1]},
								"west": {"uv": [28, 17], "uv_size": [1, 1]},
								"up": {"uv": [26, 22], "uv_size": [2, 1]},
								"down": {"uv": [26, 24], "uv_size": [2, -1]}
							}
						},
						{
							"origin": [0.03066, -1.74349, -6.74081],
							"size": [2.44109, 0.38938, 0.78161],
							"uv": {
								"north": {"uv": [24, 26], "uv_size": [2, 1]},
								"east": {"uv": [18, 28], "uv_size": [1, 1]},
								"south": {"uv": [26, 24], "uv_size": [2, 1]},
								"west": {"uv": [28, 18], "uv_size": [1, 1]},
								"up": {"uv": [26, 25], "uv_size": [2, 1]},
								"down": {"uv": [26, 27], "uv_size": [2, -1]}
							}
						},
						{
							"origin": [0.03066, -0.24589, -6.74081],
							"size": [2.44109, 0.38938, 0.78161],
							"uv": {
								"north": {"uv": [0, 27], "uv_size": [2, 1]},
								"east": {"uv": [19, 28], "uv_size": [1, 1]},
								"south": {"uv": [2, 27], "uv_size": [2, 1]},
								"west": {"uv": [28, 19], "uv_size": [1, 1]},
								"up": {"uv": [4, 27], "uv_size": [2, 1]},
								"down": {"uv": [6, 28], "uv_size": [2, -1]}
							}
						},
						{
							"origin": [2.3168, -1.13402, -7.1564],
							"size": [2.0864, 0.66804, 0.3328],
							"pivot": [4, -0.8, -6.35],
							"rotation": [-45, 0, 0],
							"uv": {
								"north": {"uv": [23, 17], "uv_size": [2, 1]},
								"east": {"uv": [4, 28], "uv_size": [1, 1]},
								"south": {"uv": [18, 23], "uv_size": [2, 1]},
								"west": {"uv": [28, 4], "uv_size": [1, 1]},
								"up": {"uv": [23, 18], "uv_size": [2, 1]},
								"down": {"uv": [23, 20], "uv_size": [2, -1]}
							}
						},
						{
							"origin": [2.3168, -1.13402, -5.8764],
							"size": [2.0864, 0.66804, 0.3328],
							"pivot": [4, -0.8, -6.35],
							"rotation": [-45, 0, 0],
							"uv": {
								"north": {"uv": [20, 23], "uv_size": [2, 1]},
								"east": {"uv": [5, 28], "uv_size": [1, 1]},
								"south": {"uv": [23, 20], "uv_size": [2, 1]},
								"west": {"uv": [28, 5], "uv_size": [1, 1]},
								"up": {"uv": [23, 21], "uv_size": [2, 1]},
								"down": {"uv": [22, 24], "uv_size": [2, -1]}
							}
						},
						{
							"origin": [2.3168, -1.13402, -7.1564],
							"size": [2.0864, 0.66804, 0.3328],
							"uv": {
								"north": {"uv": [0, 24], "uv_size": [2, 1]},
								"east": {"uv": [6, 28], "uv_size": [1, 1]},
								"south": {"uv": [2, 24], "uv_size": [2, 1]},
								"west": {"uv": [28, 6], "uv_size": [1, 1]},
								"up": {"uv": [4, 24], "uv_size": [2, 1]},
								"down": {"uv": [6, 25], "uv_size": [2, -1]}
							}
						},
						{
							"origin": [2.3168, -1.13402, -5.8764],
							"size": [2.0864, 0.66804, 0.3328],
							"uv": {
								"north": {"uv": [8, 24], "uv_size": [2, 1]},
								"east": {"uv": [7, 28], "uv_size": [1, 1]},
								"south": {"uv": [10, 24], "uv_size": [2, 1]},
								"west": {"uv": [28, 7], "uv_size": [1, 1]},
								"up": {"uv": [12, 24], "uv_size": [2, 1]},
								"down": {"uv": [14, 25], "uv_size": [2, -1]}
							}
						},
						{
							"origin": [2.3168, -1.6064, -6.68402],
							"size": [2.0864, 0.3328, 0.66804],
							"pivot": [4, -0.8, -6.35],
							"rotation": [-45, 0, 0],
							"uv": {
								"north": {"uv": [16, 24], "uv_size": [2, 1]},
								"east": {"uv": [8, 28], "uv_size": [1, 1]},
								"south": {"uv": [18, 24], "uv_size": [2, 1]},
								"west": {"uv": [28, 8], "uv_size": [1, 1]},
								"up": {"uv": [20, 24], "uv_size": [2, 1]},
								"down": {"uv": [22, 25], "uv_size": [2, -1]}
							}
						},
						{
							"origin": [2.3168, -0.3264, -6.68402],
							"size": [2.0864, 0.3328, 0.66804],
							"pivot": [4, -0.8, -6.35],
							"rotation": [-45, 0, 0],
							"uv": {
								"north": {"uv": [24, 22], "uv_size": [2, 1]},
								"east": {"uv": [9, 28], "uv_size": [1, 1]},
								"south": {"uv": [24, 23], "uv_size": [2, 1]},
								"west": {"uv": [28, 9], "uv_size": [1, 1]},
								"up": {"uv": [24, 24], "uv_size": [2, 1]},
								"down": {"uv": [0, 26], "uv_size": [2, -1]}
							}
						},
						{
							"origin": [2.3168, -1.6064, -6.68402],
							"size": [2.0864, 0.3328, 0.66804],
							"uv": {
								"north": {"uv": [2, 25], "uv_size": [2, 1]},
								"east": {"uv": [10, 28], "uv_size": [1, 1]},
								"south": {"uv": [4, 25], "uv_size": [2, 1]},
								"west": {"uv": [28, 10], "uv_size": [1, 1]},
								"up": {"uv": [6, 25], "uv_size": [2, 1]},
								"down": {"uv": [8, 26], "uv_size": [2, -1]}
							}
						},
						{
							"origin": [2.3168, -0.3264, -6.68402],
							"size": [2.0864, 0.3328, 0.66804],
							"uv": {
								"north": {"uv": [10, 25], "uv_size": [2, 1]},
								"east": {"uv": [11, 28], "uv_size": [1, 1]},
								"south": {"uv": [12, 25], "uv_size": [2, 1]},
								"west": {"uv": [28, 11], "uv_size": [1, 1]},
								"up": {"uv": [14, 25], "uv_size": [2, 1]},
								"down": {"uv": [16, 26], "uv_size": [2, -1]}
							}
						},
						{
							"origin": [4.185, -1.06095, -6.98],
							"size": [1.63, 0.52191, 0.26],
							"pivot": [5.5, -0.8, -6.35],
							"rotation": [-45, 0, 0],
							"uv": {
								"north": {"uv": [6, 21], "uv_size": [2, 1]},
								"east": {"uv": [21, 27], "uv_size": [1, 1]},
								"south": {"uv": [8, 21], "uv_size": [2, 1]},
								"west": {"uv": [27, 21], "uv_size": [1, 1]},
								"up": {"uv": [10, 21], "uv_size": [2, 1]},
								"down": {"uv": [12, 22], "uv_size": [2, -1]}
							}
						},
						{
							"origin": [4.185, -1.06095, -5.98],
							"size": [1.63, 0.52191, 0.26],
							"pivot": [5.5, -0.8, -6.35],
							"rotation": [-45, 0, 0],
							"uv": {
								"north": {"uv": [4, 23], "uv_size": [2, 1]},
								"east": {"uv": [2, 28], "uv_size": [1, 1]},
								"south": {"uv": [6, 23], "uv_size": [2, 1]},
								"west": {"uv": [28, 2], "uv_size": [1, 1]},
								"up": {"uv": [8, 23], "uv_size": [2, 1]},
								"down": {"uv": [10, 24], "uv_size": [2, -1]}
							}
						},
						{
							"origin": [4.185, -1.06095, -6.98],
							"size": [1.63, 0.52191, 0.26],
							"uv": {
								"north": {"uv": [14, 21], "uv_size": [2, 1]},
								"east": {"uv": [22, 27], "uv_size": [1, 1]},
								"south": {"uv": [16, 21], "uv_size": [2, 1]},
								"west": {"uv": [23, 27], "uv_size": [1, 1]},
								"up": {"uv": [21, 16], "uv_size": [2, 1]},
								"down": {"uv": [21, 18], "uv_size": [2, -1]}
							}
						},
						{
							"origin": [4.185, -1.06095, -5.98],
							"size": [1.63, 0.52191, 0.26],
							"uv": {
								"north": {"uv": [20, 22], "uv_size": [2, 1]},
								"east": {"uv": [1, 28], "uv_size": [1, 1]},
								"south": {"uv": [22, 22], "uv_size": [2, 1]},
								"west": {"uv": [28, 1], "uv_size": [1, 1]},
								"up": {"uv": [0, 23], "uv_size": [2, 1]},
								"down": {"uv": [2, 24], "uv_size": [2, -1]}
							}
						},
						{
							"origin": [4.185, -1.43, -6.61095],
							"size": [1.63, 0.26, 0.52191],
							"pivot": [5.5, -0.8, -6.35],
							"rotation": [-45, 0, 0],
							"uv": {
								"north": {"uv": [21, 18], "uv_size": [2, 1]},
								"east": {"uv": [24, 27], "uv_size": [1, 1]},
								"south": {"uv": [21, 19], "uv_size": [2, 1]},
								"west": {"uv": [25, 27], "uv_size": [1, 1]},
								"up": {"uv": [21, 20], "uv_size": [2, 1]},
								"down": {"uv": [21, 22], "uv_size": [2, -1]}
							}
						},
						{
							"origin": [4.185, -0.43, -6.61095],
							"size": [1.63, 0.26, 0.52191],
							"pivot": [5.5, -0.8, -6.35],
							"rotation": [-45, 0, 0],
							"uv": {
								"north": {"uv": [12, 23], "uv_size": [2, 1]},
								"east": {"uv": [3, 28], "uv_size": [1, 1]},
								"south": {"uv": [14, 23], "uv_size": [2, 1]},
								"west": {"uv": [28, 3], "uv_size": [1, 1]},
								"up": {"uv": [16, 23], "uv_size": [2, 1]},
								"down": {"uv": [23, 17], "uv_size": [2, -1]}
							}
						},
						{
							"origin": [4.185, -1.43, -6.61095],
							"size": [1.63, 0.26, 0.52191],
							"uv": {
								"north": {"uv": [1, 22], "uv_size": [2, 1]},
								"east": {"uv": [26, 27], "uv_size": [1, 1]},
								"south": {"uv": [3, 22], "uv_size": [2, 1]},
								"west": {"uv": [27, 27], "uv_size": [1, 1]},
								"up": {"uv": [6, 22], "uv_size": [2, 1]},
								"down": {"uv": [8, 23], "uv_size": [2, -1]}
							}
						},
						{
							"origin": [4.185, -0.43, -6.61095],
							"size": [1.63, 0.26, 0.52191],
							"uv": {
								"north": {"uv": [10, 22], "uv_size": [2, 1]},
								"east": {"uv": [0, 28], "uv_size": [1, 1]},
								"south": {"uv": [12, 22], "uv_size": [2, 1]},
								"west": {"uv": [28, 0], "uv_size": [1, 1]},
								"up": {"uv": [14, 22], "uv_size": [2, 1]},
								"down": {"uv": [16, 23], "uv_size": [2, -1]}
							}
						}
					]
				}
			]
		}
	]
}