{
	"format_version": "1.12.0",
	"minecraft:geometry": [
		{
			"description": {
				"identifier": "geometry.scope_standard_8x - Converted",
				"texture_width": 512,
				"texture_height": 512,
				"visible_bounds_width": 22,
				"visible_bounds_height": 15,
				"visible_bounds_offset": [0, 0.5, 0]
			},
			"bones": [
				{
					"name": "scope_body",
					"pivot": [0, 7.575, 0.125]
				},
				{
					"name": "1_6",
					"parent": "scope_body",
					"pivot": [0, 0.6875, -0.1875]
				},
				{
					"name": "iron_sight_ring",
					"parent": "1_6",
					"pivot": [0, 0.6875, -0.1875],
					"cubes": [
						{
							"origin": [0.875, 1.1875, 2],
							"size": [0.25, 1.25, 0.375],
							"uv": {
								"north": {"uv": [344, 244], "uv_size": [1, 5]},
								"east": {"uv": [268, 332], "uv_size": [2, 5]},
								"south": {"uv": [344, 252], "uv_size": [1, 5]},
								"west": {"uv": [272, 332], "uv_size": [2, 5]}
							}
						},
						{
							"origin": [-1.125, 1.1875, 2],
							"size": [0.25, 1.25, 0.375],
							"uv": {
								"north": {"uv": [344, 260], "uv_size": [1, 5]},
								"east": {"uv": [276, 332], "uv_size": [2, 5]},
								"south": {"uv": [344, 268], "uv_size": [1, 5]},
								"west": {"uv": [292, 332], "uv_size": [2, 5]}
							}
						},
						{
							"origin": [-0.625, 0.6875, 2],
							"size": [1.25, 0.25, 0.375],
							"uv": {
								"north": {"uv": [276, 344], "uv_size": [5, 1]},
								"south": {"uv": [344, 276], "uv_size": [5, 1]},
								"up": {"uv": [332, 236], "uv_size": [5, 2]},
								"down": {"uv": [296, 334], "uv_size": [5, -2]}
							}
						},
						{
							"origin": [-0.625, 2.6875, 2],
							"size": [1.25, 0.25, 0.375],
							"uv": {
								"north": {"uv": [344, 280], "uv_size": [5, 1]},
								"south": {"uv": [284, 344], "uv_size": [5, 1]},
								"up": {"uv": [304, 332], "uv_size": [5, 2]},
								"down": {"uv": [332, 314], "uv_size": [5, -2]}
							}
						},
						{
							"origin": [-1.20136, 2.62186, 2],
							"size": [0.7071, 0.25, 0.375],
							"pivot": [-0.63886, 2.74686, 2.1875],
							"rotation": [0, 0, -45],
							"uv": {
								"north": {"uv": [344, 348], "uv_size": [3, 1]},
								"south": {"uv": [348, 344], "uv_size": [3, 1]},
								"up": {"uv": [340, 236], "uv_size": [3, 2]},
								"down": {"uv": [276, 342], "uv_size": [3, -2]}
							}
						},
						{
							"origin": [-1.04235, 0.46285, 2],
							"size": [0.7071, 0.25, 0.375],
							"pivot": [-0.47985, 2.58785, 2.1875],
							"rotation": [0, 0, -45],
							"uv": {
								"north": {"uv": [348, 348], "uv_size": [3, 1]},
								"south": {"uv": [352, 212], "uv_size": [3, 1]},
								"up": {"uv": [280, 340], "uv_size": [3, 2]},
								"down": {"uv": [340, 282], "uv_size": [3, -2]}
							}
						},
						{
							"origin": [0.98744, 1.45895, 2],
							"size": [0.25, 0.7071, 0.375],
							"pivot": [0, 1.8125, 2.1875],
							"rotation": [0, 0, -45],
							"uv": {
								"north": {"uv": [352, 216], "uv_size": [1, 3]},
								"east": {"uv": [284, 340], "uv_size": [2, 3]},
								"south": {"uv": [352, 220], "uv_size": [1, 3]},
								"west": {"uv": [340, 284], "uv_size": [2, 3]}
							}
						},
						{
							"origin": [-1.23744, 1.45895, 2],
							"size": [0.25, 0.7071, 0.375],
							"pivot": [0, 1.8125, 2.1875],
							"rotation": [0, 0, -45],
							"uv": {
								"north": {"uv": [352, 224], "uv_size": [1, 3]},
								"east": {"uv": [288, 340], "uv_size": [2, 3]},
								"south": {"uv": [352, 228], "uv_size": [1, 3]},
								"west": {"uv": [340, 288], "uv_size": [2, 3]}
							}
						}
					]
				},
				{
					"name": "octagon",
					"parent": "iron_sight_ring",
					"pivot": [0, 0.6875, -0.1875]
				},
				{
					"name": "rear_lens",
					"parent": "1_6",
					"pivot": [0.5, 1.25, 2.8125]
				},
				{
					"name": "rear_scope",
					"parent": "1_6",
					"pivot": [0, 0.6875, -0.1875]
				},
				{
					"name": "octagon9",
					"parent": "rear_scope",
					"pivot": [0, 0.6875, -0.1875],
					"cubes": [
						{
							"origin": [-1.09375, 1.35945, -0.625],
							"size": [0.125, 0.9061, 0.75],
							"uv": {
								"north": {"uv": [344, 284], "uv_size": [1, 4]},
								"east": {"uv": [316, 252], "uv_size": [3, 4]},
								"south": {"uv": [344, 288], "uv_size": [1, 4]}
							}
						},
						{
							"origin": [-0.45305, 0.71875, -0.625],
							"size": [0.9061, 0.125, 0.75],
							"pivot": [0, 1.8125, -0.25],
							"rotation": [0, 0, 45],
							"uv": {
								"north": {"uv": [292, 344], "uv_size": [4, 1]},
								"south": {"uv": [344, 292], "uv_size": [4, 1]},
								"down": {"uv": [316, 259], "uv_size": [4, -3]}
							}
						},
						{
							"origin": [0.96875, 1.35945, -0.625],
							"size": [0.125, 0.9061, 0.75],
							"uv": {
								"north": {"uv": [296, 344], "uv_size": [1, 4]},
								"south": {"uv": [344, 296], "uv_size": [1, 4]},
								"west": {"uv": [284, 316], "uv_size": [3, 4]}
							}
						},
						{
							"origin": [-0.45305, 2.78125, -0.625],
							"size": [0.9061, 0.125, 0.75],
							"pivot": [0, 1.8125, -0.25],
							"rotation": [0, 0, 45],
							"uv": {
								"north": {"uv": [300, 344], "uv_size": [4, 1]},
								"south": {"uv": [344, 300], "uv_size": [4, 1]},
								"up": {"uv": [288, 316], "uv_size": [4, 3]}
							}
						},
						{
							"origin": [-0.45305, 0.71875, -0.625],
							"size": [0.9061, 0.125, 0.75],
							"uv": {
								"north": {"uv": [304, 344], "uv_size": [4, 1]},
								"south": {"uv": [344, 304], "uv_size": [4, 1]},
								"down": {"uv": [292, 319], "uv_size": [4, -3]}
							}
						},
						{
							"origin": [0.96875, 1.35945, -0.625],
							"size": [0.125, 0.9061, 0.75],
							"pivot": [0, 1.8125, -0.25],
							"rotation": [0, 0, 45],
							"uv": {
								"north": {"uv": [308, 344], "uv_size": [1, 4]},
								"south": {"uv": [312, 344], "uv_size": [1, 4]},
								"west": {"uv": [296, 316], "uv_size": [3, 4]}
							}
						},
						{
							"origin": [-0.45305, 2.78125, -0.625],
							"size": [0.9061, 0.125, 0.75],
							"uv": {
								"north": {"uv": [316, 344], "uv_size": [4, 1]},
								"south": {"uv": [344, 316], "uv_size": [4, 1]},
								"up": {"uv": [300, 316], "uv_size": [4, 3]}
							}
						},
						{
							"origin": [-1.09375, 1.35945, -0.625],
							"size": [0.125, 0.9061, 0.75],
							"pivot": [0, 1.8125, -0.25],
							"rotation": [0, 0, 45],
							"uv": {
								"north": {"uv": [320, 344], "uv_size": [1, 4]},
								"east": {"uv": [316, 312], "uv_size": [3, 4]},
								"south": {"uv": [324, 344], "uv_size": [1, 4]}
							}
						}
					]
				},
				{
					"name": "hexadecagon5",
					"parent": "rear_scope",
					"pivot": [0, 0.6875, -0.1875],
					"cubes": [
						{
							"origin": [-0.21134, 0.75, -0.9375],
							"size": [0.42268, 0.1875, 3.375],
							"pivot": [0, 1.8125, 1.4375],
							"rotation": [0, 0, -45],
							"uv": {
								"north": {"uv": [308, 360], "uv_size": [2, 1]},
								"south": {"uv": [360, 308], "uv_size": [2, 1]},
								"up": {"uv": [268, 264], "uv_size": [2, 14]},
								"down": {"uv": [272, 226], "uv_size": [2, -14]}
							}
						},
						{
							"origin": [-0.21134, 0.75, -0.9375],
							"size": [0.42268, 0.1875, 3.375],
							"pivot": [0, 1.8125, 1.4375],
							"rotation": [0, 0, -22.5],
							"uv": {
								"north": {"uv": [312, 360], "uv_size": [2, 1]},
								"south": {"uv": [360, 312], "uv_size": [2, 1]},
								"up": {"uv": [272, 228], "uv_size": [2, 14]},
								"down": {"uv": [272, 258], "uv_size": [2, -14]}
							}
						},
						{
							"origin": [-0.21134, 0.75, -0.9375],
							"size": [0.42268, 0.1875, 3.375],
							"uv": {
								"north": {"uv": [316, 360], "uv_size": [2, 1]},
								"south": {"uv": [360, 316], "uv_size": [2, 1]},
								"up": {"uv": [272, 260], "uv_size": [2, 14]},
								"down": {"uv": [276, 226], "uv_size": [2, -14]}
							}
						},
						{
							"origin": [-0.21134, 0.75, -0.9375],
							"size": [0.42268, 0.1875, 3.375],
							"pivot": [0, 1.8125, 1.4375],
							"rotation": [0, 0, 22.5],
							"uv": {
								"north": {"uv": [320, 360], "uv_size": [2, 1]},
								"south": {"uv": [360, 320], "uv_size": [2, 1]},
								"up": {"uv": [276, 228], "uv_size": [2, 14]},
								"down": {"uv": [276, 258], "uv_size": [2, -14]}
							}
						},
						{
							"origin": [-0.21134, 0.75, -0.9375],
							"size": [0.42268, 0.1875, 3.375],
							"pivot": [0, 1.8125, 1.4375],
							"rotation": [0, 0, 45],
							"uv": {
								"north": {"uv": [324, 360], "uv_size": [2, 1]},
								"south": {"uv": [360, 324], "uv_size": [2, 1]},
								"up": {"uv": [276, 260], "uv_size": [2, 14]},
								"down": {"uv": [272, 290], "uv_size": [2, -14]}
							}
						},
						{
							"origin": [-0.21134, 2.6875, -0.9375],
							"size": [0.42268, 0.1875, 3.375],
							"pivot": [0, 1.8125, 1.4375],
							"rotation": [0, 0, -45],
							"uv": {
								"north": {"uv": [328, 360], "uv_size": [2, 1]},
								"south": {"uv": [360, 328], "uv_size": [2, 1]},
								"up": {"uv": [276, 276], "uv_size": [2, 14]},
								"down": {"uv": [280, 226], "uv_size": [2, -14]}
							}
						},
						{
							"origin": [-0.21134, 2.6875, -0.9375],
							"size": [0.42268, 0.1875, 3.375],
							"pivot": [0, 1.8125, 1.4375],
							"rotation": [0, 0, -22.5],
							"uv": {
								"north": {"uv": [332, 360], "uv_size": [2, 1]},
								"south": {"uv": [360, 332], "uv_size": [2, 1]},
								"up": {"uv": [280, 228], "uv_size": [2, 14]},
								"down": {"uv": [280, 258], "uv_size": [2, -14]}
							}
						},
						{
							"origin": [-0.21134, 2.6875, -0.9375],
							"size": [0.42268, 0.1875, 3.375],
							"uv": {
								"north": {"uv": [336, 360], "uv_size": [2, 1]},
								"south": {"uv": [360, 336], "uv_size": [2, 1]},
								"up": {"uv": [280, 260], "uv_size": [2, 14]},
								"down": {"uv": [268, 294], "uv_size": [2, -14]}
							}
						},
						{
							"origin": [-0.21134, 2.6875, -0.9375],
							"size": [0.42268, 0.1875, 3.375],
							"pivot": [0, 1.8125, 1.4375],
							"rotation": [0, 0, 22.5],
							"uv": {
								"north": {"uv": [340, 360], "uv_size": [2, 1]},
								"south": {"uv": [360, 340], "uv_size": [2, 1]},
								"up": {"uv": [280, 276], "uv_size": [2, 14]},
								"down": {"uv": [284, 226], "uv_size": [2, -14]}
							}
						},
						{
							"origin": [-0.21134, 2.6875, -0.9375],
							"size": [0.42268, 0.1875, 3.375],
							"pivot": [0, 1.8125, 1.4375],
							"rotation": [0, 0, 45],
							"uv": {
								"north": {"uv": [344, 360], "uv_size": [2, 1]},
								"south": {"uv": [360, 344], "uv_size": [2, 1]},
								"up": {"uv": [284, 228], "uv_size": [2, 14]},
								"down": {"uv": [284, 258], "uv_size": [2, -14]}
							}
						},
						{
							"origin": [0.875, 1.60116, -0.9375],
							"size": [0.1875, 0.42268, 3.375],
							"pivot": [0, 1.8125, 1.4375],
							"rotation": [0, 0, -22.5],
							"uv": {
								"north": {"uv": [348, 360], "uv_size": [1, 2]},
								"east": {"uv": [284, 260], "uv_size": [14, 2]},
								"south": {"uv": [360, 348], "uv_size": [1, 2]},
								"west": {"uv": [284, 264], "uv_size": [14, 2]}
							}
						},
						{
							"origin": [0.875, 1.60116, -0.9375],
							"size": [0.1875, 0.42268, 3.375],
							"uv": {
								"north": {"uv": [352, 360], "uv_size": [1, 2]},
								"east": {"uv": [284, 268], "uv_size": [14, 2]},
								"south": {"uv": [360, 352], "uv_size": [1, 2]},
								"west": {"uv": [284, 272], "uv_size": [14, 2]}
							}
						},
						{
							"origin": [0.875, 1.60116, -0.9375],
							"size": [0.1875, 0.42268, 3.375],
							"pivot": [0, 1.8125, 1.4375],
							"rotation": [0, 0, 22.5],
							"uv": {
								"north": {"uv": [356, 360], "uv_size": [1, 2]},
								"east": {"uv": [284, 276], "uv_size": [14, 2]},
								"south": {"uv": [360, 356], "uv_size": [1, 2]},
								"west": {"uv": [284, 280], "uv_size": [14, 2]}
							}
						},
						{
							"origin": [-1.0625, 1.60116, -0.9375],
							"size": [0.1875, 0.42268, 3.375],
							"pivot": [0, 1.8125, 1.4375],
							"rotation": [0, 0, -22.5],
							"uv": {
								"north": {"uv": [360, 360], "uv_size": [1, 2]},
								"east": {"uv": [284, 284], "uv_size": [14, 2]},
								"south": {"uv": [364, 212], "uv_size": [1, 2]},
								"west": {"uv": [288, 212], "uv_size": [14, 2]}
							}
						},
						{
							"origin": [-1.0625, 1.60116, -0.9375],
							"size": [0.1875, 0.42268, 3.375],
							"uv": {
								"north": {"uv": [364, 216], "uv_size": [1, 2]},
								"east": {"uv": [288, 216], "uv_size": [14, 2]},
								"south": {"uv": [364, 220], "uv_size": [1, 2]},
								"west": {"uv": [288, 220], "uv_size": [14, 2]}
							}
						},
						{
							"origin": [-1.0625, 1.60116, -0.9375],
							"size": [0.1875, 0.42268, 3.375],
							"pivot": [0, 1.8125, 1.4375],
							"rotation": [0, 0, 22.5],
							"uv": {
								"north": {"uv": [364, 224], "uv_size": [1, 2]},
								"east": {"uv": [288, 224], "uv_size": [14, 2]},
								"south": {"uv": [364, 228], "uv_size": [1, 2]},
								"west": {"uv": [288, 228], "uv_size": [14, 2]}
							}
						},
						{
							"origin": [-0.18648, 0.875, 2.4375],
							"size": [0.37296, 0.0625, 0.25],
							"pivot": [0, 1.8125, 2.1875],
							"rotation": [0, 0, -45],
							"uv": {
								"up": {"uv": [372, 276], "uv_size": [1, 1]},
								"down": {"uv": [280, 373], "uv_size": [1, -1]}
							}
						},
						{
							"origin": [-0.18648, 0.875, 2.4375],
							"size": [0.37296, 0.0625, 0.25],
							"pivot": [0, 1.8125, 2.1875],
							"rotation": [0, 0, -22.5],
							"uv": {
								"up": {"uv": [372, 280], "uv_size": [1, 1]},
								"down": {"uv": [284, 373], "uv_size": [1, -1]}
							}
						},
						{
							"origin": [-0.18648, 0.875, 2.4375],
							"size": [0.37296, 0.0625, 0.25],
							"uv": {
								"up": {"uv": [372, 284], "uv_size": [1, 1]},
								"down": {"uv": [288, 373], "uv_size": [1, -1]}
							}
						},
						{
							"origin": [-0.18648, 0.875, 2.4375],
							"size": [0.37296, 0.0625, 0.25],
							"pivot": [0, 1.8125, 2.1875],
							"rotation": [0, 0, 22.5],
							"uv": {
								"up": {"uv": [372, 288], "uv_size": [1, 1]},
								"down": {"uv": [292, 373], "uv_size": [1, -1]}
							}
						},
						{
							"origin": [-0.18648, 0.875, 2.4375],
							"size": [0.37296, 0.0625, 0.25],
							"pivot": [0, 1.8125, 2.1875],
							"rotation": [0, 0, 45],
							"uv": {
								"up": {"uv": [372, 292], "uv_size": [1, 1]},
								"down": {"uv": [296, 373], "uv_size": [1, -1]}
							}
						},
						{
							"origin": [-0.18648, 2.6875, 2.4375],
							"size": [0.37296, 0.0625, 0.25],
							"pivot": [0, 1.8125, 2.1875],
							"rotation": [0, 0, -45],
							"uv": {
								"up": {"uv": [372, 296], "uv_size": [1, 1]},
								"down": {"uv": [300, 373], "uv_size": [1, -1]}
							}
						},
						{
							"origin": [-0.18648, 2.6875, 2.4375],
							"size": [0.37296, 0.0625, 0.25],
							"pivot": [0, 1.8125, 2.1875],
							"rotation": [0, 0, -22.5],
							"uv": {
								"up": {"uv": [372, 300], "uv_size": [1, 1]},
								"down": {"uv": [304, 373], "uv_size": [1, -1]}
							}
						},
						{
							"origin": [-0.18648, 2.6875, 2.4375],
							"size": [0.37296, 0.0625, 0.25],
							"uv": {
								"up": {"uv": [372, 304], "uv_size": [1, 1]},
								"down": {"uv": [308, 373], "uv_size": [1, -1]}
							}
						},
						{
							"origin": [-0.18648, 2.6875, 2.4375],
							"size": [0.37296, 0.0625, 0.25],
							"pivot": [0, 1.8125, 2.1875],
							"rotation": [0, 0, 22.5],
							"uv": {
								"up": {"uv": [372, 308], "uv_size": [1, 1]},
								"down": {"uv": [312, 373], "uv_size": [1, -1]}
							}
						},
						{
							"origin": [-0.18648, 2.6875, 2.4375],
							"size": [0.37296, 0.0625, 0.25],
							"pivot": [0, 1.8125, 2.1875],
							"rotation": [0, 0, 45],
							"uv": {
								"up": {"uv": [372, 312], "uv_size": [1, 1]},
								"down": {"uv": [316, 373], "uv_size": [1, -1]}
							}
						},
						{
							"origin": [0.875, 1.62602, 2.4375],
							"size": [0.0625, 0.37296, 0.25],
							"pivot": [0, 1.8125, 2.1875],
							"rotation": [0, 0, -22.5],
							"uv": {
								"east": {"uv": [372, 316], "uv_size": [1, 1]},
								"west": {"uv": [320, 372], "uv_size": [1, 1]}
							}
						},
						{
							"origin": [0.875, 1.62602, 2.4375],
							"size": [0.0625, 0.37296, 0.25],
							"uv": {
								"east": {"uv": [372, 320], "uv_size": [1, 1]},
								"west": {"uv": [324, 372], "uv_size": [1, 1]}
							}
						},
						{
							"origin": [0.875, 1.62602, 2.4375],
							"size": [0.0625, 0.37296, 0.25],
							"pivot": [0, 1.8125, 2.1875],
							"rotation": [0, 0, 22.5],
							"uv": {
								"east": {"uv": [372, 324], "uv_size": [1, 1]},
								"west": {"uv": [328, 372], "uv_size": [1, 1]}
							}
						},
						{
							"origin": [-0.9375, 1.62602, 2.4375],
							"size": [0.0625, 0.37296, 0.25],
							"pivot": [0, 1.8125, 2.1875],
							"rotation": [0, 0, -22.5],
							"uv": {
								"east": {"uv": [372, 328], "uv_size": [1, 1]},
								"west": {"uv": [332, 372], "uv_size": [1, 1]}
							}
						},
						{
							"origin": [-0.9375, 1.62602, 2.4375],
							"size": [0.0625, 0.37296, 0.25],
							"uv": {
								"east": {"uv": [372, 332], "uv_size": [1, 1]},
								"west": {"uv": [336, 372], "uv_size": [1, 1]}
							}
						},
						{
							"origin": [-0.9375, 1.62602, 2.4375],
							"size": [0.0625, 0.37296, 0.25],
							"pivot": [0, 1.8125, 2.1875],
							"rotation": [0, 0, 22.5],
							"uv": {
								"east": {"uv": [372, 336], "uv_size": [1, 1]},
								"west": {"uv": [340, 372], "uv_size": [1, 1]}
							}
						}
					]
				},
				{
					"name": "knob",
					"parent": "1_6",
					"pivot": [0, 0.6875, -0.1875]
				},
				{
					"name": "octagon8",
					"parent": "knob",
					"pivot": [-1.4375, 0.6875, -0.1875],
					"cubes": [
						{
							"origin": [-0.31066, 2.75, -4.5625],
							"size": [0.62132, 0.375, 1.5],
							"pivot": [0, 2.75, -3.8125],
							"rotation": [0, -45, 0],
							"uv": {
								"north": {"uv": [292, 348], "uv_size": [2, 2]},
								"south": {"uv": [348, 292], "uv_size": [2, 2]},
								"up": {"uv": [316, 316], "uv_size": [2, 6]},
								"down": {"uv": [320, 222], "uv_size": [2, -6]}
							}
						},
						{
							"origin": [-0.31066, 2.75, -4.5625],
							"size": [0.62132, 0.375, 1.5],
							"uv": {
								"north": {"uv": [296, 348], "uv_size": [2, 2]},
								"south": {"uv": [348, 296], "uv_size": [2, 2]},
								"up": {"uv": [320, 232], "uv_size": [2, 6]},
								"down": {"uv": [320, 258], "uv_size": [2, -6]}
							}
						},
						{
							"origin": [-0.75, 2.75, -4.12316],
							"size": [1.5, 0.375, 0.62132],
							"pivot": [0, 2.75, -3.8125],
							"rotation": [0, -45, 0],
							"uv": {
								"east": {"uv": [300, 348], "uv_size": [2, 2]},
								"west": {"uv": [348, 300], "uv_size": [2, 2]},
								"up": {"uv": [320, 240], "uv_size": [6, 2]},
								"down": {"uv": [320, 262], "uv_size": [6, -2]}
							}
						},
						{
							"origin": [-0.75, 2.75, -4.12316],
							"size": [1.5, 0.375, 0.62132],
							"uv": {
								"east": {"uv": [304, 348], "uv_size": [2, 2]},
								"west": {"uv": [348, 304], "uv_size": [2, 2]},
								"up": {"uv": [320, 264], "uv_size": [6, 2]},
								"down": {"uv": [272, 322], "uv_size": [6, -2]}
							}
						}
					]
				},
				{
					"name": "octagon7",
					"parent": "knob",
					"pivot": [0, 0.6875, -0.1875],
					"cubes": [
						{
							"origin": [0.9375, 1.0625, -4.12316],
							"size": [0.375, 1.5, 0.62132],
							"uv": {
								"east": {"uv": [280, 320], "uv_size": [2, 6]},
								"west": {"uv": [284, 320], "uv_size": [2, 6]},
								"up": {"uv": [308, 348], "uv_size": [2, 2]},
								"down": {"uv": [348, 310], "uv_size": [2, -2]}
							}
						},
						{
							"origin": [1.0375, 1.4625, -4.12316],
							"size": [0.375, 0.7, 0.7],
							"uv": {
								"east": {"uv": [471, 288], "uv_size": [41, 47]},
								"west": {"uv": [282, 445], "uv_size": [32, 32]},
								"up": {"uv": [469, 323], "uv_size": [43, 31]},
								"down": {"uv": [478, 234], "uv_size": [34, -36]}
							}
						},
						{
							"origin": [0.9375, 1.50184, -4.5625],
							"size": [0.375, 0.62132, 1.5],
							"pivot": [1.125, 1.8125, -3.8125],
							"rotation": [-45, 0, 0],
							"uv": {
								"north": {"uv": [312, 348], "uv_size": [2, 2]},
								"east": {"uv": [288, 320], "uv_size": [6, 2]},
								"south": {"uv": [348, 312], "uv_size": [2, 2]},
								"west": {"uv": [296, 320], "uv_size": [6, 2]}
							}
						},
						{
							"origin": [0.9375, 1.50184, -4.5625],
							"size": [0.375, 0.62132, 1.5],
							"uv": {
								"north": {"uv": [316, 348], "uv_size": [2, 2]},
								"east": {"uv": [308, 320], "uv_size": [6, 2]},
								"south": {"uv": [348, 316], "uv_size": [2, 2]},
								"west": {"uv": [320, 312], "uv_size": [6, 2]}
							}
						},
						{
							"origin": [0.9375, 1.0625, -4.12316],
							"size": [0.375, 1.5, 0.62132],
							"pivot": [1.125, 1.8125, -3.8125],
							"rotation": [-45, 0, 0],
							"uv": {
								"east": {"uv": [320, 316], "uv_size": [2, 6]},
								"west": {"uv": [324, 216], "uv_size": [2, 6]},
								"up": {"uv": [320, 348], "uv_size": [2, 2]},
								"down": {"uv": [348, 322], "uv_size": [2, -2]}
							}
						}
					]
				},
				{
					"name": "octagon6",
					"parent": "knob",
					"pivot": [0, 0.6875, -0.1875],
					"cubes": [
						{
							"origin": [-1.3125, 1.50184, -4.5625],
							"size": [0.375, 0.62132, 1.5],
							"uv": {
								"north": {"uv": [324, 348], "uv_size": [2, 2]},
								"east": {"uv": [324, 232], "uv_size": [6, 2]},
								"south": {"uv": [348, 324], "uv_size": [2, 2]},
								"west": {"uv": [324, 236], "uv_size": [6, 2]}
							}
						},
						{
							"origin": [-1.3125, 1.50184, -4.5625],
							"size": [0.375, 0.62132, 1.5],
							"pivot": [-1.125, 1.8125, -3.8125],
							"rotation": [45, 0, 0],
							"uv": {
								"north": {"uv": [328, 348], "uv_size": [2, 2]},
								"east": {"uv": [324, 244], "uv_size": [6, 2]},
								"south": {"uv": [348, 328], "uv_size": [2, 2]},
								"west": {"uv": [324, 248], "uv_size": [6, 2]}
							}
						},
						{
							"origin": [-1.3125, 1.0625, -4.12316],
							"size": [0.375, 1.5, 0.62132],
							"uv": {
								"east": {"uv": [324, 252], "uv_size": [2, 6]},
								"west": {"uv": [268, 324], "uv_size": [2, 6]},
								"up": {"uv": [332, 348], "uv_size": [2, 2]},
								"down": {"uv": [348, 334], "uv_size": [2, -2]}
							}
						},
						{
							"origin": [-1.3125, 1.0625, -4.12316],
							"size": [0.375, 1.5, 0.62132],
							"pivot": [-1.125, 1.8125, -3.8125],
							"rotation": [45, 0, 0],
							"uv": {
								"east": {"uv": [272, 324], "uv_size": [2, 6]},
								"west": {"uv": [276, 324], "uv_size": [2, 6]},
								"up": {"uv": [336, 348], "uv_size": [2, 2]},
								"down": {"uv": [348, 338], "uv_size": [2, -2]}
							}
						}
					]
				},
				{
					"name": "mount",
					"parent": "1_6",
					"pivot": [0, 0.6875, -0.1875]
				},
				{
					"name": "group",
					"parent": "mount",
					"pivot": [0.16854, -0.33774, 6.0625],
					"cubes": [
						{
							"origin": [-0.375, 0.3125, -5.8125],
							"size": [0.75, 0.25, 4.625],
							"uv": {
								"east": {"uv": [312, 224], "uv_size": [19, 1]},
								"west": {"uv": [312, 228], "uv_size": [19, 1]},
								"up": {"uv": [268, 212], "uv_size": [3, 19]},
								"down": {"uv": [268, 251], "uv_size": [3, -19]}
							}
						},
						{
							"origin": [-0.375, 0.44378, -5.18306],
							"size": [0.75, 0.35355, 0.25],
							"pivot": [0, 0.29733, -5.05806],
							"rotation": [45, 0, 0],
							"uv": {
								"east": {"uv": [372, 340], "uv_size": [1, 1]},
								"south": {"uv": [352, 232], "uv_size": [3, 1]},
								"west": {"uv": [344, 372], "uv_size": [1, 1]}
							}
						},
						{
							"origin": [-0.375, 0.44378, -5.74556],
							"size": [0.75, 0.35355, 0.25],
							"pivot": [0, 0.29733, -5.62056],
							"rotation": [45, 0, 0],
							"uv": {
								"north": {"uv": [352, 236], "uv_size": [3, 1]},
								"east": {"uv": [372, 344], "uv_size": [1, 1]},
								"west": {"uv": [348, 372], "uv_size": [1, 1]}
							}
						},
						{
							"origin": [-0.375, 0.40089, -2.46339],
							"size": [0.75, 0.25, 0.29106],
							"pivot": [0, 0.52589, -2.34911],
							"rotation": [45, 0, 0],
							"uv": {
								"east": {"uv": [372, 348], "uv_size": [1, 1]},
								"west": {"uv": [352, 372], "uv_size": [1, 1]},
								"up": {"uv": [352, 240], "uv_size": [3, 1]}
							}
						},
						{
							"origin": [-0.375, 0.13966, -4.60965],
							"size": [0.75, 0.25, 0.60355],
							"pivot": [0, 0.26466, -4.18287],
							"rotation": [-22.5, 0, 0],
							"uv": {
								"east": {"uv": [364, 232], "uv_size": [2, 1]},
								"south": {"uv": [352, 244], "uv_size": [3, 1]},
								"west": {"uv": [364, 236], "uv_size": [2, 1]},
								"down": {"uv": [292, 342], "uv_size": [3, -2]}
							}
						},
						{
							"origin": [-0.375, 0.1875, -2.32812],
							"size": [0.75, 0.3125, 1.5],
							"inflate": 0.01,
							"uv": {
								"north": {"uv": [352, 248], "uv_size": [3, 1]},
								"east": {"uv": [280, 392], "uv_size": [203, 49]},
								"west": {"uv": [289, 392], "uv_size": [193, 43]},
								"down": {"uv": [268, 262], "uv_size": [3, -10]}
							}
						},
						{
							"origin": [-0.375, 0, -3.3125],
							"size": [0.75, 0.3125, 2.5],
							"uv": {
								"north": {"uv": [352, 248], "uv_size": [3, 1]},
								"east": {"uv": [332, 316], "uv_size": [10, 1]},
								"west": {"uv": [324, 332], "uv_size": [10, 1]},
								"down": {"uv": [268, 262], "uv_size": [3, -10]}
							}
						},
						{
							"origin": [-0.375, 0.20216, -1.76293],
							"size": [0.75, 0.25, 1.10355],
							"pivot": [0, 0.32716, -0.89866],
							"rotation": [-22.5, 0, 0],
							"uv": {
								"east": {"uv": [340, 348], "uv_size": [4, 1]},
								"west": {"uv": [348, 340], "uv_size": [4, 1]},
								"up": {"uv": [288, 324], "uv_size": [3, 4]}
							}
						}
					]
				},
				{
					"name": "group6",
					"parent": "group",
					"pivot": [-0.16096, -1.45646, 6.0625]
				},
				{
					"name": "group5",
					"parent": "mount",
					"pivot": [-0.16096, -1.45646, 6.0625],
					"cubes": [
						{
							"origin": [-0.625, -0.3125, -4.0625],
							"size": [1.25, 0.5, 0.75],
							"uv": {
								"north": {"uv": [336, 240], "uv_size": [5, 2]},
								"east": {"uv": [340, 292], "uv_size": [3, 2]},
								"south": {"uv": [336, 244], "uv_size": [5, 2]},
								"west": {"uv": [296, 340], "uv_size": [3, 2]},
								"up": {"uv": [312, 232], "uv_size": [5, 3]},
								"down": {"uv": [312, 239], "uv_size": [5, -3]}
							}
						},
						{
							"origin": [0.53596, -0.23771, -4.0625],
							"size": [0.1875, 0.42678, 0.75],
							"pivot": [0.16096, -0.14396, -4.0625],
							"rotation": [0, 0, -45],
							"uv": {
								"north": {"uv": [364, 240], "uv_size": [1, 2]},
								"east": {"uv": [340, 296], "uv_size": [3, 2]},
								"south": {"uv": [364, 244], "uv_size": [1, 2]},
								"west": {"uv": [300, 340], "uv_size": [3, 2]}
							}
						},
						{
							"origin": [-0.72346, -0.23771, -4.0625],
							"size": [0.1875, 0.42678, 0.75],
							"pivot": [-0.16096, -0.14396, -4.0625],
							"rotation": [0, 0, 45],
							"uv": {
								"north": {"uv": [364, 248], "uv_size": [1, 2]},
								"east": {"uv": [340, 300], "uv_size": [3, 2]},
								"south": {"uv": [364, 252], "uv_size": [1, 2]},
								"west": {"uv": [304, 340], "uv_size": [3, 2]}
							}
						},
						{
							"origin": [-0.72346, -0.23771, -0.8125],
							"size": [0.1875, 0.35356, 0.75],
							"pivot": [-0.16096, -0.14396, -1.0625],
							"rotation": [0, 0, 45],
							"uv": {
								"north": {"uv": [372, 352], "uv_size": [1, 1]},
								"east": {"uv": [352, 252], "uv_size": [3, 1]},
								"south": {"uv": [356, 372], "uv_size": [1, 1]}
							}
						},
						{
							"origin": [0.53596, -0.23771, -0.8125],
							"size": [0.1875, 0.35356, 0.75],
							"pivot": [0.16096, -0.14396, -1.0625],
							"rotation": [0, 0, -45],
							"uv": {
								"north": {"uv": [372, 356], "uv_size": [1, 1]},
								"south": {"uv": [360, 372], "uv_size": [1, 1]},
								"west": {"uv": [352, 256], "uv_size": [3, 1]}
							}
						},
						{
							"origin": [-0.625, -0.3125, -0.8125],
							"size": [1.25, 0.5, 0.75],
							"uv": {
								"north": {"uv": [336, 248], "uv_size": [5, 2]},
								"east": {"uv": [340, 304], "uv_size": [3, 2]},
								"south": {"uv": [336, 252], "uv_size": [5, 2]},
								"west": {"uv": [308, 340], "uv_size": [3, 2]},
								"down": {"uv": [312, 243], "uv_size": [5, -3]}
							}
						},
						{
							"origin": [-0.375, 0.1875, -0.8125],
							"size": [0.75, 0.25, 0.75],
							"uv": {
								"north": {"uv": [352, 260], "uv_size": [3, 1]},
								"south": {"uv": [352, 264], "uv_size": [3, 1]},
								"up": {"uv": [312, 332], "uv_size": [3, 3]}
							}
						}
					]
				},
				{
					"name": "screw",
					"parent": "1_6",
					"pivot": [0, 0.6875, -0.1875],
					"cubes": [
						{
							"origin": [-0.6875, -0.1875, -0.5625],
							"size": [1.4375, 0.25, 0.25],
							"pivot": [0.25, -0.0625, -0.4375],
							"rotation": [45, 0, 0],
							"uv": {
								"north": {"uv": [340, 308], "uv_size": [6, 1]},
								"east": {"uv": [372, 360], "uv_size": [1, 1]},
								"south": {"uv": [312, 340], "uv_size": [6, 1]},
								"west": {"uv": [364, 372], "uv_size": [1, 1]},
								"up": {"uv": [340, 312], "uv_size": [6, 1]},
								"down": {"uv": [320, 341], "uv_size": [6, -1]}
							}
						},
						{
							"origin": [-0.6875, -0.1875, -3.8125],
							"size": [1.4375, 0.25, 0.25],
							"pivot": [0.25, -0.0625, -3.6875],
							"rotation": [45, 0, 0],
							"uv": {
								"north": {"uv": [340, 320], "uv_size": [6, 1]},
								"east": {"uv": [372, 364], "uv_size": [1, 1]},
								"south": {"uv": [340, 324], "uv_size": [6, 1]},
								"west": {"uv": [368, 372], "uv_size": [1, 1]},
								"up": {"uv": [328, 340], "uv_size": [6, 1]},
								"down": {"uv": [340, 329], "uv_size": [6, -1]}
							}
						}
					]
				},
				{
					"name": "octagon5",
					"parent": "screw",
					"pivot": [0, 0.6875, -0.1875],
					"cubes": [
						{
							"origin": [0.75, -0.21783, -0.8125],
							"size": [0.25, 0.31066, 0.75],
							"pivot": [0.5, -0.0625, -0.4375],
							"rotation": [-45, 0, 0],
							"uv": {
								"north": {"uv": [372, 368], "uv_size": [1, 1]},
								"east": {"uv": [268, 352], "uv_size": [3, 1]},
								"south": {"uv": [372, 372], "uv_size": [1, 1]},
								"west": {"uv": [352, 268], "uv_size": [3, 1]}
							}
						},
						{
							"origin": [0.75, -0.21783, -0.8125],
							"size": [0.25, 0.31066, 0.75],
							"uv": {
								"north": {"uv": [376, 212], "uv_size": [1, 1]},
								"east": {"uv": [272, 352], "uv_size": [3, 1]},
								"south": {"uv": [376, 216], "uv_size": [1, 1]},
								"west": {"uv": [352, 272], "uv_size": [3, 1]}
							}
						},
						{
							"origin": [0.75, -0.4375, -0.59283],
							"size": [0.25, 0.75, 0.31066],
							"pivot": [0.5, -0.0625, -0.4375],
							"rotation": [-45, 0, 0],
							"uv": {
								"east": {"uv": [276, 352], "uv_size": [1, 3]},
								"west": {"uv": [352, 276], "uv_size": [1, 3]},
								"up": {"uv": [376, 220], "uv_size": [1, 1]},
								"down": {"uv": [376, 225], "uv_size": [1, -1]}
							}
						},
						{
							"origin": [0.75, -0.4375, -0.59283],
							"size": [0.25, 0.75, 0.31066],
							"uv": {
								"east": {"uv": [280, 352], "uv_size": [1, 3]},
								"west": {"uv": [352, 280], "uv_size": [1, 3]},
								"up": {"uv": [376, 228], "uv_size": [1, 1]},
								"down": {"uv": [376, 233], "uv_size": [1, -1]}
							}
						}
					]
				},
				{
					"name": "octagon4",
					"parent": "screw",
					"pivot": [0, 0.6875, -0.1875],
					"cubes": [
						{
							"origin": [0.75, -0.21783, -4.0625],
							"size": [0.25, 0.31066, 0.75],
							"pivot": [0.5, -0.0625, -3.6875],
							"rotation": [-45, 0, 0],
							"uv": {
								"north": {"uv": [376, 236], "uv_size": [1, 1]},
								"east": {"uv": [284, 352], "uv_size": [3, 1]},
								"south": {"uv": [376, 240], "uv_size": [1, 1]},
								"west": {"uv": [352, 284], "uv_size": [3, 1]}
							}
						},
						{
							"origin": [0.75, -0.21783, -4.0625],
							"size": [0.25, 0.31066, 0.75],
							"uv": {
								"north": {"uv": [376, 244], "uv_size": [1, 1]},
								"east": {"uv": [288, 352], "uv_size": [3, 1]},
								"south": {"uv": [376, 248], "uv_size": [1, 1]},
								"west": {"uv": [352, 288], "uv_size": [3, 1]}
							}
						},
						{
							"origin": [0.75, -0.4375, -3.84283],
							"size": [0.25, 0.75, 0.31066],
							"pivot": [0.5, -0.0625, -3.6875],
							"rotation": [-45, 0, 0],
							"uv": {
								"east": {"uv": [292, 352], "uv_size": [1, 3]},
								"west": {"uv": [352, 292], "uv_size": [1, 3]},
								"up": {"uv": [376, 252], "uv_size": [1, 1]},
								"down": {"uv": [376, 257], "uv_size": [1, -1]}
							}
						},
						{
							"origin": [0.75, -0.4375, -3.84283],
							"size": [0.25, 0.75, 0.31066],
							"uv": {
								"east": {"uv": [296, 352], "uv_size": [1, 3]},
								"west": {"uv": [352, 296], "uv_size": [1, 3]},
								"up": {"uv": [376, 260], "uv_size": [1, 1]},
								"down": {"uv": [376, 265], "uv_size": [1, -1]}
							}
						}
					]
				},
				{
					"name": "hide_when_ads",
					"parent": "1_6",
					"pivot": [0, 5.5, 4.625]
				},
				{
					"name": "hexadecagon4",
					"parent": "hide_when_ads",
					"pivot": [0, 0.6875, -0.1875],
					"cubes": [
						{
							"origin": [-0.14918, 1.0625, -8.6875],
							"size": [0.29836, 0.125, 0.625],
							"pivot": [0, 1.8125, -8.3125],
							"rotation": [0, 0, -45],
							"uv": {
								"north": {"uv": [268, 376], "uv_size": [1, 1]},
								"south": {"uv": [376, 268], "uv_size": [1, 1]},
								"up": {"uv": [300, 352], "uv_size": [1, 3]},
								"down": {"uv": [352, 303], "uv_size": [1, -3]}
							}
						},
						{
							"origin": [-0.14918, 1.0625, -8.6875],
							"size": [0.29836, 0.125, 0.625],
							"pivot": [0, 1.8125, -8.3125],
							"rotation": [0, 0, -22.5],
							"uv": {
								"north": {"uv": [272, 376], "uv_size": [1, 1]},
								"south": {"uv": [376, 272], "uv_size": [1, 1]},
								"up": {"uv": [304, 352], "uv_size": [1, 3]},
								"down": {"uv": [352, 307], "uv_size": [1, -3]}
							}
						},
						{
							"origin": [-0.14918, 1.0625, -8.6875],
							"size": [0.29836, 0.125, 0.625],
							"uv": {
								"north": {"uv": [276, 376], "uv_size": [1, 1]},
								"south": {"uv": [376, 276], "uv_size": [1, 1]},
								"up": {"uv": [308, 352], "uv_size": [1, 3]},
								"down": {"uv": [352, 311], "uv_size": [1, -3]}
							}
						},
						{
							"origin": [-0.14918, 1.0625, -8.6875],
							"size": [0.29836, 0.125, 0.625],
							"pivot": [0, 1.8125, -8.3125],
							"rotation": [0, 0, 22.5],
							"uv": {
								"north": {"uv": [280, 376], "uv_size": [1, 1]},
								"south": {"uv": [376, 280], "uv_size": [1, 1]},
								"up": {"uv": [312, 352], "uv_size": [1, 3]},
								"down": {"uv": [352, 315], "uv_size": [1, -3]}
							}
						},
						{
							"origin": [-0.14918, 1.0625, -8.6875],
							"size": [0.29836, 0.125, 0.625],
							"pivot": [0, 1.8125, -8.3125],
							"rotation": [0, 0, 45],
							"uv": {
								"north": {"uv": [284, 376], "uv_size": [1, 1]},
								"south": {"uv": [376, 284], "uv_size": [1, 1]},
								"up": {"uv": [316, 352], "uv_size": [1, 3]},
								"down": {"uv": [352, 319], "uv_size": [1, -3]}
							}
						},
						{
							"origin": [-0.14918, 2.4375, -8.6875],
							"size": [0.29836, 0.125, 0.625],
							"pivot": [0, 1.8125, -8.3125],
							"rotation": [0, 0, -45],
							"uv": {
								"north": {"uv": [288, 376], "uv_size": [1, 1]},
								"south": {"uv": [376, 288], "uv_size": [1, 1]},
								"up": {"uv": [320, 352], "uv_size": [1, 3]},
								"down": {"uv": [352, 323], "uv_size": [1, -3]}
							}
						},
						{
							"origin": [-0.14918, 2.4375, -8.6875],
							"size": [0.29836, 0.125, 0.625],
							"pivot": [0, 1.8125, -8.3125],
							"rotation": [0, 0, -22.5],
							"uv": {
								"north": {"uv": [292, 376], "uv_size": [1, 1]},
								"south": {"uv": [376, 292], "uv_size": [1, 1]},
								"up": {"uv": [324, 352], "uv_size": [1, 3]},
								"down": {"uv": [352, 327], "uv_size": [1, -3]}
							}
						},
						{
							"origin": [-0.14918, 2.4375, -8.6875],
							"size": [0.29836, 0.125, 0.625],
							"uv": {
								"north": {"uv": [296, 376], "uv_size": [1, 1]},
								"south": {"uv": [376, 296], "uv_size": [1, 1]},
								"up": {"uv": [328, 352], "uv_size": [1, 3]},
								"down": {"uv": [352, 331], "uv_size": [1, -3]}
							}
						},
						{
							"origin": [-0.14918, 2.4375, -8.6875],
							"size": [0.29836, 0.125, 0.625],
							"pivot": [0, 1.8125, -8.3125],
							"rotation": [0, 0, 22.5],
							"uv": {
								"north": {"uv": [300, 376], "uv_size": [1, 1]},
								"south": {"uv": [376, 300], "uv_size": [1, 1]},
								"up": {"uv": [332, 352], "uv_size": [1, 3]},
								"down": {"uv": [352, 335], "uv_size": [1, -3]}
							}
						},
						{
							"origin": [-0.14918, 2.4375, -8.6875],
							"size": [0.29836, 0.125, 0.625],
							"pivot": [0, 1.8125, -8.3125],
							"rotation": [0, 0, 45],
							"uv": {
								"north": {"uv": [304, 376], "uv_size": [1, 1]},
								"south": {"uv": [376, 304], "uv_size": [1, 1]},
								"up": {"uv": [336, 352], "uv_size": [1, 3]},
								"down": {"uv": [352, 339], "uv_size": [1, -3]}
							}
						},
						{
							"origin": [0.625, 1.66332, -8.6875],
							"size": [0.125, 0.29836, 0.625],
							"pivot": [0, 1.8125, -8.3125],
							"rotation": [0, 0, -22.5],
							"uv": {
								"north": {"uv": [308, 376], "uv_size": [1, 1]},
								"east": {"uv": [340, 352], "uv_size": [3, 1]},
								"south": {"uv": [376, 308], "uv_size": [1, 1]},
								"west": {"uv": [352, 340], "uv_size": [3, 1]}
							}
						},
						{
							"origin": [0.625, 1.66332, -8.6875],
							"size": [0.125, 0.29836, 0.625],
							"uv": {
								"north": {"uv": [312, 376], "uv_size": [1, 1]},
								"east": {"uv": [344, 352], "uv_size": [3, 1]},
								"south": {"uv": [376, 312], "uv_size": [1, 1]},
								"west": {"uv": [352, 344], "uv_size": [3, 1]}
							}
						},
						{
							"origin": [0.625, 1.66332, -8.6875],
							"size": [0.125, 0.29836, 0.625],
							"pivot": [0, 1.8125, -8.3125],
							"rotation": [0, 0, 22.5],
							"uv": {
								"north": {"uv": [316, 376], "uv_size": [1, 1]},
								"east": {"uv": [348, 352], "uv_size": [3, 1]},
								"south": {"uv": [376, 316], "uv_size": [1, 1]},
								"west": {"uv": [352, 348], "uv_size": [3, 1]}
							}
						},
						{
							"origin": [-0.75, 1.66332, -8.6875],
							"size": [0.125, 0.29836, 0.625],
							"pivot": [0, 1.8125, -8.3125],
							"rotation": [0, 0, -22.5],
							"uv": {
								"north": {"uv": [320, 376], "uv_size": [1, 1]},
								"east": {"uv": [352, 352], "uv_size": [3, 1]},
								"south": {"uv": [376, 320], "uv_size": [1, 1]},
								"west": {"uv": [356, 212], "uv_size": [3, 1]}
							}
						},
						{
							"origin": [-0.75, 1.66332, -8.6875],
							"size": [0.125, 0.29836, 0.625],
							"uv": {
								"north": {"uv": [324, 376], "uv_size": [1, 1]},
								"east": {"uv": [356, 216], "uv_size": [3, 1]},
								"south": {"uv": [376, 324], "uv_size": [1, 1]},
								"west": {"uv": [356, 220], "uv_size": [3, 1]}
							}
						},
						{
							"origin": [-0.75, 1.66332, -8.6875],
							"size": [0.125, 0.29836, 0.625],
							"pivot": [0, 1.8125, -8.3125],
							"rotation": [0, 0, 22.5],
							"uv": {
								"north": {"uv": [328, 376], "uv_size": [1, 1]},
								"east": {"uv": [356, 224], "uv_size": [3, 1]},
								"south": {"uv": [376, 328], "uv_size": [1, 1]},
								"west": {"uv": [356, 228], "uv_size": [3, 1]}
							}
						}
					]
				},
				{
					"name": "hexadecagon3",
					"parent": "hexadecagon4",
					"pivot": [0, 0.6875, -0.1875],
					"cubes": [
						{
							"origin": [-0.13675, 1.125, -8.0625],
							"size": [0.2735, 0.0625, 6.875],
							"pivot": [0, 1.8125, -2.6875],
							"rotation": [0, 0, -45],
							"uv": {
								"up": {"uv": [288, 232], "uv_size": [1, 28]},
								"down": {"uv": [284, 316], "uv_size": [1, -28]}
							}
						},
						{
							"origin": [-0.13675, 1.125, -8.0625],
							"size": [0.2735, 0.0625, 6.875],
							"pivot": [0, 1.8125, -2.6875],
							"rotation": [0, 0, -22.5],
							"uv": {
								"up": {"uv": [288, 288], "uv_size": [1, 28]},
								"down": {"uv": [292, 260], "uv_size": [1, -28]}
							}
						},
						{
							"origin": [-0.13675, 1.125, -8.0625],
							"size": [0.2735, 0.0625, 6.875],
							"uv": {
								"up": {"uv": [272, 292], "uv_size": [1, 28]},
								"down": {"uv": [276, 320], "uv_size": [1, -28]}
							}
						},
						{
							"origin": [-0.13675, 1.125, -8.0625],
							"size": [0.2735, 0.0625, 6.875],
							"pivot": [0, 1.8125, -2.6875],
							"rotation": [0, 0, 22.5],
							"uv": {
								"up": {"uv": [280, 292], "uv_size": [1, 28]},
								"down": {"uv": [292, 316], "uv_size": [1, -28]}
							}
						},
						{
							"origin": [-0.13675, 1.125, -8.0625],
							"size": [0.2735, 0.0625, 6.875],
							"pivot": [0, 1.8125, -2.6875],
							"rotation": [0, 0, 45],
							"uv": {
								"up": {"uv": [296, 232], "uv_size": [1, 28]},
								"down": {"uv": [268, 324], "uv_size": [1, -28]}
							}
						},
						{
							"origin": [-0.13675, 2.4375, -8.0625],
							"size": [0.2735, 0.0625, 6.875],
							"pivot": [0, 1.8125, -2.6875],
							"rotation": [0, 0, -45],
							"uv": {
								"up": {"uv": [296, 288], "uv_size": [1, 28]},
								"down": {"uv": [300, 260], "uv_size": [1, -28]}
							}
						},
						{
							"origin": [-0.13675, 2.4375, -8.0625],
							"size": [0.2735, 0.0625, 6.875],
							"pivot": [0, 1.8125, -2.6875],
							"rotation": [0, 0, -22.5],
							"uv": {
								"up": {"uv": [300, 260], "uv_size": [1, 28]},
								"down": {"uv": [300, 316], "uv_size": [1, -28]}
							}
						},
						{
							"origin": [-0.13675, 2.4375, -8.0625],
							"size": [0.2735, 0.0625, 6.875],
							"uv": {
								"up": {"uv": [304, 212], "uv_size": [1, 28]},
								"down": {"uv": [304, 268], "uv_size": [1, -28]}
							}
						},
						{
							"origin": [-0.13675, 2.4375, -8.0625],
							"size": [0.2735, 0.0625, 6.875],
							"pivot": [0, 1.8125, -2.6875],
							"rotation": [0, 0, 22.5],
							"uv": {
								"up": {"uv": [304, 268], "uv_size": [1, 28]},
								"down": {"uv": [304, 324], "uv_size": [1, -28]}
							}
						},
						{
							"origin": [-0.13675, 2.4375, -8.0625],
							"size": [0.2735, 0.0625, 6.875],
							"pivot": [0, 1.8125, -2.6875],
							"rotation": [0, 0, 45],
							"uv": {
								"up": {"uv": [308, 212], "uv_size": [1, 28]},
								"down": {"uv": [308, 268], "uv_size": [1, -28]}
							}
						},
						{
							"origin": [0.625, 1.67575, -8.0625],
							"size": [0.0625, 0.2735, 6.875],
							"pivot": [0, 1.8125, -2.6875],
							"rotation": [0, 0, -22.5],
							"uv": {
								"east": {"uv": [308, 268], "uv_size": [28, 1]},
								"west": {"uv": [308, 272], "uv_size": [28, 1]}
							}
						},
						{
							"origin": [0.625, 1.67575, -8.0625],
							"size": [0.0625, 0.2735, 6.875],
							"uv": {
								"east": {"uv": [308, 276], "uv_size": [28, 1]},
								"west": {"uv": [308, 280], "uv_size": [28, 1]}
							}
						},
						{
							"origin": [0.625, 1.67575, -8.0625],
							"size": [0.0625, 0.2735, 6.875],
							"pivot": [0, 1.8125, -2.6875],
							"rotation": [0, 0, 22.5],
							"uv": {
								"east": {"uv": [308, 284], "uv_size": [28, 1]},
								"west": {"uv": [308, 288], "uv_size": [28, 1]}
							}
						},
						{
							"origin": [-0.6875, 1.67575, -8.0625],
							"size": [0.0625, 0.2735, 6.875],
							"pivot": [0, 1.8125, -2.6875],
							"rotation": [0, 0, -22.5],
							"uv": {
								"east": {"uv": [308, 292], "uv_size": [28, 1]},
								"west": {"uv": [308, 296], "uv_size": [28, 1]}
							}
						},
						{
							"origin": [-0.6875, 1.67575, -8.0625],
							"size": [0.0625, 0.2735, 6.875],
							"uv": {
								"east": {"uv": [308, 300], "uv_size": [28, 1]},
								"west": {"uv": [308, 304], "uv_size": [28, 1]}
							}
						},
						{
							"origin": [-0.6875, 1.67575, -8.0625],
							"size": [0.0625, 0.2735, 6.875],
							"pivot": [0, 1.8125, -2.6875],
							"rotation": [0, 0, 22.5],
							"uv": {
								"east": {"uv": [308, 308], "uv_size": [28, 1]},
								"west": {"uv": [312, 212], "uv_size": [28, 1]}
							}
						}
					]
				},
				{
					"name": "octagon3",
					"parent": "hide_when_ads",
					"pivot": [0, 0.6875, -0.1875],
					"cubes": [
						{
							"origin": [-0.33655, 1, -6.0625],
							"size": [0.6731, 0.125, 0.75],
							"pivot": [0, 1.8125, -5.8125],
							"rotation": [0, 0, 45],
							"uv": {
								"north": {"uv": [356, 232], "uv_size": [3, 1]},
								"south": {"uv": [356, 236], "uv_size": [3, 1]},
								"up": {"uv": [336, 256], "uv_size": [3, 3]},
								"down": {"uv": [336, 263], "uv_size": [3, -3]}
							}
						},
						{
							"origin": [-0.375, 0.5625, -6.0625],
							"size": [0.75, 0.5625, 0.75],
							"uv": {
								"north": {"uv": [340, 332], "uv_size": [3, 2]},
								"east": {"uv": [336, 340], "uv_size": [3, 2]},
								"south": {"uv": [340, 336], "uv_size": [3, 2]},
								"west": {"uv": [340, 340], "uv_size": [3, 2]},
								"up": {"uv": [336, 264], "uv_size": [3, 3]}
							}
						},
						{
							"origin": [-0.33655, 2.5, -6.0625],
							"size": [0.6731, 0.125, 0.75],
							"pivot": [0, 1.8125, -5.8125],
							"rotation": [0, 0, 45],
							"uv": {
								"north": {"uv": [356, 240], "uv_size": [3, 1]},
								"south": {"uv": [356, 244], "uv_size": [3, 1]},
								"up": {"uv": [336, 268], "uv_size": [3, 3]},
								"down": {"uv": [336, 275], "uv_size": [3, -3]}
							}
						},
						{
							"origin": [-0.33655, 2.5, -6.0625],
							"size": [0.6731, 0.125, 0.75],
							"uv": {
								"north": {"uv": [356, 248], "uv_size": [3, 1]},
								"south": {"uv": [356, 252], "uv_size": [3, 1]},
								"up": {"uv": [336, 276], "uv_size": [3, 3]},
								"down": {"uv": [280, 339], "uv_size": [3, -3]}
							}
						},
						{
							"origin": [0.6875, 1.47595, -6.0625],
							"size": [0.125, 0.6731, 0.75],
							"pivot": [0, 1.8125, -5.8125],
							"rotation": [0, 0, 45],
							"uv": {
								"north": {"uv": [356, 256], "uv_size": [1, 3]},
								"east": {"uv": [336, 280], "uv_size": [3, 3]},
								"south": {"uv": [356, 260], "uv_size": [1, 3]},
								"west": {"uv": [284, 336], "uv_size": [3, 3]}
							}
						},
						{
							"origin": [-0.8125, 1.47595, -6.0625],
							"size": [0.125, 0.6731, 0.75],
							"uv": {
								"north": {"uv": [356, 264], "uv_size": [1, 3]},
								"east": {"uv": [336, 284], "uv_size": [3, 3]},
								"south": {"uv": [268, 356], "uv_size": [1, 3]},
								"west": {"uv": [288, 336], "uv_size": [3, 3]}
							}
						},
						{
							"origin": [-0.8125, 1.47595, -6.0625],
							"size": [0.125, 0.6731, 0.75],
							"pivot": [0, 1.8125, -5.8125],
							"rotation": [0, 0, 45],
							"uv": {
								"north": {"uv": [356, 268], "uv_size": [1, 3]},
								"east": {"uv": [336, 288], "uv_size": [3, 3]},
								"south": {"uv": [272, 356], "uv_size": [1, 3]},
								"west": {"uv": [336, 292], "uv_size": [3, 3]}
							}
						},
						{
							"origin": [0.6875, 1.47595, -6.0625],
							"size": [0.25, 0.3125, 0.75],
							"uv": {
								"north": {"uv": [332, 376], "uv_size": [1, 1]},
								"east": {"uv": [356, 272], "uv_size": [3, 1]},
								"south": {"uv": [376, 332], "uv_size": [1, 1]},
								"west": {"uv": [276, 356], "uv_size": [3, 1]},
								"up": {"uv": [356, 276], "uv_size": [1, 3]},
								"down": {"uv": [280, 359], "uv_size": [1, -3]}
							}
						},
						{
							"origin": [0.6875, 1.83655, -6.0625],
							"size": [0.25, 0.3125, 0.75],
							"uv": {
								"north": {"uv": [336, 376], "uv_size": [1, 1]},
								"east": {"uv": [356, 280], "uv_size": [3, 1]},
								"south": {"uv": [376, 336], "uv_size": [1, 1]},
								"west": {"uv": [284, 356], "uv_size": [3, 1]},
								"up": {"uv": [356, 284], "uv_size": [1, 3]},
								"down": {"uv": [288, 359], "uv_size": [1, -3]}
							}
						}
					]
				},
				{
					"name": "octagon2",
					"parent": "hide_when_ads",
					"pivot": [0, 0.6875, -0.1875],
					"cubes": [
						{
							"origin": [-0.33655, 1, -2.3125],
							"size": [0.6731, 0.125, 0.75],
							"pivot": [0, 1.8125, -2.0625],
							"rotation": [0, 0, 45],
							"uv": {
								"north": {"uv": [356, 288], "uv_size": [3, 1]},
								"south": {"uv": [292, 356], "uv_size": [3, 1]},
								"up": {"uv": [296, 336], "uv_size": [3, 3]},
								"down": {"uv": [336, 299], "uv_size": [3, -3]}
							}
						},
						{
							"origin": [-0.375, 0.5625, -2.3125],
							"size": [0.75, 0.5625, 0.75],
							"uv": {
								"north": {"uv": [344, 216], "uv_size": [3, 2]},
								"east": {"uv": [344, 220], "uv_size": [3, 2]},
								"south": {"uv": [344, 236], "uv_size": [3, 2]},
								"west": {"uv": [344, 240], "uv_size": [3, 2]},
								"up": {"uv": [300, 336], "uv_size": [3, 3]}
							}
						},
						{
							"origin": [-0.33655, 2.5, -2.3125],
							"size": [0.6731, 0.125, 0.75],
							"pivot": [0, 1.8125, -2.0625],
							"rotation": [0, 0, 45],
							"uv": {
								"north": {"uv": [356, 292], "uv_size": [3, 1]},
								"south": {"uv": [296, 356], "uv_size": [3, 1]},
								"up": {"uv": [336, 300], "uv_size": [3, 3]},
								"down": {"uv": [304, 339], "uv_size": [3, -3]}
							}
						},
						{
							"origin": [-0.33655, 2.5, -2.3125],
							"size": [0.6731, 0.125, 0.75],
							"uv": {
								"north": {"uv": [356, 296], "uv_size": [3, 1]},
								"south": {"uv": [300, 356], "uv_size": [3, 1]},
								"up": {"uv": [336, 304], "uv_size": [3, 3]},
								"down": {"uv": [308, 339], "uv_size": [3, -3]}
							}
						},
						{
							"origin": [0.6875, 1.47595, -2.3125],
							"size": [0.125, 0.6731, 0.75],
							"pivot": [0, 1.8125, -2.0625],
							"rotation": [0, 0, 45],
							"uv": {
								"north": {"uv": [356, 300], "uv_size": [1, 3]},
								"east": {"uv": [336, 308], "uv_size": [3, 3]},
								"south": {"uv": [304, 356], "uv_size": [1, 3]},
								"west": {"uv": [312, 336], "uv_size": [3, 3]}
							}
						},
						{
							"origin": [-0.8125, 1.47595, -2.3125],
							"size": [0.125, 0.6731, 0.75],
							"uv": {
								"north": {"uv": [356, 304], "uv_size": [1, 3]},
								"east": {"uv": [316, 336], "uv_size": [3, 3]},
								"south": {"uv": [308, 356], "uv_size": [1, 3]},
								"west": {"uv": [320, 336], "uv_size": [3, 3]}
							}
						},
						{
							"origin": [0.6875, 1.83655, -2.3125],
							"size": [0.25, 0.3125, 0.75],
							"uv": {
								"north": {"uv": [340, 376], "uv_size": [1, 1]},
								"east": {"uv": [356, 308], "uv_size": [3, 1]},
								"south": {"uv": [376, 340], "uv_size": [1, 1]},
								"west": {"uv": [312, 356], "uv_size": [3, 1]},
								"up": {"uv": [356, 312], "uv_size": [1, 3]},
								"down": {"uv": [316, 359], "uv_size": [1, -3]}
							}
						},
						{
							"origin": [-0.8125, 1.47595, -2.3125],
							"size": [0.125, 0.6731, 0.75],
							"pivot": [0, 1.8125, -2.0625],
							"rotation": [0, 0, 45],
							"uv": {
								"north": {"uv": [356, 316], "uv_size": [1, 3]},
								"east": {"uv": [336, 320], "uv_size": [3, 3]},
								"south": {"uv": [320, 356], "uv_size": [1, 3]},
								"west": {"uv": [324, 336], "uv_size": [3, 3]}
							}
						},
						{
							"origin": [0.6875, 1.47595, -2.3125],
							"size": [0.25, 0.3125, 0.75],
							"uv": {
								"north": {"uv": [344, 376], "uv_size": [1, 1]},
								"east": {"uv": [356, 320], "uv_size": [3, 1]},
								"south": {"uv": [376, 344], "uv_size": [1, 1]},
								"west": {"uv": [324, 356], "uv_size": [3, 1]},
								"up": {"uv": [356, 324], "uv_size": [1, 3]},
								"down": {"uv": [328, 359], "uv_size": [1, -3]}
							}
						}
					]
				},
				{
					"name": "knob_base",
					"parent": "hide_when_ads",
					"pivot": [-1.125, 4.6875, 4.375],
					"cubes": [
						{
							"origin": [-0.375, 2.6875, -4.1875],
							"size": [0.75, 0.125, 0.75],
							"uv": {
								"north": {"uv": [356, 328], "uv_size": [3, 1]},
								"east": {"uv": [332, 356], "uv_size": [3, 1]},
								"south": {"uv": [356, 332], "uv_size": [3, 1]},
								"west": {"uv": [336, 356], "uv_size": [3, 1]},
								"up": {"uv": [336, 324], "uv_size": [3, 3]},
								"down": {"uv": [328, 339], "uv_size": [3, -3]}
							}
						},
						{
							"origin": [-1, 1.4375, -4.1875],
							"size": [0.125, 0.75, 0.75],
							"uv": {
								"north": {"uv": [356, 336], "uv_size": [1, 3]},
								"east": {"uv": [336, 328], "uv_size": [3, 3]},
								"south": {"uv": [340, 356], "uv_size": [1, 3]},
								"west": {"uv": [332, 336], "uv_size": [3, 3]},
								"up": {"uv": [356, 340], "uv_size": [1, 3]},
								"down": {"uv": [344, 359], "uv_size": [1, -3]}
							}
						},
						{
							"origin": [0.875, 1.4375, -4.1875],
							"size": [0.125, 0.75, 0.75],
							"uv": {
								"north": {"uv": [356, 344], "uv_size": [1, 3]},
								"east": {"uv": [336, 332], "uv_size": [3, 3]},
								"south": {"uv": [348, 356], "uv_size": [1, 3]},
								"west": {"uv": [336, 336], "uv_size": [3, 3]},
								"up": {"uv": [356, 348], "uv_size": [1, 3]},
								"down": {"uv": [352, 359], "uv_size": [1, -3]}
							}
						},
						{
							"origin": [-0.875, 1.50184, -4.5625],
							"size": [0.125, 0.62132, 1.5],
							"pivot": [-0.125, 1.8125, -3.8125],
							"rotation": [-45, 0, 0],
							"uv": {
								"north": {"uv": [364, 256], "uv_size": [1, 2]},
								"east": {"uv": [292, 324], "uv_size": [6, 2]},
								"south": {"uv": [364, 260], "uv_size": [1, 2]},
								"west": {"uv": [300, 324], "uv_size": [6, 2]}
							}
						},
						{
							"origin": [-0.875, 1.50184, -4.5625],
							"size": [0.125, 0.62132, 1.5],
							"uv": {
								"north": {"uv": [364, 264], "uv_size": [1, 2]},
								"east": {"uv": [308, 324], "uv_size": [6, 2]},
								"south": {"uv": [268, 364], "uv_size": [1, 2]},
								"west": {"uv": [316, 324], "uv_size": [6, 2]}
							}
						},
						{
							"origin": [-0.875, 1.0625, -4.12316],
							"size": [0.125, 1.5, 0.62132],
							"pivot": [0.625, 1.8125, -3.8125],
							"rotation": [-45, 0, 0],
							"uv": {
								"east": {"uv": [324, 316], "uv_size": [2, 6]},
								"west": {"uv": [324, 324], "uv_size": [2, 6]},
								"up": {"uv": [364, 268], "uv_size": [1, 2]},
								"down": {"uv": [272, 366], "uv_size": [1, -2]}
							}
						},
						{
							"origin": [-0.875, 1.0625, -4.12316],
							"size": [0.125, 1.5, 0.62132],
							"uv": {
								"east": {"uv": [328, 216], "uv_size": [2, 6]},
								"west": {"uv": [328, 252], "uv_size": [2, 6]},
								"up": {"uv": [364, 272], "uv_size": [1, 2]},
								"down": {"uv": [276, 366], "uv_size": [1, -2]}
							}
						},
						{
							"origin": [-0.31066, 2.5625, -4.5625],
							"size": [0.62132, 0.125, 1.5],
							"uv": {
								"north": {"uv": [364, 276], "uv_size": [2, 1]},
								"south": {"uv": [280, 364], "uv_size": [2, 1]},
								"up": {"uv": [328, 260], "uv_size": [2, 6]}
							}
						},
						{
							"origin": [-0.31066, 0.9375, -4.5625],
							"size": [0.62132, 0.125, 1.5],
							"uv": {
								"north": {"uv": [364, 280], "uv_size": [2, 1]},
								"south": {"uv": [284, 364], "uv_size": [2, 1]},
								"down": {"uv": [280, 334], "uv_size": [2, -6]}
							}
						},
						{
							"origin": [-0.31066, 2.5625, -4.5625],
							"size": [0.62132, 0.125, 1.5],
							"pivot": [0, 1.9375, -3.8125],
							"rotation": [0, -45, 0],
							"uv": {
								"north": {"uv": [364, 284], "uv_size": [2, 1]},
								"south": {"uv": [288, 364], "uv_size": [2, 1]},
								"up": {"uv": [284, 328], "uv_size": [2, 6]},
								"down": {"uv": [288, 334], "uv_size": [2, -6]}
							}
						},
						{
							"origin": [-0.75, 2.5625, -4.12316],
							"size": [1.5, 0.125, 0.62132],
							"pivot": [0, 1.9375, -3.8125],
							"rotation": [0, -45, 0],
							"uv": {
								"east": {"uv": [364, 288], "uv_size": [2, 1]},
								"west": {"uv": [292, 364], "uv_size": [2, 1]},
								"up": {"uv": [328, 240], "uv_size": [6, 2]},
								"down": {"uv": [292, 330], "uv_size": [6, -2]}
							}
						},
						{
							"origin": [-0.75, 2.5625, -4.12316],
							"size": [1.5, 0.125, 0.62132],
							"uv": {
								"east": {"uv": [368, 228], "uv_size": [2, 1]},
								"west": {"uv": [368, 232], "uv_size": [2, 1]},
								"up": {"uv": [300, 328], "uv_size": [6, 2]},
								"down": {"uv": [308, 330], "uv_size": [6, -2]}
							}
						},
						{
							"origin": [-0.31066, 0.9375, -4.5625],
							"size": [0.62132, 0.125, 1.5],
							"pivot": [0, 0.3125, -3.8125],
							"rotation": [0, -45, 0],
							"uv": {
								"north": {"uv": [368, 236], "uv_size": [2, 1]},
								"south": {"uv": [368, 240], "uv_size": [2, 1]},
								"up": {"uv": [328, 312], "uv_size": [2, 6]},
								"down": {"uv": [316, 334], "uv_size": [2, -6]}
							}
						},
						{
							"origin": [-0.75, 0.9375, -4.12316],
							"size": [1.5, 0.125, 0.62132],
							"uv": {
								"east": {"uv": [368, 244], "uv_size": [2, 1]},
								"west": {"uv": [368, 248], "uv_size": [2, 1]},
								"up": {"uv": [328, 320], "uv_size": [6, 2]},
								"down": {"uv": [328, 326], "uv_size": [6, -2]}
							}
						},
						{
							"origin": [-0.75, 0.9375, -4.12316],
							"size": [1.5, 0.125, 0.62132],
							"pivot": [0, 0.3125, -3.8125],
							"rotation": [0, -45, 0],
							"uv": {
								"east": {"uv": [368, 252], "uv_size": [2, 1]},
								"west": {"uv": [368, 256], "uv_size": [2, 1]},
								"up": {"uv": [328, 328], "uv_size": [6, 2]},
								"down": {"uv": [332, 218], "uv_size": [6, -2]}
							}
						},
						{
							"origin": [0.75, 1.50184, -4.5625],
							"size": [0.125, 0.62132, 1.5],
							"pivot": [0.125, 1.8125, -3.8125],
							"rotation": [-45, 0, 0],
							"uv": {
								"north": {"uv": [368, 260], "uv_size": [1, 2]},
								"east": {"uv": [332, 220], "uv_size": [6, 2]},
								"south": {"uv": [368, 264], "uv_size": [1, 2]},
								"west": {"uv": [332, 224], "uv_size": [6, 2]}
							}
						},
						{
							"origin": [0.75, 1.50184, -4.5625],
							"size": [0.125, 0.62132, 1.5],
							"uv": {
								"north": {"uv": [268, 368], "uv_size": [1, 2]},
								"east": {"uv": [332, 228], "uv_size": [6, 2]},
								"south": {"uv": [368, 268], "uv_size": [1, 2]},
								"west": {"uv": [332, 232], "uv_size": [6, 2]}
							}
						},
						{
							"origin": [0.75, 1.0625, -4.12316],
							"size": [0.125, 1.5, 0.62132],
							"pivot": [-0.625, 1.8125, -3.8125],
							"rotation": [-45, 0, 0],
							"uv": {
								"east": {"uv": [320, 328], "uv_size": [2, 6]},
								"west": {"uv": [332, 244], "uv_size": [2, 6]},
								"up": {"uv": [272, 368], "uv_size": [1, 2]},
								"down": {"uv": [368, 274], "uv_size": [1, -2]}
							}
						},
						{
							"origin": [0.75, 1.0625, -4.12316],
							"size": [0.125, 1.5, 0.62132],
							"uv": {
								"east": {"uv": [332, 252], "uv_size": [2, 6]},
								"west": {"uv": [332, 260], "uv_size": [2, 6]},
								"up": {"uv": [276, 368], "uv_size": [1, 2]},
								"down": {"uv": [368, 278], "uv_size": [1, -2]}
							}
						}
					]
				},
				{
					"name": "group4",
					"parent": "knob_base",
					"pivot": [0, 4.5, -1.625],
					"cubes": [
						{
							"origin": [-0.31066, 2.4375, -4.6875],
							"size": [0.62132, 0.125, 1.75],
							"pivot": [0, 1.8125, -3.8125],
							"rotation": [0, 0, 45],
							"uv": {
								"north": {"uv": [364, 292], "uv_size": [2, 1]},
								"south": {"uv": [296, 364], "uv_size": [2, 1]},
								"west": {"uv": [340, 212], "uv_size": [7, 1]},
								"up": {"uv": [312, 244], "uv_size": [2, 7]}
							}
						},
						{
							"origin": [-0.31066, 2.4375, -4.6875],
							"size": [0.62132, 0.125, 1.75],
							"uv": {
								"north": {"uv": [364, 296], "uv_size": [2, 1]},
								"south": {"uv": [300, 364], "uv_size": [2, 1]},
								"up": {"uv": [312, 252], "uv_size": [2, 7]}
							}
						},
						{
							"origin": [-0.75, 1.50184, -4.6875],
							"size": [0.125, 0.62132, 1.75],
							"pivot": [0, 1.8125, -3.8125],
							"rotation": [0, 0, 45],
							"uv": {
								"north": {"uv": [364, 300], "uv_size": [1, 2]},
								"east": {"uv": [312, 260], "uv_size": [7, 2]},
								"south": {"uv": [304, 364], "uv_size": [1, 2]},
								"west": {"uv": [312, 264], "uv_size": [7, 2]},
								"down": {"uv": [340, 223], "uv_size": [1, -7]}
							}
						},
						{
							"origin": [-0.74816, 1.5, -4.6875],
							"size": [0.12132, 0.625, 1.75],
							"uv": {
								"north": {"uv": [356, 352], "uv_size": [1, 3]},
								"east": {"uv": [312, 216], "uv_size": [7, 3]},
								"south": {"uv": [356, 356], "uv_size": [1, 3]}
							}
						},
						{
							"origin": [-0.30806, 1.0625, -4.6875],
							"size": [0.61872, 0.125, 1.75],
							"pivot": [0, 1.8125, -3.8125],
							"rotation": [0, 0, 45],
							"uv": {
								"north": {"uv": [364, 304], "uv_size": [2, 1]},
								"south": {"uv": [308, 364], "uv_size": [2, 1]},
								"down": {"uv": [308, 319], "uv_size": [2, -7]}
							}
						},
						{
							"origin": [-0.31066, 1.0625, -4.6875],
							"size": [0.62132, 0.125, 1.75],
							"uv": {
								"north": {"uv": [364, 308], "uv_size": [2, 1]},
								"south": {"uv": [312, 364], "uv_size": [2, 1]},
								"down": {"uv": [312, 319], "uv_size": [2, -7]}
							}
						},
						{
							"origin": [0.625, 1.50184, -4.6875],
							"size": [0.125, 0.61872, 1.75],
							"pivot": [0, 1.8125, -3.8125],
							"rotation": [0, 0, 45],
							"uv": {
								"north": {"uv": [364, 312], "uv_size": [1, 2]},
								"east": {"uv": [316, 244], "uv_size": [7, 2]},
								"south": {"uv": [316, 364], "uv_size": [1, 2]},
								"west": {"uv": [316, 248], "uv_size": [7, 2]}
							}
						},
						{
							"origin": [0.62684, 1.5, -4.6875],
							"size": [0.12132, 0.625, 1.75],
							"uv": {
								"north": {"uv": [360, 212], "uv_size": [1, 3]},
								"south": {"uv": [360, 216], "uv_size": [1, 3]},
								"west": {"uv": [312, 220], "uv_size": [7, 3]}
							}
						}
					]
				},
				{
					"name": "group3",
					"parent": "knob_base",
					"pivot": [0, 4.34375, -1.625],
					"cubes": [
						{
							"origin": [0.73437, 2.40625, -4.12316],
							"size": [0.01563, 0.15625, 0.62132],
							"pivot": [0, 1.8125, -3.8125],
							"rotation": [0, -45, 0],
							"uv": {
								"north": {"uv": [348, 376], "uv_size": [1, 1]},
								"east": {"uv": [364, 316], "uv_size": [2, 1]},
								"south": {"uv": [376, 348], "uv_size": [1, 1]},
								"west": {"uv": [320, 364], "uv_size": [2, 1]},
								"down": {"uv": [364, 322], "uv_size": [1, -2]}
							}
						},
						{
							"origin": [0.73437, 2.40625, -4.12316],
							"size": [0.01563, 0.15625, 0.62132],
							"pivot": [0, 1.8125, -3.8125],
							"rotation": [0, 45, 0],
							"uv": {
								"north": {"uv": [352, 376], "uv_size": [1, 1]},
								"east": {"uv": [324, 364], "uv_size": [2, 1]},
								"south": {"uv": [376, 352], "uv_size": [1, 1]},
								"west": {"uv": [364, 324], "uv_size": [2, 1]},
								"up": {"uv": [328, 364], "uv_size": [1, 2]},
								"down": {"uv": [364, 330], "uv_size": [1, -2]}
							}
						},
						{
							"origin": [0.73437, 1.0625, -4.12316],
							"size": [0.01563, 0.15625, 0.62132],
							"pivot": [0, 0.53125, -3.8125],
							"rotation": [0, 45, 0],
							"uv": {
								"north": {"uv": [356, 376], "uv_size": [1, 1]},
								"east": {"uv": [332, 364], "uv_size": [2, 1]},
								"south": {"uv": [376, 356], "uv_size": [1, 1]},
								"west": {"uv": [364, 332], "uv_size": [2, 1]},
								"up": {"uv": [336, 364], "uv_size": [1, 2]},
								"down": {"uv": [364, 338], "uv_size": [1, -2]}
							}
						},
						{
							"origin": [0.73437, 1.0625, -4.12316],
							"size": [0.01563, 0.15625, 0.62132],
							"pivot": [0, 0.53125, -3.8125],
							"rotation": [0, -45, 0],
							"uv": {
								"north": {"uv": [360, 376], "uv_size": [1, 1]},
								"east": {"uv": [340, 364], "uv_size": [2, 1]},
								"south": {"uv": [376, 360], "uv_size": [1, 1]},
								"west": {"uv": [364, 340], "uv_size": [2, 1]},
								"up": {"uv": [344, 364], "uv_size": [1, 2]}
							}
						},
						{
							"origin": [0.4375, 1.81434, -4.5625],
							"size": [0.3125, 0.30882, 0.0625],
							"pivot": [0.125, 1.8125, -3.8125],
							"rotation": [-45, 0, 0],
							"uv": {
								"north": {"uv": [364, 376], "uv_size": [1, 1]},
								"east": {"uv": [376, 364], "uv_size": [1, 1]},
								"south": {"uv": [368, 376], "uv_size": [1, 1]},
								"up": {"uv": [376, 368], "uv_size": [1, 1]},
								"down": {"uv": [372, 377], "uv_size": [1, -1]}
							}
						},
						{
							"origin": [0.625, 1.50902, -4.57095],
							"size": [0.125, 0.30882, 0.06251],
							"pivot": [0.125, 1.80405, -3.82095],
							"rotation": [-45, 0, 0],
							"uv": {
								"north": {"uv": [376, 372], "uv_size": [1, 1]},
								"east": {"uv": [376, 376], "uv_size": [1, 1]},
								"south": {"uv": [380, 212], "uv_size": [1, 1]},
								"down": {"uv": [380, 217], "uv_size": [1, -1]}
							}
						},
						{
							"origin": [0.4375, 1.81434, -3.125],
							"size": [0.3125, 0.30882, 0.0625],
							"pivot": [0.125, 1.8125, -3.8125],
							"rotation": [45, 0, 0],
							"uv": {
								"north": {"uv": [380, 220], "uv_size": [1, 1]},
								"east": {"uv": [380, 224], "uv_size": [1, 1]},
								"south": {"uv": [380, 228], "uv_size": [1, 1]},
								"west": {"uv": [380, 232], "uv_size": [1, 1]},
								"up": {"uv": [380, 236], "uv_size": [1, 1]},
								"down": {"uv": [380, 241], "uv_size": [1, -1]}
							}
						},
						{
							"origin": [0.625, 1.50902, -3.11655],
							"size": [0.125, 0.30882, 0.0625],
							"pivot": [0.125, 1.80405, -3.80405],
							"rotation": [45, 0, 0],
							"uv": {
								"north": {"uv": [380, 244], "uv_size": [1, 1]},
								"east": {"uv": [380, 248], "uv_size": [1, 1]},
								"south": {"uv": [380, 252], "uv_size": [1, 1]},
								"west": {"uv": [380, 256], "uv_size": [1, 1]},
								"down": {"uv": [380, 261], "uv_size": [1, -1]}
							}
						},
						{
							"origin": [0.4375, 1.50184, -3.125],
							"size": [0.3125, 0.30882, 0.0625],
							"pivot": [0.125, 1.8125, -3.8125],
							"rotation": [-45, 0, 0],
							"uv": {
								"north": {"uv": [380, 264], "uv_size": [1, 1]},
								"east": {"uv": [268, 380], "uv_size": [1, 1]},
								"south": {"uv": [380, 268], "uv_size": [1, 1]},
								"up": {"uv": [272, 380], "uv_size": [1, 1]},
								"down": {"uv": [380, 273], "uv_size": [1, -1]}
							}
						},
						{
							"origin": [0.625, 1.80716, -3.11655],
							"size": [0.125, 0.30882, 0.0625],
							"pivot": [0.125, 1.82095, -3.80405],
							"rotation": [-45, 0, 0],
							"uv": {
								"north": {"uv": [276, 380], "uv_size": [1, 1]},
								"east": {"uv": [380, 276], "uv_size": [1, 1]},
								"south": {"uv": [280, 380], "uv_size": [1, 1]},
								"up": {"uv": [380, 280], "uv_size": [1, 1]}
							}
						},
						{
							"origin": [0.4375, 1.50184, -4.5625],
							"size": [0.3125, 0.30882, 0.0625],
							"pivot": [0.125, 1.8125, -3.8125],
							"rotation": [45, 0, 0],
							"uv": {
								"north": {"uv": [284, 380], "uv_size": [1, 1]},
								"east": {"uv": [380, 284], "uv_size": [1, 1]},
								"south": {"uv": [288, 380], "uv_size": [1, 1]},
								"west": {"uv": [380, 288], "uv_size": [1, 1]},
								"up": {"uv": [292, 380], "uv_size": [1, 1]},
								"down": {"uv": [380, 293], "uv_size": [1, -1]}
							}
						},
						{
							"origin": [0.625, 1.80716, -4.57095],
							"size": [0.125, 0.30882, 0.06251],
							"pivot": [0.125, 1.82095, -3.82095],
							"rotation": [45, 0, 0],
							"uv": {
								"north": {"uv": [296, 380], "uv_size": [1, 1]},
								"east": {"uv": [380, 296], "uv_size": [1, 1]},
								"south": {"uv": [300, 380], "uv_size": [1, 1]},
								"west": {"uv": [380, 300], "uv_size": [1, 1]},
								"up": {"uv": [304, 380], "uv_size": [1, 1]}
							}
						},
						{
							"origin": [0.5, 1.6809, -4.57095],
							"size": [0.125, 0.13694, 0.06251],
							"pivot": [0, 1.80405, -3.82095],
							"rotation": [-45, 0, 0],
							"uv": {
								"north": {"uv": [380, 304], "uv_size": [1, 1]},
								"east": {"uv": [308, 380], "uv_size": [1, 1]},
								"south": {"uv": [380, 308], "uv_size": [1, 1]},
								"down": {"uv": [312, 381], "uv_size": [1, -1]}
							}
						},
						{
							"origin": [0.5, 1.6809, -3.11655],
							"size": [0.125, 0.13694, 0.0625],
							"pivot": [0, 1.80405, -3.80405],
							"rotation": [45, 0, 0],
							"uv": {
								"north": {"uv": [380, 312], "uv_size": [1, 1]},
								"east": {"uv": [316, 380], "uv_size": [1, 1]},
								"south": {"uv": [380, 316], "uv_size": [1, 1]},
								"down": {"uv": [320, 381], "uv_size": [1, -1]}
							}
						},
						{
							"origin": [0.5, 1.80716, -3.11655],
							"size": [0.125, 0.13695, 0.0625],
							"pivot": [0, 1.82095, -3.80405],
							"rotation": [-45, 0, 0],
							"uv": {
								"north": {"uv": [380, 320], "uv_size": [1, 1]},
								"east": {"uv": [324, 380], "uv_size": [1, 1]},
								"south": {"uv": [380, 324], "uv_size": [1, 1]},
								"up": {"uv": [328, 380], "uv_size": [1, 1]}
							}
						},
						{
							"origin": [0.5, 1.80716, -4.57095],
							"size": [0.125, 0.13695, 0.06251],
							"pivot": [0, 1.82095, -3.82095],
							"rotation": [45, 0, 0],
							"uv": {
								"north": {"uv": [380, 328], "uv_size": [1, 1]},
								"east": {"uv": [332, 380], "uv_size": [1, 1]},
								"south": {"uv": [380, 332], "uv_size": [1, 1]},
								"up": {"uv": [336, 380], "uv_size": [1, 1]}
							}
						},
						{
							"origin": [0.73437, 1.21875, -3.93566],
							"size": [0.01563, 0.09375, 0.24632],
							"pivot": [0, 0.6875, -3.8125],
							"rotation": [0, -45, 0],
							"uv": {
								"north": {"uv": [380, 336], "uv_size": [1, 1]},
								"east": {"uv": [340, 380], "uv_size": [1, 1]},
								"south": {"uv": [380, 340], "uv_size": [1, 1]},
								"west": {"uv": [344, 380], "uv_size": [1, 1]},
								"up": {"uv": [380, 344], "uv_size": [1, 1]}
							}
						},
						{
							"origin": [0.73437, 1.21875, -3.93566],
							"size": [0.01563, 0.09375, 0.24632],
							"pivot": [0, 0.6875, -3.8125],
							"rotation": [0, 45, 0],
							"uv": {
								"north": {"uv": [348, 380], "uv_size": [1, 1]},
								"east": {"uv": [380, 348], "uv_size": [1, 1]},
								"south": {"uv": [352, 380], "uv_size": [1, 1]},
								"west": {"uv": [380, 352], "uv_size": [1, 1]},
								"up": {"uv": [356, 380], "uv_size": [1, 1]}
							}
						},
						{
							"origin": [0.73437, 2.3125, -3.93566],
							"size": [0.01563, 0.09375, 0.24632],
							"pivot": [0, 1.65625, -3.8125],
							"rotation": [0, -45, 0],
							"uv": {
								"north": {"uv": [380, 356], "uv_size": [1, 1]},
								"east": {"uv": [360, 380], "uv_size": [1, 1]},
								"south": {"uv": [380, 360], "uv_size": [1, 1]},
								"west": {"uv": [364, 380], "uv_size": [1, 1]},
								"down": {"uv": [380, 365], "uv_size": [1, -1]}
							}
						},
						{
							"origin": [0.73437, 2.3125, -3.93566],
							"size": [0.01563, 0.09375, 0.24632],
							"pivot": [0, 1.65625, -3.8125],
							"rotation": [0, 45, 0],
							"uv": {
								"north": {"uv": [368, 380], "uv_size": [1, 1]},
								"east": {"uv": [380, 368], "uv_size": [1, 1]},
								"south": {"uv": [372, 380], "uv_size": [1, 1]},
								"west": {"uv": [380, 372], "uv_size": [1, 1]},
								"down": {"uv": [376, 381], "uv_size": [1, -1]}
							}
						}
					]
				},
				{
					"name": "group2",
					"parent": "knob_base",
					"pivot": [0, 4.34375, -1.625],
					"cubes": [
						{
							"origin": [-0.75, 2.40625, -4.12316],
							"size": [0.01563, 0.15625, 0.62132],
							"pivot": [0, 1.8125, -3.8125],
							"rotation": [0, 45, 0],
							"uv": {
								"north": {"uv": [380, 376], "uv_size": [1, 1]},
								"east": {"uv": [364, 344], "uv_size": [2, 1]},
								"south": {"uv": [380, 380], "uv_size": [1, 1]},
								"west": {"uv": [348, 364], "uv_size": [2, 1]},
								"up": {"uv": [364, 348], "uv_size": [1, 2]},
								"down": {"uv": [352, 366], "uv_size": [1, -2]}
							}
						},
						{
							"origin": [-0.75, 2.40625, -4.12316],
							"size": [0.01563, 0.15625, 0.62132],
							"pivot": [0, 1.8125, -3.8125],
							"rotation": [0, -45, 0],
							"uv": {
								"north": {"uv": [384, 212], "uv_size": [1, 1]},
								"east": {"uv": [364, 352], "uv_size": [2, 1]},
								"south": {"uv": [384, 216], "uv_size": [1, 1]},
								"west": {"uv": [356, 364], "uv_size": [2, 1]},
								"down": {"uv": [364, 358], "uv_size": [1, -2]}
							}
						},
						{
							"origin": [-0.75, 1.0625, -4.12316],
							"size": [0.01563, 0.15625, 0.62132],
							"pivot": [0, 0.53125, -3.8125],
							"rotation": [0, -45, 0],
							"uv": {
								"north": {"uv": [384, 220], "uv_size": [1, 1]},
								"east": {"uv": [360, 364], "uv_size": [2, 1]},
								"south": {"uv": [384, 224], "uv_size": [1, 1]},
								"west": {"uv": [364, 360], "uv_size": [2, 1]},
								"up": {"uv": [364, 364], "uv_size": [1, 2]}
							}
						},
						{
							"origin": [-0.75, 1.0625, -4.12316],
							"size": [0.01563, 0.15625, 0.62132],
							"pivot": [0, 0.53125, -3.8125],
							"rotation": [0, 45, 0],
							"uv": {
								"north": {"uv": [384, 228], "uv_size": [1, 1]},
								"east": {"uv": [368, 212], "uv_size": [2, 1]},
								"south": {"uv": [384, 232], "uv_size": [1, 1]},
								"west": {"uv": [368, 216], "uv_size": [2, 1]},
								"up": {"uv": [368, 220], "uv_size": [1, 2]},
								"down": {"uv": [368, 226], "uv_size": [1, -2]}
							}
						},
						{
							"origin": [-0.75, 1.81434, -4.5625],
							"size": [0.3125, 0.30882, 0.0625],
							"pivot": [-0.125, 1.8125, -3.8125],
							"rotation": [-45, 0, 0],
							"uv": {
								"north": {"uv": [384, 236], "uv_size": [1, 1]},
								"south": {"uv": [384, 240], "uv_size": [1, 1]},
								"west": {"uv": [384, 244], "uv_size": [1, 1]},
								"up": {"uv": [384, 248], "uv_size": [1, 1]},
								"down": {"uv": [384, 253], "uv_size": [1, -1]}
							}
						},
						{
							"origin": [-0.75, 1.50902, -4.57095],
							"size": [0.125, 0.30882, 0.06251],
							"pivot": [-0.125, 1.80405, -3.82095],
							"rotation": [-45, 0, 0],
							"uv": {
								"north": {"uv": [384, 256], "uv_size": [1, 1]},
								"south": {"uv": [384, 260], "uv_size": [1, 1]},
								"west": {"uv": [384, 264], "uv_size": [1, 1]},
								"down": {"uv": [268, 385], "uv_size": [1, -1]}
							}
						},
						{
							"origin": [-0.75, 1.81434, -3.125],
							"size": [0.3125, 0.30882, 0.0625],
							"pivot": [-0.125, 1.8125, -3.8125],
							"rotation": [45, 0, 0],
							"uv": {
								"north": {"uv": [384, 268], "uv_size": [1, 1]},
								"east": {"uv": [272, 384], "uv_size": [1, 1]},
								"south": {"uv": [384, 272], "uv_size": [1, 1]},
								"west": {"uv": [276, 384], "uv_size": [1, 1]},
								"up": {"uv": [384, 276], "uv_size": [1, 1]},
								"down": {"uv": [280, 385], "uv_size": [1, -1]}
							}
						},
						{
							"origin": [-0.75, 1.50902, -3.11655],
							"size": [0.125, 0.30882, 0.0625],
							"pivot": [-0.125, 1.80405, -3.80405],
							"rotation": [45, 0, 0],
							"uv": {
								"north": {"uv": [384, 280], "uv_size": [1, 1]},
								"east": {"uv": [284, 384], "uv_size": [1, 1]},
								"south": {"uv": [384, 284], "uv_size": [1, 1]},
								"west": {"uv": [288, 384], "uv_size": [1, 1]},
								"down": {"uv": [384, 289], "uv_size": [1, -1]}
							}
						},
						{
							"origin": [-0.75, 1.50184, -3.125],
							"size": [0.3125, 0.30882, 0.0625],
							"pivot": [-0.125, 1.8125, -3.8125],
							"rotation": [-45, 0, 0],
							"uv": {
								"north": {"uv": [292, 384], "uv_size": [1, 1]},
								"south": {"uv": [384, 292], "uv_size": [1, 1]},
								"west": {"uv": [296, 384], "uv_size": [1, 1]},
								"up": {"uv": [384, 296], "uv_size": [1, 1]},
								"down": {"uv": [300, 385], "uv_size": [1, -1]}
							}
						},
						{
							"origin": [-0.75, 1.80716, -3.11655],
							"size": [0.125, 0.30882, 0.0625],
							"pivot": [-0.125, 1.82095, -3.80405],
							"rotation": [-45, 0, 0],
							"uv": {
								"north": {"uv": [384, 300], "uv_size": [1, 1]},
								"south": {"uv": [304, 384], "uv_size": [1, 1]},
								"west": {"uv": [384, 304], "uv_size": [1, 1]},
								"up": {"uv": [308, 384], "uv_size": [1, 1]}
							}
						},
						{
							"origin": [-0.75, 1.50184, -4.5625],
							"size": [0.3125, 0.30882, 0.0625],
							"pivot": [-0.125, 1.8125, -3.8125],
							"rotation": [45, 0, 0],
							"uv": {
								"north": {"uv": [384, 308], "uv_size": [1, 1]},
								"east": {"uv": [312, 384], "uv_size": [1, 1]},
								"south": {"uv": [384, 312], "uv_size": [1, 1]},
								"west": {"uv": [316, 384], "uv_size": [1, 1]},
								"up": {"uv": [384, 316], "uv_size": [1, 1]},
								"down": {"uv": [320, 385], "uv_size": [1, -1]}
							}
						},
						{
							"origin": [-0.75, 1.80716, -4.57095],
							"size": [0.125, 0.30882, 0.06251],
							"pivot": [-0.125, 1.82095, -3.82095],
							"rotation": [45, 0, 0],
							"uv": {
								"north": {"uv": [384, 320], "uv_size": [1, 1]},
								"east": {"uv": [324, 384], "uv_size": [1, 1]},
								"south": {"uv": [384, 324], "uv_size": [1, 1]},
								"west": {"uv": [328, 384], "uv_size": [1, 1]},
								"up": {"uv": [384, 328], "uv_size": [1, 1]}
							}
						},
						{
							"origin": [-0.625, 1.6809, -4.57095],
							"size": [0.125, 0.13694, 0.06251],
							"pivot": [0, 1.80405, -3.82095],
							"rotation": [-45, 0, 0],
							"uv": {
								"north": {"uv": [332, 384], "uv_size": [1, 1]},
								"south": {"uv": [384, 332], "uv_size": [1, 1]},
								"west": {"uv": [336, 384], "uv_size": [1, 1]},
								"down": {"uv": [384, 337], "uv_size": [1, -1]}
							}
						},
						{
							"origin": [-0.625, 1.6809, -3.11655],
							"size": [0.125, 0.13694, 0.0625],
							"pivot": [0, 1.80405, -3.80405],
							"rotation": [45, 0, 0],
							"uv": {
								"north": {"uv": [340, 384], "uv_size": [1, 1]},
								"south": {"uv": [384, 340], "uv_size": [1, 1]},
								"west": {"uv": [344, 384], "uv_size": [1, 1]},
								"down": {"uv": [384, 345], "uv_size": [1, -1]}
							}
						},
						{
							"origin": [-0.625, 1.80716, -3.11655],
							"size": [0.125, 0.13695, 0.0625],
							"pivot": [0, 1.82095, -3.80405],
							"rotation": [-45, 0, 0],
							"uv": {
								"north": {"uv": [348, 384], "uv_size": [1, 1]},
								"south": {"uv": [384, 348], "uv_size": [1, 1]},
								"west": {"uv": [352, 384], "uv_size": [1, 1]},
								"up": {"uv": [384, 352], "uv_size": [1, 1]}
							}
						},
						{
							"origin": [-0.625, 1.80716, -4.57095],
							"size": [0.125, 0.13695, 0.06251],
							"pivot": [0, 1.82095, -3.82095],
							"rotation": [45, 0, 0],
							"uv": {
								"north": {"uv": [356, 384], "uv_size": [1, 1]},
								"south": {"uv": [384, 356], "uv_size": [1, 1]},
								"west": {"uv": [360, 384], "uv_size": [1, 1]},
								"up": {"uv": [384, 360], "uv_size": [1, 1]}
							}
						},
						{
							"origin": [-0.75, 1.21875, -3.93566],
							"size": [0.01563, 0.09375, 0.24632],
							"pivot": [0, 0.6875, -3.8125],
							"rotation": [0, 45, 0],
							"uv": {
								"north": {"uv": [364, 384], "uv_size": [1, 1]},
								"east": {"uv": [384, 364], "uv_size": [1, 1]},
								"south": {"uv": [368, 384], "uv_size": [1, 1]},
								"west": {"uv": [384, 368], "uv_size": [1, 1]},
								"up": {"uv": [372, 384], "uv_size": [1, 1]}
							}
						},
						{
							"origin": [-0.75, 1.21875, -3.93566],
							"size": [0.01563, 0.09375, 0.24632],
							"pivot": [0, 0.6875, -3.8125],
							"rotation": [0, -45, 0],
							"uv": {
								"north": {"uv": [384, 372], "uv_size": [1, 1]},
								"east": {"uv": [376, 384], "uv_size": [1, 1]},
								"south": {"uv": [384, 376], "uv_size": [1, 1]},
								"west": {"uv": [380, 384], "uv_size": [1, 1]},
								"up": {"uv": [384, 380], "uv_size": [1, 1]}
							}
						},
						{
							"origin": [-0.75, 2.3125, -3.93566],
							"size": [0.01563, 0.09375, 0.24632],
							"pivot": [0, 1.65625, -3.8125],
							"rotation": [0, 45, 0],
							"uv": {
								"north": {"uv": [384, 384], "uv_size": [1, 1]},
								"east": {"uv": [388, 212], "uv_size": [1, 1]},
								"south": {"uv": [388, 216], "uv_size": [1, 1]},
								"west": {"uv": [388, 220], "uv_size": [1, 1]},
								"down": {"uv": [388, 225], "uv_size": [1, -1]}
							}
						},
						{
							"origin": [-0.75, 2.3125, -3.93566],
							"size": [0.01563, 0.09375, 0.24632],
							"pivot": [0, 1.65625, -3.8125],
							"rotation": [0, -45, 0],
							"uv": {
								"north": {"uv": [388, 228], "uv_size": [1, 1]},
								"east": {"uv": [388, 232], "uv_size": [1, 1]},
								"south": {"uv": [388, 236], "uv_size": [1, 1]},
								"west": {"uv": [388, 240], "uv_size": [1, 1]},
								"down": {"uv": [388, 245], "uv_size": [1, -1]}
							}
						}
					]
				},
				{
					"name": "hexadecagon2",
					"parent": "hide_when_ads",
					"pivot": [0, 0.6875, -0.1875],
					"cubes": [
						{
							"origin": [-0.17405, 0.9375, -1.25],
							"size": [0.3481, 0.25, 0.3125],
							"pivot": [0, 1.8125, -1.4375],
							"rotation": [0, 0, -45],
							"uv": {
								"north": {"uv": [388, 248], "uv_size": [1, 1]},
								"south": {"uv": [388, 252], "uv_size": [1, 1]},
								"up": {"uv": [388, 256], "uv_size": [1, 1]},
								"down": {"uv": [388, 261], "uv_size": [1, -1]}
							}
						},
						{
							"origin": [-0.17405, 0.9375, -1.25],
							"size": [0.3481, 0.25, 0.3125],
							"pivot": [0, 1.8125, -1.4375],
							"rotation": [0, 0, -22.5],
							"uv": {
								"north": {"uv": [388, 264], "uv_size": [1, 1]},
								"south": {"uv": [268, 388], "uv_size": [1, 1]},
								"up": {"uv": [388, 268], "uv_size": [1, 1]},
								"down": {"uv": [272, 389], "uv_size": [1, -1]}
							}
						},
						{
							"origin": [-0.17405, 0.9375, -1.25],
							"size": [0.3481, 0.25, 0.3125],
							"uv": {
								"north": {"uv": [388, 272], "uv_size": [1, 1]},
								"south": {"uv": [276, 388], "uv_size": [1, 1]},
								"up": {"uv": [388, 276], "uv_size": [1, 1]},
								"down": {"uv": [280, 389], "uv_size": [1, -1]}
							}
						},
						{
							"origin": [-0.17405, 0.9375, -1.25],
							"size": [0.3481, 0.25, 0.3125],
							"pivot": [0, 1.8125, -1.4375],
							"rotation": [0, 0, 22.5],
							"uv": {
								"north": {"uv": [388, 280], "uv_size": [1, 1]},
								"south": {"uv": [284, 388], "uv_size": [1, 1]},
								"up": {"uv": [388, 284], "uv_size": [1, 1]},
								"down": {"uv": [288, 389], "uv_size": [1, -1]}
							}
						},
						{
							"origin": [-0.17405, 0.9375, -1.25],
							"size": [0.3481, 0.25, 0.3125],
							"pivot": [0, 1.8125, -1.4375],
							"rotation": [0, 0, 45],
							"uv": {
								"north": {"uv": [388, 288], "uv_size": [1, 1]},
								"south": {"uv": [292, 388], "uv_size": [1, 1]},
								"up": {"uv": [388, 292], "uv_size": [1, 1]},
								"down": {"uv": [296, 389], "uv_size": [1, -1]}
							}
						},
						{
							"origin": [-0.17405, 2.4375, -1.25],
							"size": [0.3481, 0.25, 0.3125],
							"pivot": [0, 1.8125, -1.4375],
							"rotation": [0, 0, -45],
							"uv": {
								"north": {"uv": [388, 296], "uv_size": [1, 1]},
								"south": {"uv": [300, 388], "uv_size": [1, 1]},
								"up": {"uv": [388, 300], "uv_size": [1, 1]},
								"down": {"uv": [304, 389], "uv_size": [1, -1]}
							}
						},
						{
							"origin": [-0.17405, 2.4375, -1.25],
							"size": [0.3481, 0.25, 0.3125],
							"pivot": [0, 1.8125, -1.4375],
							"rotation": [0, 0, -22.5],
							"uv": {
								"north": {"uv": [388, 304], "uv_size": [1, 1]},
								"south": {"uv": [308, 388], "uv_size": [1, 1]},
								"up": {"uv": [388, 308], "uv_size": [1, 1]},
								"down": {"uv": [312, 389], "uv_size": [1, -1]}
							}
						},
						{
							"origin": [-0.17405, 2.4375, -1.25],
							"size": [0.3481, 0.25, 0.3125],
							"uv": {
								"north": {"uv": [388, 312], "uv_size": [1, 1]},
								"south": {"uv": [316, 388], "uv_size": [1, 1]},
								"up": {"uv": [388, 316], "uv_size": [1, 1]},
								"down": {"uv": [320, 389], "uv_size": [1, -1]}
							}
						},
						{
							"origin": [-0.17405, 2.4375, -1.25],
							"size": [0.3481, 0.25, 0.3125],
							"pivot": [0, 1.8125, -1.4375],
							"rotation": [0, 0, 22.5],
							"uv": {
								"north": {"uv": [388, 320], "uv_size": [1, 1]},
								"south": {"uv": [324, 388], "uv_size": [1, 1]},
								"up": {"uv": [388, 324], "uv_size": [1, 1]},
								"down": {"uv": [328, 389], "uv_size": [1, -1]}
							}
						},
						{
							"origin": [-0.17405, 2.4375, -1.25],
							"size": [0.3481, 0.25, 0.3125],
							"pivot": [0, 1.8125, -1.4375],
							"rotation": [0, 0, 45],
							"uv": {
								"north": {"uv": [388, 328], "uv_size": [1, 1]},
								"south": {"uv": [332, 388], "uv_size": [1, 1]},
								"up": {"uv": [388, 332], "uv_size": [1, 1]},
								"down": {"uv": [336, 389], "uv_size": [1, -1]}
							}
						},
						{
							"origin": [0.625, 1.63845, -1.25],
							"size": [0.25, 0.3481, 0.3125],
							"pivot": [0, 1.8125, -1.4375],
							"rotation": [0, 0, -22.5],
							"uv": {
								"north": {"uv": [388, 336], "uv_size": [1, 1]},
								"east": {"uv": [340, 388], "uv_size": [1, 1]},
								"south": {"uv": [388, 340], "uv_size": [1, 1]},
								"west": {"uv": [344, 388], "uv_size": [1, 1]}
							}
						},
						{
							"origin": [0.625, 1.63845, -1.25],
							"size": [0.25, 0.3481, 0.3125],
							"uv": {
								"north": {"uv": [388, 344], "uv_size": [1, 1]},
								"east": {"uv": [348, 388], "uv_size": [1, 1]},
								"south": {"uv": [388, 348], "uv_size": [1, 1]},
								"west": {"uv": [352, 388], "uv_size": [1, 1]}
							}
						},
						{
							"origin": [0.625, 1.63845, -1.25],
							"size": [0.25, 0.3481, 0.3125],
							"pivot": [0, 1.8125, -1.4375],
							"rotation": [0, 0, 22.5],
							"uv": {
								"north": {"uv": [388, 352], "uv_size": [1, 1]},
								"east": {"uv": [356, 388], "uv_size": [1, 1]},
								"south": {"uv": [388, 356], "uv_size": [1, 1]},
								"west": {"uv": [360, 388], "uv_size": [1, 1]}
							}
						},
						{
							"origin": [-0.875, 1.63845, -1.25],
							"size": [0.25, 0.3481, 0.3125],
							"pivot": [0, 1.8125, -1.4375],
							"rotation": [0, 0, -22.5],
							"uv": {
								"north": {"uv": [388, 360], "uv_size": [1, 1]},
								"east": {"uv": [364, 388], "uv_size": [1, 1]},
								"south": {"uv": [388, 364], "uv_size": [1, 1]},
								"west": {"uv": [368, 388], "uv_size": [1, 1]}
							}
						},
						{
							"origin": [-0.875, 1.63845, -1.25],
							"size": [0.25, 0.3481, 0.3125],
							"uv": {
								"north": {"uv": [388, 368], "uv_size": [1, 1]},
								"east": {"uv": [372, 388], "uv_size": [1, 1]},
								"south": {"uv": [388, 372], "uv_size": [1, 1]},
								"west": {"uv": [376, 388], "uv_size": [1, 1]}
							}
						},
						{
							"origin": [-0.875, 1.63845, -1.25],
							"size": [0.25, 0.3481, 0.3125],
							"pivot": [0, 1.8125, -1.4375],
							"rotation": [0, 0, 22.5],
							"uv": {
								"north": {"uv": [388, 376], "uv_size": [1, 1]},
								"east": {"uv": [380, 388], "uv_size": [1, 1]},
								"south": {"uv": [388, 380], "uv_size": [1, 1]},
								"west": {"uv": [384, 388], "uv_size": [1, 1]}
							}
						}
					]
				},
				{
					"name": "lens",
					"parent": "hide_when_ads",
					"pivot": [0.5, 0.375, -6.6875]
				},
				{
					"name": "ocular",
					"pivot": [0, 2.075, 5.225],
					"cubes": [
						{
							"origin": [-0.9625, 1.62105, 2.84625],
							"size": [1.925, 0.38291, 0],
							"pivot": [0, 1.8125, 2.29625],
							"rotation": [0, 0, 22.5],
							"uv": {
								"south": {"uv": [340, 224], "uv_size": [7, 1]}
							}
						},
						{
							"origin": [-0.9625, 1.62105, 2.84625],
							"size": [1.925, 0.38291, 0],
							"uv": {
								"south": {"uv": [340, 228], "uv_size": [7, 1]}
							}
						},
						{
							"origin": [-0.9625, 1.62105, 2.84625],
							"size": [1.925, 0.38291, 0],
							"pivot": [0, 1.8125, 2.29625],
							"rotation": [0, 0, -22.5],
							"uv": {
								"south": {"uv": [340, 232], "uv_size": [7, 1]}
							}
						},
						{
							"origin": [-0.19145, 0.85, 2.84625],
							"size": [0.38291, 1.925, 0],
							"pivot": [0, 1.8125, 2.29625],
							"rotation": [0, 0, 45],
							"uv": {
								"south": {"uv": [340, 256], "uv_size": [1, 7]}
							}
						},
						{
							"origin": [-0.19145, 0.85, 2.84625],
							"size": [0.38291, 1.925, 0],
							"pivot": [0, 1.8125, 2.29625],
							"rotation": [0, 0, 22.5],
							"uv": {
								"south": {"uv": [340, 264], "uv_size": [1, 7]}
							}
						},
						{
							"origin": [-0.19145, 0.85, 2.84625],
							"size": [0.38291, 1.925, 0],
							"uv": {
								"south": {"uv": [268, 340], "uv_size": [1, 7]}
							}
						},
						{
							"origin": [-0.19145, 0.85, 2.84625],
							"size": [0.38291, 1.925, 0],
							"pivot": [0, 1.8125, 2.29625],
							"rotation": [0, 0, -22.5],
							"uv": {
								"south": {"uv": [272, 340], "uv_size": [1, 7]}
							}
						},
						{
							"origin": [-0.19145, 0.85, 2.84625],
							"size": [0.38291, 1.925, 0],
							"pivot": [0, 1.8125, 2.29625],
							"rotation": [0, 0, -45],
							"uv": {
								"south": {"uv": [340, 272], "uv_size": [1, 7]}
							}
						}
					]
				},
				{
					"name": "ocular_ring",
					"pivot": [0, 0, 1.25]
				},
				{
					"name": "hexadecagon6",
					"parent": "ocular_ring",
					"pivot": [0, 0.6875, -0.1875],
					"cubes": [
						{
							"origin": [-0.21134, 0.75, 2.6875],
							"size": [0.42268, 0.125, 0.3125],
							"pivot": [0, 1.8125, 2.4375],
							"rotation": [0, 0, -45],
							"uv": {
								"north": {"uv": [360, 220], "uv_size": [2, 1]},
								"south": {"uv": [360, 224], "uv_size": [2, 1]},
								"up": {"uv": [328, 344], "uv_size": [2, 2]},
								"down": {"uv": [332, 346], "uv_size": [2, -2]}
							}
						},
						{
							"origin": [-0.21134, 0.75, 2.6875],
							"size": [0.42268, 0.125, 0.3125],
							"pivot": [0, 1.8125, 2.4375],
							"rotation": [0, 0, -22.5],
							"uv": {
								"north": {"uv": [360, 228], "uv_size": [2, 1]},
								"south": {"uv": [360, 232], "uv_size": [2, 1]},
								"up": {"uv": [344, 332], "uv_size": [2, 2]},
								"down": {"uv": [336, 346], "uv_size": [2, -2]}
							}
						},
						{
							"origin": [-0.21134, 0.75, 2.6875],
							"size": [0.42268, 0.125, 0.3125],
							"uv": {
								"north": {"uv": [360, 236], "uv_size": [2, 1]},
								"south": {"uv": [360, 240], "uv_size": [2, 1]},
								"up": {"uv": [344, 336], "uv_size": [2, 2]},
								"down": {"uv": [340, 346], "uv_size": [2, -2]}
							}
						},
						{
							"origin": [-0.21134, 0.75, 2.6875],
							"size": [0.42268, 0.125, 0.3125],
							"pivot": [0, 1.8125, 2.4375],
							"rotation": [0, 0, 22.5],
							"uv": {
								"north": {"uv": [360, 244], "uv_size": [2, 1]},
								"south": {"uv": [360, 248], "uv_size": [2, 1]},
								"up": {"uv": [344, 340], "uv_size": [2, 2]},
								"down": {"uv": [344, 346], "uv_size": [2, -2]}
							}
						},
						{
							"origin": [-0.21134, 0.75, 2.6875],
							"size": [0.42268, 0.125, 0.3125],
							"pivot": [0, 1.8125, 2.4375],
							"rotation": [0, 0, 45],
							"uv": {
								"north": {"uv": [360, 252], "uv_size": [2, 1]},
								"south": {"uv": [360, 256], "uv_size": [2, 1]},
								"up": {"uv": [348, 212], "uv_size": [2, 2]},
								"down": {"uv": [348, 218], "uv_size": [2, -2]}
							}
						},
						{
							"origin": [-0.21134, 2.75, 2.6875],
							"size": [0.42268, 0.125, 0.3125],
							"pivot": [0, 1.8125, 2.4375],
							"rotation": [0, 0, -45],
							"uv": {
								"north": {"uv": [360, 260], "uv_size": [2, 1]},
								"south": {"uv": [360, 264], "uv_size": [2, 1]},
								"up": {"uv": [348, 220], "uv_size": [2, 2]},
								"down": {"uv": [348, 226], "uv_size": [2, -2]}
							}
						},
						{
							"origin": [-0.21134, 2.75, 2.6875],
							"size": [0.42268, 0.125, 0.3125],
							"pivot": [0, 1.8125, 2.4375],
							"rotation": [0, 0, -22.5],
							"uv": {
								"north": {"uv": [268, 360], "uv_size": [2, 1]},
								"south": {"uv": [360, 268], "uv_size": [2, 1]},
								"up": {"uv": [348, 228], "uv_size": [2, 2]},
								"down": {"uv": [348, 234], "uv_size": [2, -2]}
							}
						},
						{
							"origin": [-0.21134, 2.75, 2.6875],
							"size": [0.42268, 0.125, 0.3125],
							"uv": {
								"north": {"uv": [272, 360], "uv_size": [2, 1]},
								"south": {"uv": [360, 272], "uv_size": [2, 1]},
								"up": {"uv": [348, 236], "uv_size": [2, 2]},
								"down": {"uv": [348, 242], "uv_size": [2, -2]}
							}
						},
						{
							"origin": [-0.21134, 2.75, 2.6875],
							"size": [0.42268, 0.125, 0.3125],
							"pivot": [0, 1.8125, 2.4375],
							"rotation": [0, 0, 22.5],
							"uv": {
								"north": {"uv": [276, 360], "uv_size": [2, 1]},
								"south": {"uv": [360, 276], "uv_size": [2, 1]},
								"up": {"uv": [348, 244], "uv_size": [2, 2]},
								"down": {"uv": [348, 250], "uv_size": [2, -2]}
							}
						},
						{
							"origin": [-0.21134, 2.75, 2.6875],
							"size": [0.42268, 0.125, 0.3125],
							"pivot": [0, 1.8125, 2.4375],
							"rotation": [0, 0, 45],
							"uv": {
								"north": {"uv": [280, 360], "uv_size": [2, 1]},
								"south": {"uv": [360, 280], "uv_size": [2, 1]},
								"up": {"uv": [348, 252], "uv_size": [2, 2]},
								"down": {"uv": [348, 258], "uv_size": [2, -2]}
							}
						},
						{
							"origin": [0.9375, 1.60116, 2.6875],
							"size": [0.125, 0.42268, 0.3125],
							"pivot": [0, 1.8125, 2.4375],
							"rotation": [0, 0, -22.5],
							"uv": {
								"north": {"uv": [284, 360], "uv_size": [1, 2]},
								"east": {"uv": [348, 260], "uv_size": [2, 2]},
								"south": {"uv": [360, 284], "uv_size": [1, 2]},
								"west": {"uv": [348, 264], "uv_size": [2, 2]}
							}
						},
						{
							"origin": [0.9375, 1.60116, 2.6875],
							"size": [0.125, 0.42268, 0.3125],
							"uv": {
								"north": {"uv": [288, 360], "uv_size": [1, 2]},
								"east": {"uv": [268, 348], "uv_size": [2, 2]},
								"south": {"uv": [360, 288], "uv_size": [1, 2]},
								"west": {"uv": [348, 268], "uv_size": [2, 2]}
							}
						},
						{
							"origin": [0.9375, 1.60116, 2.6875],
							"size": [0.125, 0.42268, 0.3125],
							"pivot": [0, 1.8125, 2.4375],
							"rotation": [0, 0, 22.5],
							"uv": {
								"north": {"uv": [292, 360], "uv_size": [1, 2]},
								"east": {"uv": [272, 348], "uv_size": [2, 2]},
								"south": {"uv": [360, 292], "uv_size": [1, 2]},
								"west": {"uv": [348, 272], "uv_size": [2, 2]}
							}
						},
						{
							"origin": [-1.0625, 1.60116, 2.6875],
							"size": [0.125, 0.42268, 0.3125],
							"pivot": [0, 1.8125, 2.4375],
							"rotation": [0, 0, -22.5],
							"uv": {
								"north": {"uv": [296, 360], "uv_size": [1, 2]},
								"east": {"uv": [276, 348], "uv_size": [2, 2]},
								"south": {"uv": [360, 296], "uv_size": [1, 2]},
								"west": {"uv": [280, 348], "uv_size": [2, 2]}
							}
						},
						{
							"origin": [-1.0625, 1.60116, 2.6875],
							"size": [0.125, 0.42268, 0.3125],
							"uv": {
								"north": {"uv": [300, 360], "uv_size": [1, 2]},
								"east": {"uv": [284, 348], "uv_size": [2, 2]},
								"south": {"uv": [360, 300], "uv_size": [1, 2]},
								"west": {"uv": [348, 284], "uv_size": [2, 2]}
							}
						},
						{
							"origin": [-1.0625, 1.60116, 2.6875],
							"size": [0.125, 0.42268, 0.3125],
							"pivot": [0, 1.8125, 2.4375],
							"rotation": [0, 0, 22.5],
							"uv": {
								"north": {"uv": [304, 360], "uv_size": [1, 2]},
								"east": {"uv": [288, 348], "uv_size": [2, 2]},
								"south": {"uv": [360, 304], "uv_size": [1, 2]},
								"west": {"uv": [348, 288], "uv_size": [2, 2]}
							}
						}
					]
				},
				{
					"name": "hexadecagon",
					"parent": "ocular_ring",
					"pivot": [0, 0.6875, -0.1875]
				},
				{
					"name": "division",
					"pivot": [-0.08437, 1.04688, -79.575],
					"cubes": [
						{
							"origin": [-26.3125, -25.20312, -80.75],
							"size": [52.375, 52.375, 0.25],
							"uv": {
								"south": {"uv": [268, 0], "uv_size": [210, 210]}
							}
						},
						{
							"origin": [-93.01875, -75.20312, -80.75],
							"size": [66.70625, 152.375, 0.25],
							"uv": {
								"south": {"uv": [62, 59], "uv_size": [1, 1]}
							}
						},
						{
							"origin": [25.92187, -75.20312, -80.75],
							"size": [67.26875, 152.375, 0.25],
							"uv": {
								"south": {"uv": [62, 59], "uv_size": [1, 1]}
							}
						},
						{
							"origin": [-26.3125, 27.17188, -80.75],
							"size": [52.375, 50, 0.25],
							"uv": {
								"south": {"uv": [62, 59], "uv_size": [1, 1]}
							}
						},
						{
							"origin": [-26.3125, -75.20312, -80.75],
							"size": [52.375, 50, 0.25],
							"uv": {
								"south": {"uv": [62, 59], "uv_size": [1, 1]}
							}
						}
					]
				},
				{
					"name": "cross_illuminated",
					"parent": "division",
					"pivot": [0, 1.6875, -79.75],
					"rotation": [0, 0, -45],
					"cubes": [
						{
							"origin": [-6.05, -4.2525, -81.145],
							"size": [11.5, 11.5, 0.92],
							"pivot": [0, 0.7475, -36.685],
							"rotation": [0, 0, -45],
							"uv": {
								"south": {"uv": [380, 420], "uv_size": [64, 64]}
							}
						}
					]
				},
				{
					"name": "scope_view",
					"pivot": [0, 1.8125, 6.25]
				}
			]
		}
	]
}