{
  "model": "emxarms:gun/emx_kund50_geo",
  "texture": "emxarms:gun/uv/emx_kund50",
  "hud": "emxarms:gun/hud/emx_kund50",
  "slot": "emxarms:gun/slot/emxtest",
  "animation": "tacz:deagle",
  "use_default_animation": "pistol",
  "transform": {
    "scale": {
      "thirdperson": [0.6, 0.6, 0.6],
      "ground": [0.6, 0.6, 0.6],
      "fixed": [1.2, 1.2, 1.2]
    }
  },
  "shell": {
    "initial_velocity": [8.0, 5.0, -0.5],
    "random_velocity": [2.5, 1.5, 0.25],
    "acceleration": [0.0, -20, 0.0],
    "angular_velocity": [-720, -720, 90],
    "living_time": 1.0
  },
  "muzzle_flash": {
    "texture": "emxarms:flash/emx_muzzle_flash",
    "scale": 0.6
  },
  "sounds": {
    "reload_empty": "emxarms:emx_kund50/deagle_reload_empty",
    "reload_tactical": "emxarms:emx_kund50/deagle_reload_tactical",
    "inspect": "emxarms:emx_kund50/deagle_inspect",
    "inspect_empty": "emxarms:emx_kund50/deagle_inspect_empty",
    "draw": "emxarms:emx_kund50/deagle_draw",
    "shoot": "emxarms:emx_kund50/emx_kund50_shoot",
    "shoot_3p": "emxarms:emx_kund50/deagle_shoot_3p",
    "silence": "emxarms:emx_kund50/deagle_silence",
    "silence_3p": "emxarms:emx_kund50/deagle_silence_3p"
  },
  "offhand_show": {
    "pos": [4, 13, -2],
    "rotate": [-90, -35, 90],
    "scale": [0.5, 0.5, 0.5]
  },
  "hotbar_show": {
    "0": {
      "pos": [-5, 13, -2],
      "rotate": [-90, -35, 90],
      "scale": [0.5, 0.5, 0.5]
    }
  }
}