{
   "materials": [
     {
       "item": {
         "tag": "forge:ingots/iron"
       },
       "count": 26
     },
     {
       "item": {
         "tag": "forge:leather"
       },
       "count": 6
     },
     {
       "item": {
         "tag": "forge:ingots/gold"
       },
       "count": 8
     },
     {
       "item": {
         "tag": "forge:dusts/redstone"
       },
       "count": 6
     }
   ],
   "result": {
     "type": "attachment",
     "id": "tacz:supressed_brake"
   }
 }