{
   "materials": [
     {
       "item": {
         "tag": "forge:ingots/iron"
       },
       "count": 14
     },
     {
       "item": {
         "tag": "forge:gems/amethyst"
       },
       "count": 6
     },
     {
       "item": {
         "tag": "forge:dusts/glowstone"
       },
       "count": 12
     },
     {
       "item": {
         "tag": "forge:dusts/redstone"
       },
       "count": 8
     }
   ],
   "result": {
     "type": "attachment",
     "id": "tacz:vuduu"
   }
 }