{
	"format_version": "1.12.0",
	"minecraft:geometry": [
		{
			"description": {
				"identifier": "geometry.grip_cqr - Converted",
				"texture_width": 32,
				"texture_height": 32,
				"visible_bounds_width": 2,
				"visible_bounds_height": 1.5,
				"visible_bounds_offset": [0, 0.25, 0]
			},
			"bones": [
				{
					"name": "cqr",
					"pivot": [0, -0.1875, 6],
					"cubes": [
						{
							"origin": [-0.5, -0.5125, -2],
							"size": [1, 0.5, 7.5],
							"uv": {
								"north": {"uv": [12, 6], "uv_size": [1, 0.5]},
								"east": {"uv": [2, 4], "uv_size": [7.5, 0.5]},
								"south": {"uv": [7, 12], "uv_size": [1, 0.5]},
								"west": {"uv": [2, 5], "uv_size": [7.5, 0.5]},
								"up": {"uv": [0, 0], "uv_size": [1, 7.5]},
								"down": {"uv": [1, 7.5], "uv_size": [1, -7.5]}
							}
						},
						{
							"origin": [-0.55, -0.0125, 0.15],
							"size": [1.1, 0.25, 0.25],
							"pivot": [0, -0.3875, 0.375],
							"rotation": [45, 0, 0],
							"uv": {
								"north": {"uv": [12, 7], "uv_size": [1, 0.5]},
								"east": {"uv": [17, 4], "uv_size": [0.5, 0.5]},
								"south": {"uv": [8, 12], "uv_size": [1, 0.5]},
								"west": {"uv": [5, 17], "uv_size": [0.5, 0.5]},
								"up": {"uv": [12, 8], "uv_size": [1, 0.5]},
								"down": {"uv": [9, 12.5], "uv_size": [1, -0.5]}
							}
						},
						{
							"origin": [-0.55, -2.0125, 2.15],
							"size": [1.1, 0.25, 0.25],
							"pivot": [0, -0.3875, 0.375],
							"rotation": [45, 0, 0],
							"uv": {
								"north": {"uv": [12, 9], "uv_size": [1, 0.5]},
								"east": {"uv": [17, 5], "uv_size": [0.5, 0.5]},
								"south": {"uv": [10, 12], "uv_size": [1, 0.5]},
								"west": {"uv": [6, 17], "uv_size": [0.5, 0.5]},
								"up": {"uv": [12, 10], "uv_size": [1, 0.5]},
								"down": {"uv": [11, 12.5], "uv_size": [1, -0.5]}
							}
						},
						{
							"origin": [-0.5, -0.0125, -2],
							"size": [1, 0.25, 2],
							"uv": {
								"north": {"uv": [12, 11], "uv_size": [1, 0.5]},
								"east": {"uv": [4, 10], "uv_size": [2, 0.5]},
								"south": {"uv": [12, 12], "uv_size": [1, 0.5]},
								"west": {"uv": [10, 4], "uv_size": [2, 0.5]},
								"up": {"uv": [4, 8], "uv_size": [1, 2]},
								"down": {"uv": [5, 10], "uv_size": [1, -2]}
							}
						},
						{
							"origin": [-0.5, -0.0125, 2.75],
							"size": [1, 0.25, 2.5],
							"uv": {
								"north": {"uv": [0, 13], "uv_size": [1, 0.5]},
								"east": {"uv": [10, 2], "uv_size": [2.5, 0.5]},
								"south": {"uv": [13, 0], "uv_size": [1, 0.5]},
								"west": {"uv": [10, 3], "uv_size": [2.5, 0.5]},
								"up": {"uv": [7, 0], "uv_size": [1, 2.5]},
								"down": {"uv": [7, 8.5], "uv_size": [1, -2.5]}
							}
						},
						{
							"origin": [-0.499, -0.85977, 2.7045],
							"size": [0.998, 0.25, 0.5],
							"pivot": [0, -0.73477, 1.9545],
							"rotation": [45, 0, 0],
							"uv": {
								"north": {"uv": [1, 13], "uv_size": [1, 0.5]},
								"east": {"uv": [17, 6], "uv_size": [0.5, 0.5]},
								"south": {"uv": [13, 1], "uv_size": [1, 0.5]},
								"west": {"uv": [7, 17], "uv_size": [0.5, 0.5]},
								"up": {"uv": [2, 13], "uv_size": [1, 0.5]},
								"down": {"uv": [13, 2.5], "uv_size": [1, -0.5]}
							}
						},
						{
							"origin": [-0.499, -0.17407, 5.1098],
							"size": [0.998, 0.3535, 0.25],
							"pivot": [0, 0.07593, 5.2348],
							"rotation": [45, 0, 0],
							"uv": {
								"north": {"uv": [13, 3], "uv_size": [1, 0.5]},
								"east": {"uv": [17, 7], "uv_size": [0.5, 0.5]},
								"south": {"uv": [4, 13], "uv_size": [1, 0.5]},
								"west": {"uv": [8, 17], "uv_size": [0.5, 0.5]},
								"up": {"uv": [13, 4], "uv_size": [1, 0.5]},
								"down": {"uv": [5, 13.5], "uv_size": [1, -0.5]}
							}
						},
						{
							"origin": [-0.499, 3.45522, 1.42168],
							"size": [0.998, 0.3535, 0.25],
							"pivot": [0, 0.00522, 5.14668],
							"rotation": [45, 0, 0],
							"uv": {
								"north": {"uv": [13, 5], "uv_size": [1, 0.5]},
								"east": {"uv": [17, 8], "uv_size": [0.5, 0.5]},
								"south": {"uv": [6, 13], "uv_size": [1, 0.5]},
								"west": {"uv": [9, 17], "uv_size": [0.5, 0.5]},
								"up": {"uv": [13, 6], "uv_size": [1, 0.5]},
								"down": {"uv": [7, 13.5], "uv_size": [1, -0.5]}
							}
						},
						{
							"origin": [-0.5, -2.5125, 0.5],
							"size": [1, 2, 1.25],
							"uv": {
								"north": {"uv": [6, 8], "uv_size": [1, 2]},
								"east": {"uv": [3, 6], "uv_size": [1.5, 2]},
								"south": {"uv": [8, 6], "uv_size": [1, 2]},
								"west": {"uv": [5, 6], "uv_size": [1.5, 2]},
								"up": {"uv": [9, 2], "uv_size": [1, 1.5]},
								"down": {"uv": [9, 7.5], "uv_size": [1, -1.5]}
							}
						},
						{
							"origin": [-0.499, -1.6625, 1.1],
							"size": [0.998, 0.75, 0.5],
							"pivot": [0, -1.5125, 2.425],
							"rotation": [-45, 0, 0],
							"uv": {
								"north": {"uv": [10, 5], "uv_size": [1, 1]},
								"east": {"uv": [13, 7], "uv_size": [0.5, 1]},
								"south": {"uv": [6, 10], "uv_size": [1, 1]},
								"west": {"uv": [8, 13], "uv_size": [0.5, 1]},
								"up": {"uv": [13, 8], "uv_size": [1, 0.5]},
								"down": {"uv": [9, 13.5], "uv_size": [1, -0.5]}
							}
						},
						{
							"origin": [-0.499, -1.2125, 0.95],
							"size": [0.998, 0.75, 0.5],
							"pivot": [0, -1.5125, 0.525],
							"rotation": [45, 0, 0],
							"uv": {
								"north": {"uv": [10, 6], "uv_size": [1, 1]},
								"east": {"uv": [13, 9], "uv_size": [0.5, 1]},
								"south": {"uv": [10, 7], "uv_size": [1, 1]},
								"west": {"uv": [10, 13], "uv_size": [0.5, 1]},
								"up": {"uv": [13, 10], "uv_size": [1, 0.5]},
								"down": {"uv": [11, 13.5], "uv_size": [1, -0.5]}
							}
						},
						{
							"origin": [-0.502, -2.45184, -0.48223],
							"size": [1.004, 2.5, 1],
							"pivot": [-0.1, -0.45184, 2.89277],
							"rotation": [45, 0, 0],
							"uv": {
								"north": {"uv": [0, 8], "uv_size": [1, 2.5]},
								"east": {"uv": [8, 0], "uv_size": [1, 2.5]},
								"south": {"uv": [1, 8], "uv_size": [1, 2.5]},
								"west": {"uv": [3, 8], "uv_size": [1, 2.5]},
								"up": {"uv": [10, 8], "uv_size": [1, 1]},
								"down": {"uv": [10, 10], "uv_size": [1, -1]}
							}
						},
						{
							"origin": [-0.55, -0.35184, 0.11777],
							"size": [1.1, 0.25, 0.25],
							"pivot": [-0.1, -0.45184, 2.89277],
							"rotation": [45, 0, 0],
							"uv": {
								"north": {"uv": [13, 11], "uv_size": [1, 0.5]},
								"east": {"uv": [17, 9], "uv_size": [0.5, 0.5]},
								"south": {"uv": [12, 13], "uv_size": [1, 0.5]},
								"west": {"uv": [10, 17], "uv_size": [0.5, 0.5]},
								"up": {"uv": [13, 12], "uv_size": [1, 0.5]},
								"down": {"uv": [13, 13.5], "uv_size": [1, -0.5]}
							}
						},
						{
							"origin": [-0.55, -3.84352, 2.5806],
							"size": [1.1, 0.25, 0.25],
							"pivot": [0, -3.56852, 2.5556],
							"rotation": [-22.5, 0, 0],
							"uv": {
								"north": {"uv": [0, 14], "uv_size": [1, 0.5]},
								"east": {"uv": [17, 10], "uv_size": [0.5, 0.5]},
								"south": {"uv": [14, 0], "uv_size": [1, 0.5]},
								"west": {"uv": [11, 17], "uv_size": [0.5, 0.5]},
								"up": {"uv": [1, 14], "uv_size": [1, 0.5]},
								"down": {"uv": [14, 1.5], "uv_size": [1, -0.5]}
							}
						},
						{
							"origin": [-0.3, -3.45184, 3.26777],
							"size": [0.6, 0.25, 0.25],
							"pivot": [0, -0.45184, 2.89277],
							"rotation": [45, 0, 0],
							"uv": {
								"north": {"uv": [17, 11], "uv_size": [0.5, 0.5]},
								"east": {"uv": [12, 17], "uv_size": [0.5, 0.5]},
								"south": {"uv": [17, 12], "uv_size": [0.5, 0.5]},
								"west": {"uv": [13, 17], "uv_size": [0.5, 0.5]},
								"up": {"uv": [17, 13], "uv_size": [0.5, 0.5]},
								"down": {"uv": [14, 17.5], "uv_size": [0.5, -0.5]}
							}
						},
						{
							"origin": [-0.3, -3.45184, 1.41777],
							"size": [0.6, 0.25, 0.25],
							"pivot": [0, -0.45184, 2.89277],
							"rotation": [45, 0, 0],
							"uv": {
								"north": {"uv": [17, 14], "uv_size": [0.5, 0.5]},
								"east": {"uv": [15, 17], "uv_size": [0.5, 0.5]},
								"south": {"uv": [17, 15], "uv_size": [0.5, 0.5]},
								"west": {"uv": [16, 17], "uv_size": [0.5, 0.5]},
								"up": {"uv": [17, 16], "uv_size": [0.5, 0.5]},
								"down": {"uv": [17, 17.5], "uv_size": [0.5, -0.5]}
							}
						},
						{
							"origin": [-0.503, -4.59664, 2.15042],
							"size": [1.006, 1, 0.75],
							"pivot": [-0.1, -3.84664, 2.90042],
							"rotation": [-22.5, 0, 0],
							"uv": {
								"north": {"uv": [10, 10], "uv_size": [1, 1]},
								"east": {"uv": [0, 11], "uv_size": [1, 1]},
								"south": {"uv": [11, 0], "uv_size": [1, 1]},
								"west": {"uv": [1, 11], "uv_size": [1, 1]},
								"up": {"uv": [11, 1], "uv_size": [1, 1]},
								"down": {"uv": [3, 12], "uv_size": [1, -1]}
							}
						},
						{
							"origin": [-0.501, -4.49406, 0.00357],
							"size": [1.002, 1.4, 3.25],
							"pivot": [0, -3.74406, 2.87857],
							"rotation": [-45, 0, 0],
							"uv": {
								"north": {"uv": [7, 9], "uv_size": [1, 1.5]},
								"east": {"uv": [2, 0], "uv_size": [3.5, 1.5]},
								"south": {"uv": [8, 9], "uv_size": [1, 1.5]},
								"west": {"uv": [2, 2], "uv_size": [3.5, 1.5]},
								"up": {"uv": [6, 0], "uv_size": [1, 3.5]},
								"down": {"uv": [2, 9.5], "uv_size": [1, -3.5]}
							}
						},
						{
							"origin": [-0.1, -4.53955, 2.6134],
							"size": [0.2, 0.25, 0.85],
							"uv": {
								"north": {"uv": [0, 18], "uv_size": [0.5, 0.5]},
								"east": {"uv": [2, 14], "uv_size": [1, 0.5]},
								"south": {"uv": [18, 0], "uv_size": [0.5, 0.5]},
								"west": {"uv": [14, 2], "uv_size": [1, 0.5]},
								"up": {"uv": [3, 14], "uv_size": [0.5, 1]},
								"down": {"uv": [14, 4], "uv_size": [0.5, -1]}
							}
						},
						{
							"origin": [-0.1, -3.88955, 2.9634],
							"size": [0.2, 0.25, 1],
							"uv": {
								"north": {"uv": [1, 18], "uv_size": [0.5, 0.5]},
								"east": {"uv": [4, 14], "uv_size": [1, 0.5]},
								"south": {"uv": [18, 1], "uv_size": [0.5, 0.5]},
								"west": {"uv": [14, 4], "uv_size": [1, 0.5]},
								"up": {"uv": [5, 14], "uv_size": [0.5, 1]},
								"down": {"uv": [14, 6], "uv_size": [0.5, -1]}
							}
						},
						{
							"origin": [-0.099, -4.59761, 3.60357],
							"size": [0.198, 1.25, 0.25],
							"pivot": [0, -4.09761, 3.72857],
							"rotation": [-45, 0, 0],
							"uv": {
								"north": {"uv": [6, 14], "uv_size": [0.5, 1]},
								"east": {"uv": [14, 6], "uv_size": [0.5, 1]},
								"south": {"uv": [7, 14], "uv_size": [0.5, 1]},
								"west": {"uv": [14, 7], "uv_size": [0.5, 1]},
								"up": {"uv": [2, 18], "uv_size": [0.5, 0.5]},
								"down": {"uv": [18, 2.5], "uv_size": [0.5, -0.5]}
							}
						},
						{
							"origin": [-0.099, -4.47387, 2.6563],
							"size": [0.198, 1, 0.5],
							"pivot": [0, -3.97387, 2.9063],
							"rotation": [-45, 0, 0],
							"uv": {
								"north": {"uv": [8, 14], "uv_size": [0.5, 1]},
								"east": {"uv": [14, 8], "uv_size": [0.5, 1]},
								"south": {"uv": [9, 14], "uv_size": [0.5, 1]},
								"west": {"uv": [14, 9], "uv_size": [0.5, 1]},
								"up": {"uv": [3, 18], "uv_size": [0.5, 0.5]},
								"down": {"uv": [18, 3.5], "uv_size": [0.5, -0.5]}
							}
						},
						{
							"origin": [-0.25, -3.85349, 2.40901],
							"size": [0.5, 0.75, 1.75],
							"uv": {
								"north": {"uv": [10, 14], "uv_size": [0.5, 1]},
								"east": {"uv": [7, 3], "uv_size": [2, 1]},
								"south": {"uv": [14, 10], "uv_size": [0.5, 1]},
								"west": {"uv": [8, 8], "uv_size": [2, 1]},
								"up": {"uv": [4, 11], "uv_size": [0.5, 2]},
								"down": {"uv": [5, 13], "uv_size": [0.5, -2]}
							}
						},
						{
							"origin": [-0.249, -3.52138, 3.71079],
							"size": [0.498, 0.75, 2.25],
							"pivot": [0, -3.14638, 4.33579],
							"rotation": [45, 0, 0],
							"uv": {
								"north": {"uv": [11, 14], "uv_size": [0.5, 1]},
								"east": {"uv": [9, 0], "uv_size": [2, 1]},
								"south": {"uv": [14, 11], "uv_size": [0.5, 1]},
								"west": {"uv": [9, 1], "uv_size": [2, 1]},
								"up": {"uv": [11, 5], "uv_size": [0.5, 2]},
								"down": {"uv": [6, 13], "uv_size": [0.5, -2]}
							}
						},
						{
							"origin": [-0.5, -0.7625, 5],
							"size": [1, 0.25, 0.75],
							"uv": {
								"north": {"uv": [12, 14], "uv_size": [1, 0.5]},
								"east": {"uv": [14, 12], "uv_size": [1, 0.5]},
								"south": {"uv": [13, 14], "uv_size": [1, 0.5]},
								"west": {"uv": [14, 13], "uv_size": [1, 0.5]},
								"up": {"uv": [7, 11], "uv_size": [1, 1]},
								"down": {"uv": [11, 8], "uv_size": [1, -1]}
							}
						},
						{
							"origin": [-0.25, -2.2625, 5.001],
							"size": [0.5, 1.5, 0.75],
							"uv": {
								"north": {"uv": [3, 12], "uv_size": [0.5, 1.5]},
								"east": {"uv": [9, 9], "uv_size": [1, 1.5]},
								"south": {"uv": [12, 4], "uv_size": [0.5, 1.5]},
								"west": {"uv": [2, 10], "uv_size": [1, 1.5]},
								"up": {"uv": [14, 14], "uv_size": [0.5, 1]},
								"down": {"uv": [0, 16], "uv_size": [0.5, -1]}
							}
						},
						{
							"origin": [-0.25, -1.5125, 5.25],
							"size": [0.5, 0.5, 0.25],
							"pivot": [0, -1.3875, 4.375],
							"rotation": [45, 0, 0],
							"uv": {
								"north": {"uv": [4, 18], "uv_size": [0.5, 0.5]},
								"east": {"uv": [18, 4], "uv_size": [0.5, 0.5]},
								"south": {"uv": [5, 18], "uv_size": [0.5, 0.5]},
								"west": {"uv": [18, 5], "uv_size": [0.5, 0.5]},
								"up": {"uv": [6, 18], "uv_size": [0.5, 0.5]},
								"down": {"uv": [18, 6.5], "uv_size": [0.5, -0.5]}
							}
						},
						{
							"origin": [0.10983, -1.10089, 4.999],
							"size": [0.25, 0.5, 0.75],
							"pivot": [0.23483, -0.85089, 5.375],
							"rotation": [0, 0, 45],
							"uv": {
								"north": {"uv": [7, 18], "uv_size": [0.5, 0.5]},
								"east": {"uv": [15, 0], "uv_size": [1, 0.5]},
								"south": {"uv": [18, 7], "uv_size": [0.5, 0.5]},
								"west": {"uv": [1, 15], "uv_size": [1, 0.5]},
								"up": {"uv": [15, 1], "uv_size": [0.5, 1]},
								"down": {"uv": [2, 16], "uv_size": [0.5, -1]}
							}
						},
						{
							"origin": [-0.35984, -1.10089, 4.999],
							"size": [0.25, 0.5, 0.75],
							"pivot": [-0.23484, -0.85089, 5.375],
							"rotation": [0, 0, -45],
							"uv": {
								"north": {"uv": [8, 18], "uv_size": [0.5, 0.5]},
								"east": {"uv": [15, 2], "uv_size": [1, 0.5]},
								"south": {"uv": [18, 8], "uv_size": [0.5, 0.5]},
								"west": {"uv": [3, 15], "uv_size": [1, 0.5]},
								"up": {"uv": [15, 3], "uv_size": [0.5, 1]},
								"down": {"uv": [4, 16], "uv_size": [0.5, -1]}
							}
						},
						{
							"origin": [-0.499, -0.65262, 5.41159],
							"size": [0.998, 0.3535, 0.25],
							"pivot": [0, -0.47587, 5.53659],
							"rotation": [45, 0, 0],
							"uv": {
								"north": {"uv": [15, 4], "uv_size": [1, 0.5]},
								"east": {"uv": [9, 18], "uv_size": [0.5, 0.5]},
								"south": {"uv": [5, 15], "uv_size": [1, 0.5]},
								"west": {"uv": [18, 9], "uv_size": [0.5, 0.5]},
								"up": {"uv": [15, 5], "uv_size": [1, 0.5]},
								"down": {"uv": [6, 15.5], "uv_size": [1, -0.5]}
							}
						},
						{
							"origin": [-0.499, -3.10637, 0.27772],
							"size": [0.998, 1, 0.5],
							"pivot": [0, -2.48137, 1.77772],
							"rotation": [-22.5, 0, 0],
							"uv": {
								"north": {"uv": [8, 11], "uv_size": [1, 1]},
								"east": {"uv": [15, 6], "uv_size": [0.5, 1]},
								"south": {"uv": [11, 8], "uv_size": [1, 1]},
								"west": {"uv": [7, 15], "uv_size": [0.5, 1]},
								"up": {"uv": [15, 7], "uv_size": [1, 0.5]},
								"down": {"uv": [8, 15.5], "uv_size": [1, -0.5]}
							}
						},
						{
							"origin": [-0.5, -1.2625, -2],
							"size": [1, 0.75, 0.75],
							"uv": {
								"north": {"uv": [9, 11], "uv_size": [1, 1]},
								"east": {"uv": [11, 9], "uv_size": [1, 1]},
								"south": {"uv": [10, 11], "uv_size": [1, 1]},
								"west": {"uv": [11, 10], "uv_size": [1, 1]},
								"up": {"uv": [11, 11], "uv_size": [1, 1]},
								"down": {"uv": [0, 13], "uv_size": [1, -1]}
							}
						},
						{
							"origin": [-0.6, -0.6125, -1.6],
							"size": [1.2, 0.25, 0.25],
							"pivot": [0, -0.4875, -1.475],
							"rotation": [-45, 0, 0],
							"uv": {
								"north": {"uv": [15, 8], "uv_size": [1, 0.5]},
								"east": {"uv": [10, 18], "uv_size": [0.5, 0.5]},
								"south": {"uv": [9, 15], "uv_size": [1, 0.5]},
								"west": {"uv": [18, 10], "uv_size": [0.5, 0.5]},
								"up": {"uv": [15, 9], "uv_size": [1, 0.5]},
								"down": {"uv": [10, 15.5], "uv_size": [1, -0.5]}
							}
						},
						{
							"origin": [-0.599, -0.8625, -1.6303],
							"size": [1.2, 0.15, 0.3106],
							"uv": {
								"north": {"uv": [15, 10], "uv_size": [1, 0.5]},
								"east": {"uv": [11, 18], "uv_size": [0.5, 0.5]},
								"south": {"uv": [11, 15], "uv_size": [1, 0.5]},
								"west": {"uv": [18, 11], "uv_size": [0.5, 0.5]},
								"up": {"uv": [15, 11], "uv_size": [1, 0.5]},
								"down": {"uv": [12, 15.5], "uv_size": [1, -0.5]}
							}
						},
						{
							"origin": [-0.6, -0.2625, -1.6303],
							"size": [1.2, 0.15, 0.3106],
							"pivot": [0, -0.4875, -1.475],
							"rotation": [45, 0, 0],
							"uv": {
								"north": {"uv": [15, 12], "uv_size": [1, 0.5]},
								"east": {"uv": [12, 18], "uv_size": [0.5, 0.5]},
								"south": {"uv": [13, 15], "uv_size": [1, 0.5]},
								"west": {"uv": [18, 12], "uv_size": [0.5, 0.5]},
								"up": {"uv": [15, 13], "uv_size": [1, 0.5]},
								"down": {"uv": [14, 15.5], "uv_size": [1, -0.5]}
							}
						},
						{
							"origin": [-0.6, -0.6428, -1.85],
							"size": [1.2, 0.3106, 0.15],
							"pivot": [0, -0.4875, -1.475],
							"rotation": [45, 0, 0],
							"uv": {
								"north": {"uv": [15, 14], "uv_size": [1, 0.5]},
								"east": {"uv": [13, 18], "uv_size": [0.5, 0.5]},
								"south": {"uv": [15, 15], "uv_size": [1, 0.5]},
								"west": {"uv": [18, 13], "uv_size": [0.5, 0.5]},
								"up": {"uv": [0, 16], "uv_size": [1, 0.5]},
								"down": {"uv": [16, 0.5], "uv_size": [1, -0.5]}
							}
						},
						{
							"origin": [-0.599, -0.6428, -1.25],
							"size": [1.2, 0.3106, 0.15],
							"uv": {
								"north": {"uv": [1, 16], "uv_size": [1, 0.5]},
								"east": {"uv": [14, 18], "uv_size": [0.5, 0.5]},
								"south": {"uv": [16, 1], "uv_size": [1, 0.5]},
								"west": {"uv": [18, 14], "uv_size": [0.5, 0.5]},
								"up": {"uv": [2, 16], "uv_size": [1, 0.5]},
								"down": {"uv": [16, 2.5], "uv_size": [1, -0.5]}
							}
						},
						{
							"origin": [-0.599, -0.2625, -1.6303],
							"size": [1.2, 0.15, 0.3106],
							"uv": {
								"north": {"uv": [3, 16], "uv_size": [1, 0.5]},
								"east": {"uv": [15, 18], "uv_size": [0.5, 0.5]},
								"south": {"uv": [16, 3], "uv_size": [1, 0.5]},
								"west": {"uv": [18, 15], "uv_size": [0.5, 0.5]},
								"up": {"uv": [4, 16], "uv_size": [1, 0.5]},
								"down": {"uv": [16, 4.5], "uv_size": [1, -0.5]}
							}
						},
						{
							"origin": [-0.6, -0.8625, -1.6303],
							"size": [1.2, 0.15, 0.3106],
							"pivot": [0, -0.4875, -1.475],
							"rotation": [45, 0, 0],
							"uv": {
								"north": {"uv": [5, 16], "uv_size": [1, 0.5]},
								"east": {"uv": [16, 18], "uv_size": [0.5, 0.5]},
								"south": {"uv": [16, 5], "uv_size": [1, 0.5]},
								"west": {"uv": [18, 16], "uv_size": [0.5, 0.5]},
								"up": {"uv": [6, 16], "uv_size": [1, 0.5]},
								"down": {"uv": [16, 6.5], "uv_size": [1, -0.5]}
							}
						},
						{
							"origin": [-0.599, -0.6428, -1.85],
							"size": [1.2, 0.3106, 0.15],
							"uv": {
								"north": {"uv": [7, 16], "uv_size": [1, 0.5]},
								"east": {"uv": [17, 18], "uv_size": [0.5, 0.5]},
								"south": {"uv": [16, 7], "uv_size": [1, 0.5]},
								"west": {"uv": [18, 17], "uv_size": [0.5, 0.5]},
								"up": {"uv": [8, 16], "uv_size": [1, 0.5]},
								"down": {"uv": [16, 8.5], "uv_size": [1, -0.5]}
							}
						},
						{
							"origin": [-0.6, -0.6428, -1.25],
							"size": [1.2, 0.3106, 0.15],
							"pivot": [0, -0.4875, -1.475],
							"rotation": [45, 0, 0],
							"uv": {
								"north": {"uv": [9, 16], "uv_size": [1, 0.5]},
								"east": {"uv": [18, 18], "uv_size": [0.5, 0.5]},
								"south": {"uv": [16, 9], "uv_size": [1, 0.5]},
								"west": {"uv": [0, 19], "uv_size": [0.5, 0.5]},
								"up": {"uv": [10, 16], "uv_size": [1, 0.5]},
								"down": {"uv": [16, 10.5], "uv_size": [1, -0.5]}
							}
						},
						{
							"origin": [-0.25, -1.5125, -2],
							"size": [0.5, 0.25, 0.75],
							"uv": {
								"north": {"uv": [19, 0], "uv_size": [0.5, 0.5]},
								"east": {"uv": [11, 16], "uv_size": [1, 0.5]},
								"south": {"uv": [1, 19], "uv_size": [0.5, 0.5]},
								"west": {"uv": [16, 11], "uv_size": [1, 0.5]},
								"up": {"uv": [12, 16], "uv_size": [0.5, 1]},
								"down": {"uv": [16, 13], "uv_size": [0.5, -1]}
							}
						},
						{
							"origin": [0.10984, -1.42413, -1.999],
							"size": [0.3535, 0.25, 0.75],
							"pivot": [0.28659, -1.29913, -1.625],
							"rotation": [0, 0, -45],
							"uv": {
								"north": {"uv": [19, 1], "uv_size": [0.5, 0.5]},
								"east": {"uv": [13, 16], "uv_size": [1, 0.5]},
								"south": {"uv": [2, 19], "uv_size": [0.5, 0.5]},
								"west": {"uv": [16, 13], "uv_size": [1, 0.5]},
								"up": {"uv": [14, 16], "uv_size": [0.5, 1]},
								"down": {"uv": [16, 15], "uv_size": [0.5, -1]}
							}
						},
						{
							"origin": [-0.46334, -1.42413, -1.999],
							"size": [0.3535, 0.25, 0.75],
							"pivot": [-0.28659, -1.29913, -1.625],
							"rotation": [0, 0, 45],
							"uv": {
								"north": {"uv": [19, 2], "uv_size": [0.5, 0.5]},
								"east": {"uv": [15, 16], "uv_size": [1, 0.5]},
								"south": {"uv": [3, 19], "uv_size": [0.5, 0.5]},
								"west": {"uv": [16, 15], "uv_size": [1, 0.5]},
								"up": {"uv": [16, 16], "uv_size": [0.5, 1]},
								"down": {"uv": [0, 18], "uv_size": [0.5, -1]}
							}
						},
						{
							"origin": [-0.499, -1.18956, -1.61669],
							"size": [0.998, 0.85, 0.6],
							"pivot": [0, -0.63956, -1.31669],
							"rotation": [-22.5, 0, 0],
							"uv": {
								"north": {"uv": [12, 0], "uv_size": [1, 1]},
								"east": {"uv": [17, 0], "uv_size": [0.5, 1]},
								"south": {"uv": [1, 12], "uv_size": [1, 1]},
								"west": {"uv": [1, 17], "uv_size": [0.5, 1]},
								"up": {"uv": [17, 1], "uv_size": [1, 0.5]},
								"down": {"uv": [2, 17.5], "uv_size": [1, -0.5]}
							}
						},
						{
							"origin": [-0.498, -0.57734, -1.44476],
							"size": [0.996, 0.35, 0.85],
							"pivot": [0, -0.50234, -0.81976],
							"rotation": [45, 0, 0],
							"uv": {
								"north": {"uv": [17, 2], "uv_size": [1, 0.5]},
								"east": {"uv": [3, 17], "uv_size": [1, 0.5]},
								"south": {"uv": [17, 3], "uv_size": [1, 0.5]},
								"west": {"uv": [4, 17], "uv_size": [1, 0.5]},
								"up": {"uv": [12, 1], "uv_size": [1, 1]},
								"down": {"uv": [2, 13], "uv_size": [1, -1]}
							}
						}
					]
				}
			]
		}
	]
}