{
	"format_version": "1.12.0",
	"minecraft:geometry": [
		{
			"description": {
				"identifier": "geometry.arip_arrogance",
				"texture_width": 32,
				"texture_height": 32,
				"visible_bounds_width": 2,
				"visible_bounds_height": 2.5,
				"visible_bounds_offset": [0, 0.75, 0]
			},
			"bones": [
				{
					"name": "Victrix_Magnus",
					"pivot": [0, 0, 0],
					"cubes": [
						{
							"origin": [-0.1591, -0.8, -0.5],
							"size": [0.3182, 1.6, 0.5],
							"uv": {
								"north": {"uv": [6, 7], "uv_size": [1, 2]},
								"south": {"uv": [7, 7], "uv_size": [1, 2]},
								"up": {"uv": [7, 4], "uv_size": [1, 1]},
								"down": {"uv": [8, 5], "uv_size": [1, -1]}
							}
						},
						{
							"origin": [-0.1591, -0.8, -0.5],
							"size": [0.3182, 1.6, 0.5],
							"pivot": [0, 0, -1],
							"rotation": [0, 0, -22.5],
							"uv": {
								"north": {"uv": [0, 8], "uv_size": [1, 2]},
								"south": {"uv": [8, 0], "uv_size": [1, 2]},
								"up": {"uv": [10, 2], "uv_size": [1, 1]},
								"down": {"uv": [10, 4], "uv_size": [1, -1]}
							}
						},
						{
							"origin": [-0.1591, -0.8, -0.5],
							"size": [0.3182, 1.6, 0.5],
							"pivot": [0, 0, -1],
							"rotation": [0, 0, -67.5],
							"uv": {
								"north": {"uv": [1, 8], "uv_size": [1, 2]},
								"south": {"uv": [8, 2], "uv_size": [1, 2]},
								"up": {"uv": [10, 4], "uv_size": [1, 1]},
								"down": {"uv": [5, 11], "uv_size": [1, -1]}
							}
						},
						{
							"origin": [-0.1591, -0.8, -0.5],
							"size": [0.3182, 1.6, 0.5],
							"pivot": [0, 0, -1],
							"rotation": [0, 0, -90],
							"uv": {
								"north": {"uv": [5, 8], "uv_size": [1, 2]},
								"south": {"uv": [8, 7], "uv_size": [1, 2]},
								"up": {"uv": [10, 5], "uv_size": [1, 1]},
								"down": {"uv": [10, 7], "uv_size": [1, -1]}
							}
						},
						{
							"origin": [-0.1591, -0.8, -0.5],
							"size": [0.3182, 1.6, 0.5],
							"pivot": [0, 0, -1],
							"rotation": [0, 0, -112.5],
							"uv": {
								"north": {"uv": [9, 0], "uv_size": [1, 2]},
								"south": {"uv": [2, 9], "uv_size": [1, 2]},
								"up": {"uv": [10, 7], "uv_size": [1, 1]},
								"down": {"uv": [10, 9], "uv_size": [1, -1]}
							}
						},
						{
							"origin": [-0.1591, -0.8, -0.5],
							"size": [0.3182, 1.6, 0.5],
							"pivot": [0, 0, -1],
							"rotation": [0, 0, -157.5],
							"uv": {
								"north": {"uv": [9, 2], "uv_size": [1, 2]},
								"south": {"uv": [3, 9], "uv_size": [1, 2]},
								"up": {"uv": [9, 10], "uv_size": [1, 1]},
								"down": {"uv": [10, 10], "uv_size": [1, -1]}
							}
						},
						{
							"origin": [-0.45314, -0.67822, -1.45],
							"size": [0.90627, 0.37822, 0.95],
							"uv": {
								"up": {"uv": [4, 9], "uv_size": [1, 2]},
								"down": {"uv": [9, 6], "uv_size": [1, -2]}
							}
						},
						{
							"origin": [-0.45314, 0.3, -1.45],
							"size": [0.90627, 0.37822, 0.95],
							"uv": {
								"up": {"uv": [6, 9], "uv_size": [1, 2]},
								"down": {"uv": [9, 8], "uv_size": [1, -2]}
							}
						},
						{
							"origin": [0.30002, -0.45314, -1.225],
							"size": [0.3782, 0.90627, 0.725],
							"uv": {
								"north": {"uv": [10, 10], "uv_size": [1, 1]},
								"east": {"uv": [11, 0], "uv_size": [1, 1]},
								"west": {"uv": [11, 1], "uv_size": [1, 1]}
							}
						},
						{
							"origin": [-0.67819, -0.45318, -1.225],
							"size": [0.3782, 0.90627, 0.725],
							"uv": {
								"north": {"uv": [2, 11], "uv_size": [1, 1]},
								"east": {"uv": [11, 2], "uv_size": [1, 1]},
								"west": {"uv": [3, 11], "uv_size": [1, 1]}
							}
						},
						{
							"origin": [-0.1591, -0.8, -1.225],
							"size": [0.3182, 0.5, 1.225],
							"pivot": [0, 0, -1.5],
							"rotation": [0, 0, -135],
							"uv": {
								"north": {"uv": [11, 3], "uv_size": [1, 1]},
								"south": {"uv": [4, 11], "uv_size": [1, 1]},
								"up": {"uv": [11, 4], "uv_size": [1, 1]},
								"down": {"uv": [5, 12], "uv_size": [1, -1]}
							}
						},
						{
							"origin": [-0.1591, 0.3, -1.225],
							"size": [0.3182, 0.5, 1.225],
							"pivot": [0, 0, -1.5],
							"rotation": [0, 0, -45],
							"uv": {
								"north": {"uv": [11, 5], "uv_size": [1, 1]},
								"south": {"uv": [6, 11], "uv_size": [1, 1]},
								"up": {"uv": [11, 6], "uv_size": [1, 1]},
								"down": {"uv": [7, 12], "uv_size": [1, -1]}
							}
						},
						{
							"origin": [-0.1591, -0.8, -1.225],
							"size": [0.3182, 0.5, 1.225],
							"pivot": [0, 0, -1.5],
							"rotation": [0, 0, 45],
							"uv": {
								"north": {"uv": [11, 7], "uv_size": [1, 1]},
								"south": {"uv": [8, 11], "uv_size": [1, 1]},
								"up": {"uv": [11, 8], "uv_size": [1, 1]},
								"down": {"uv": [9, 12], "uv_size": [1, -1]}
							}
						},
						{
							"origin": [-0.1591, 0.3, -1.225],
							"size": [0.3182, 0.5, 1.225],
							"pivot": [0, 0, -1.5],
							"rotation": [0, 0, 135],
							"uv": {
								"north": {"uv": [11, 9], "uv_size": [1, 1]},
								"south": {"uv": [10, 11], "uv_size": [1, 1]},
								"up": {"uv": [11, 10], "uv_size": [1, 1]},
								"down": {"uv": [11, 12], "uv_size": [1, -1]}
							}
						},
						{
							"origin": [-1.45318, -0.29997, -2.59999],
							"size": [0.45, 0.6, 0.1],
							"pivot": [-1.45318, -0.29997, -2.49999],
							"rotation": [0, -30, 0],
							"uv": {
								"north": {"uv": [0, 12], "uv_size": [1, 1]},
								"east": {"uv": [12, 0], "uv_size": [1, 1]},
								"south": {"uv": [1, 12], "uv_size": [1, 1]},
								"west": {"uv": [12, 1], "uv_size": [1, 1]}
							}
						},
						{
							"origin": [-1.45318, -0.29997, -3.40621],
							"size": [0.45, 0.6, 0.25],
							"uv": {
								"north": {"uv": [2, 12], "uv_size": [1, 1]},
								"east": {"uv": [12, 2], "uv_size": [1, 1]},
								"south": {"uv": [3, 12], "uv_size": [1, 1]}
							}
						},
						{
							"origin": [-1.45314, -0.3, -2.1],
							"size": [1, 0.6, 0.1],
							"pivot": [-1.45314, -0.3, -2],
							"rotation": [0, -17.5, 0],
							"uv": {
								"north": {"uv": [12, 3], "uv_size": [1, 1]},
								"east": {"uv": [4, 12], "uv_size": [1, 1]},
								"south": {"uv": [12, 4], "uv_size": [1, 1]},
								"west": {"uv": [5, 12], "uv_size": [1, 1]}
							}
						},
						{
							"origin": [-0.45318, -0.67819, -2.4142],
							"size": [1.1313, 0.37822, 1.4142],
							"pivot": [-0.45318, -0.67819, -1],
							"rotation": [0, 45, 0],
							"uv": {
								"north": {"uv": [12, 5], "uv_size": [1, 1]},
								"east": {"uv": [6, 12], "uv_size": [1, 1]},
								"west": {"uv": [12, 6], "uv_size": [1, 1]},
								"up": {"uv": [7, 12], "uv_size": [1, 1]},
								"down": {"uv": [12, 8], "uv_size": [1, -1]}
							}
						},
						{
							"origin": [-1.45318, -0.57819, -2.79999],
							"size": [0.8, 0.27822, 0.8],
							"uv": {
								"east": {"uv": [8, 12], "uv_size": [1, 1]},
								"up": {"uv": [12, 8], "uv_size": [1, 1]},
								"down": {"uv": [9, 13], "uv_size": [1, -1]}
							}
						},
						{
							"origin": [-1.45318, -0.57819, -3.40621],
							"size": [0.45, 0.27822, 0.60622],
							"uv": {
								"north": {"uv": [12, 9], "uv_size": [1, 1]},
								"east": {"uv": [10, 12], "uv_size": [1, 1]},
								"up": {"uv": [12, 10], "uv_size": [1, 1]},
								"down": {"uv": [11, 13], "uv_size": [1, -1]}
							}
						},
						{
							"origin": [-1.45318, 0.29997, -3.40621],
							"size": [0.45, 0.27822, 0.60622],
							"uv": {
								"north": {"uv": [12, 11], "uv_size": [1, 1]},
								"east": {"uv": [12, 12], "uv_size": [1, 1]},
								"up": {"uv": [0, 13], "uv_size": [1, 1]},
								"down": {"uv": [13, 1], "uv_size": [1, -1]}
							}
						},
						{
							"origin": [-0.95628, -0.57503, -3.49999],
							"size": [0.30311, 1.15322, 0.7],
							"pivot": [-0.65318, 0.67819, -2.79999],
							"rotation": [0, 30, 0],
							"uv": {
								"east": {"uv": [1, 13], "uv_size": [1, 1]},
								"south": {"uv": [13, 1], "uv_size": [1, 1]},
								"west": {"uv": [2, 13], "uv_size": [1, 1]},
								"up": {"uv": [13, 2], "uv_size": [1, 1]},
								"down": {"uv": [3, 14], "uv_size": [1, -1]}
							}
						},
						{
							"origin": [-1.45318, 0.29997, -2.79999],
							"size": [0.8, 0.27822, 0.8],
							"uv": {
								"east": {"uv": [13, 3], "uv_size": [1, 1]},
								"up": {"uv": [4, 13], "uv_size": [1, 1]},
								"down": {"uv": [13, 5], "uv_size": [1, -1]}
							}
						},
						{
							"origin": [-0.45318, 0.29997, -2.4142],
							"size": [1.1313, 0.37822, 1.4142],
							"pivot": [-0.45318, 0.67819, -1],
							"rotation": [0, 45, 0],
							"uv": {
								"north": {"uv": [5, 13], "uv_size": [1, 1]},
								"east": {"uv": [13, 5], "uv_size": [1, 1]},
								"west": {"uv": [6, 13], "uv_size": [1, 1]},
								"up": {"uv": [13, 6], "uv_size": [1, 1]},
								"down": {"uv": [7, 14], "uv_size": [1, -1]}
							}
						},
						{
							"origin": [1.00318, -0.29997, -2.59999],
							"size": [0.45, 0.6, 0.1],
							"pivot": [1.45318, -0.29997, -2.49999],
							"rotation": [0, 30, 0],
							"uv": {
								"north": {"uv": [13, 7], "uv_size": [1, 1]},
								"east": {"uv": [8, 13], "uv_size": [1, 1]},
								"south": {"uv": [13, 8], "uv_size": [1, 1]},
								"west": {"uv": [9, 13], "uv_size": [1, 1]}
							}
						},
						{
							"origin": [1.00318, -0.29997, -3.40621],
							"size": [0.45, 0.6, 0.25],
							"uv": {
								"north": {"uv": [13, 9], "uv_size": [1, 1]},
								"south": {"uv": [10, 13], "uv_size": [1, 1]},
								"west": {"uv": [13, 10], "uv_size": [1, 1]}
							}
						},
						{
							"origin": [0.45314, -0.3, -2.1],
							"size": [1, 0.6, 0.1],
							"pivot": [1.45314, -0.3, -2],
							"rotation": [0, 17.5, 0],
							"uv": {
								"north": {"uv": [11, 13], "uv_size": [1, 1]},
								"east": {"uv": [13, 11], "uv_size": [1, 1]},
								"south": {"uv": [12, 13], "uv_size": [1, 1]},
								"west": {"uv": [13, 12], "uv_size": [1, 1]}
							}
						},
						{
							"origin": [-0.67812, -0.67819, -2.4142],
							"size": [1.1313, 0.37822, 1.4142],
							"pivot": [0.45318, -0.67819, -1],
							"rotation": [0, -45, 0],
							"uv": {
								"north": {"uv": [13, 13], "uv_size": [1, 1]},
								"east": {"uv": [0, 14], "uv_size": [1, 1]},
								"west": {"uv": [14, 0], "uv_size": [1, 1]},
								"up": {"uv": [1, 14], "uv_size": [1, 1]},
								"down": {"uv": [14, 2], "uv_size": [1, -1]}
							}
						},
						{
							"origin": [0.65318, -0.57819, -2.79999],
							"size": [0.8, 0.27822, 0.8],
							"uv": {
								"west": {"uv": [2, 14], "uv_size": [1, 1]},
								"up": {"uv": [14, 2], "uv_size": [1, 1]},
								"down": {"uv": [3, 15], "uv_size": [1, -1]}
							}
						},
						{
							"origin": [1.00318, -0.57819, -3.40621],
							"size": [0.45, 0.27822, 0.60622],
							"uv": {
								"north": {"uv": [14, 3], "uv_size": [1, 1]},
								"west": {"uv": [4, 14], "uv_size": [1, 1]},
								"up": {"uv": [14, 4], "uv_size": [1, 1]},
								"down": {"uv": [5, 15], "uv_size": [1, -1]}
							}
						},
						{
							"origin": [1.00318, 0.29997, -3.40621],
							"size": [0.45, 0.27822, 0.60622],
							"uv": {
								"north": {"uv": [14, 5], "uv_size": [1, 1]},
								"west": {"uv": [6, 14], "uv_size": [1, 1]},
								"up": {"uv": [14, 6], "uv_size": [1, 1]},
								"down": {"uv": [7, 15], "uv_size": [1, -1]}
							}
						},
						{
							"origin": [0.65318, -0.57503, -3.49999],
							"size": [0.30311, 1.15322, 0.7],
							"pivot": [0.65318, 0.67819, -2.79999],
							"rotation": [0, -30, 0],
							"uv": {
								"east": {"uv": [14, 7], "uv_size": [1, 1]},
								"south": {"uv": [8, 14], "uv_size": [1, 1]},
								"west": {"uv": [14, 8], "uv_size": [1, 1]},
								"up": {"uv": [9, 14], "uv_size": [1, 1]},
								"down": {"uv": [14, 10], "uv_size": [1, -1]}
							}
						},
						{
							"origin": [0.65318, 0.29997, -2.79999],
							"size": [0.8, 0.27822, 0.8],
							"uv": {
								"west": {"uv": [10, 14], "uv_size": [1, 1]},
								"up": {"uv": [14, 10], "uv_size": [1, 1]},
								"down": {"uv": [11, 15], "uv_size": [1, -1]}
							}
						},
						{
							"origin": [-0.67812, 0.29997, -2.4142],
							"size": [1.1313, 0.37822, 1.4142],
							"pivot": [0.45318, 0.67819, -1],
							"rotation": [0, -45, 0],
							"uv": {
								"north": {"uv": [14, 11], "uv_size": [1, 1]},
								"east": {"uv": [12, 14], "uv_size": [1, 1]},
								"west": {"uv": [14, 12], "uv_size": [1, 1]},
								"up": {"uv": [13, 14], "uv_size": [1, 1]},
								"down": {"uv": [14, 14], "uv_size": [1, -1]}
							}
						},
						{
							"origin": [-0.1591, 0.4, -5.5],
							"size": [0.3182, 0.4, 0.775],
							"uv": {
								"north": {"uv": [14, 14], "uv_size": [1, 1]},
								"south": {"uv": [0, 15], "uv_size": [1, 1]},
								"up": {"uv": [15, 0], "uv_size": [1, 1]},
								"down": {"uv": [1, 16], "uv_size": [1, -1]}
							}
						},
						{
							"origin": [-0.1591, 0.4, -5.5],
							"size": [0.3182, 0.4, 0.775],
							"pivot": [0, 0, -5.5],
							"rotation": [0, 0, -22.5],
							"uv": {
								"north": {"uv": [15, 1], "uv_size": [1, 1]},
								"south": {"uv": [2, 15], "uv_size": [1, 1]},
								"up": {"uv": [15, 2], "uv_size": [1, 1]},
								"down": {"uv": [3, 16], "uv_size": [1, -1]}
							}
						},
						{
							"origin": [-0.1591, 0.4, -4.475],
							"size": [0.3182, 0.4, 0.5],
							"pivot": [0, 0, -4.475],
							"rotation": [0, 0, -22.5],
							"uv": {
								"north": {"uv": [15, 3], "uv_size": [1, 1]},
								"south": {"uv": [4, 15], "uv_size": [1, 1]},
								"up": {"uv": [15, 4], "uv_size": [1, 1]},
								"down": {"uv": [5, 16], "uv_size": [1, -1]}
							}
						},
						{
							"origin": [-0.1591, 0.4, -3.75],
							"size": [0.3182, 0.4, 1.75],
							"pivot": [0, 0, -3.75],
							"rotation": [0, 0, -22.5],
							"uv": {
								"north": {"uv": [15, 5], "uv_size": [1, 1]},
								"south": {"uv": [6, 15], "uv_size": [1, 1]},
								"up": {"uv": [7, 9], "uv_size": [1, 2]},
								"down": {"uv": [8, 11], "uv_size": [1, -2]}
							}
						},
						{
							"origin": [-0.1591, 0.425, -5.5],
							"size": [0.3182, 0.375, 3],
							"pivot": [0, 0, -5.5],
							"rotation": [0, 0, -45],
							"uv": {
								"north": {"uv": [15, 6], "uv_size": [1, 1]},
								"east": {"uv": [1, 4], "uv_size": [3, 1]},
								"south": {"uv": [7, 15], "uv_size": [1, 1]},
								"west": {"uv": [4, 4], "uv_size": [3, 1]},
								"up": {"uv": [5, 0], "uv_size": [1, 3]},
								"down": {"uv": [1, 8], "uv_size": [1, -3]}
							}
						},
						{
							"origin": [-0.1591, 0.4, -4.725],
							"size": [0.3182, 0.4, 0.25],
							"pivot": [0, 0, -4.725],
							"rotation": [0, 0, -67.5],
							"uv": {
								"north": {"uv": [15, 7], "uv_size": [1, 1]},
								"south": {"uv": [8, 15], "uv_size": [1, 1]},
								"up": {"uv": [15, 8], "uv_size": [1, 1]},
								"down": {"uv": [9, 16], "uv_size": [1, -1]}
							}
						},
						{
							"origin": [-0.1591, 0.4, -4.725],
							"size": [0.3182, 0.4, 0.25],
							"pivot": [0, 0, -4.725],
							"rotation": [0, 0, -90],
							"uv": {
								"north": {"uv": [15, 9], "uv_size": [1, 1]},
								"south": {"uv": [10, 15], "uv_size": [1, 1]},
								"up": {"uv": [15, 10], "uv_size": [1, 1]},
								"down": {"uv": [11, 16], "uv_size": [1, -1]}
							}
						},
						{
							"origin": [-0.1591, 0.4, -4.725],
							"size": [0.3182, 0.4, 0.25],
							"pivot": [0, 0, -4.725],
							"rotation": [0, 0, -112.5],
							"uv": {
								"north": {"uv": [15, 11], "uv_size": [1, 1]},
								"south": {"uv": [12, 15], "uv_size": [1, 1]},
								"up": {"uv": [15, 12], "uv_size": [1, 1]},
								"down": {"uv": [13, 16], "uv_size": [1, -1]}
							}
						},
						{
							"origin": [-0.1591, 0.4, -5.5],
							"size": [0.3182, 0.4, 0.3],
							"pivot": [0, 0, -5.5],
							"rotation": [0, 0, -112.5],
							"uv": {
								"north": {"uv": [15, 13], "uv_size": [1, 1]},
								"south": {"uv": [14, 15], "uv_size": [1, 1]},
								"up": {"uv": [15, 14], "uv_size": [1, 1]},
								"down": {"uv": [15, 16], "uv_size": [1, -1]}
							}
						},
						{
							"origin": [-0.1591, 0.4, -5.5],
							"size": [0.3182, 0.4, 0.3],
							"pivot": [0, 0, -5.5],
							"rotation": [0, 0, -90],
							"uv": {
								"north": {"uv": [0, 16], "uv_size": [1, 1]},
								"south": {"uv": [16, 0], "uv_size": [1, 1]},
								"up": {"uv": [1, 16], "uv_size": [1, 1]},
								"down": {"uv": [16, 2], "uv_size": [1, -1]}
							}
						},
						{
							"origin": [-0.1591, 0.4, -5.5],
							"size": [0.3182, 0.4, 0.3],
							"pivot": [0, 0, -5.5],
							"rotation": [0, 0, -67.5],
							"uv": {
								"north": {"uv": [2, 16], "uv_size": [1, 1]},
								"south": {"uv": [16, 2], "uv_size": [1, 1]},
								"up": {"uv": [3, 16], "uv_size": [1, 1]},
								"down": {"uv": [16, 4], "uv_size": [1, -1]}
							}
						},
						{
							"origin": [-0.1591, 0.4, -4],
							"size": [0.3182, 0.4, 0.25],
							"pivot": [0, 0, -4],
							"rotation": [0, 0, -67.5],
							"uv": {
								"north": {"uv": [4, 16], "uv_size": [1, 1]},
								"south": {"uv": [16, 4], "uv_size": [1, 1]},
								"up": {"uv": [5, 16], "uv_size": [1, 1]},
								"down": {"uv": [16, 6], "uv_size": [1, -1]}
							}
						},
						{
							"origin": [-0.1591, 0.4, -4],
							"size": [0.3182, 0.4, 0.25],
							"pivot": [0, 0, -4],
							"rotation": [0, 0, -90],
							"uv": {
								"north": {"uv": [6, 16], "uv_size": [1, 1]},
								"south": {"uv": [16, 6], "uv_size": [1, 1]},
								"up": {"uv": [7, 16], "uv_size": [1, 1]},
								"down": {"uv": [16, 8], "uv_size": [1, -1]}
							}
						},
						{
							"origin": [-0.1591, 0.4, -4],
							"size": [0.3182, 0.4, 0.25],
							"pivot": [0, 0, -4],
							"rotation": [0, 0, -112.5],
							"uv": {
								"north": {"uv": [8, 16], "uv_size": [1, 1]},
								"south": {"uv": [16, 8], "uv_size": [1, 1]},
								"up": {"uv": [9, 16], "uv_size": [1, 1]},
								"down": {"uv": [16, 10], "uv_size": [1, -1]}
							}
						},
						{
							"origin": [-0.45314, 0.4, -3.25],
							"size": [0.90627, 0.27822, 0.5],
							"pivot": [0, 0, -3.25],
							"rotation": [0, 0, -90],
							"uv": {
								"north": {"uv": [10, 16], "uv_size": [1, 1]},
								"south": {"uv": [16, 10], "uv_size": [1, 1]},
								"up": {"uv": [11, 16], "uv_size": [1, 1]},
								"down": {"uv": [16, 12], "uv_size": [1, -1]}
							}
						},
						{
							"origin": [-0.1591, 0.425, -5.5],
							"size": [0.3182, 0.375, 3],
							"pivot": [0, 0, -5.5],
							"rotation": [0, 0, -135],
							"uv": {
								"north": {"uv": [12, 16], "uv_size": [1, 1]},
								"south": {"uv": [16, 12], "uv_size": [1, 1]},
								"west": {"uv": [2, 5], "uv_size": [3, 1]},
								"up": {"uv": [5, 5], "uv_size": [1, 3]},
								"down": {"uv": [6, 3], "uv_size": [1, -3]}
							}
						},
						{
							"origin": [-0.1591, 0.4, -5.5],
							"size": [0.3182, 0.4, 3.5],
							"pivot": [0, 0, -5.5],
							"rotation": [0, 0, -157.5],
							"uv": {
								"north": {"uv": [13, 16], "uv_size": [1, 1]},
								"south": {"uv": [16, 13], "uv_size": [1, 1]},
								"up": {"uv": [0, 0], "uv_size": [1, 4]},
								"down": {"uv": [1, 4], "uv_size": [1, -4]}
							}
						},
						{
							"origin": [-1.81169, 0.47859, -6.37971],
							"size": [0.4414, 0.25, 0.4414],
							"pivot": [0, 0, -7.75],
							"rotation": [0, 45, 0],
							"uv": {
								"north": {"uv": [14, 16], "uv_size": [1, 1]},
								"west": {"uv": [16, 14], "uv_size": [1, 1]},
								"up": {"uv": [15, 16], "uv_size": [1, 1]},
								"down": {"uv": [16, 16], "uv_size": [1, -1]}
							}
						},
						{
							"origin": [-1.81169, 0.47859, -6.37971],
							"size": [0.4414, 0.25, 0.4414],
							"pivot": [0, 0, -7.75],
							"rotation": [0, 45, 45],
							"uv": {
								"north": {"uv": [16, 16], "uv_size": [1, 1]},
								"west": {"uv": [0, 17], "uv_size": [1, 1]},
								"up": {"uv": [17, 0], "uv_size": [1, 1]},
								"down": {"uv": [1, 18], "uv_size": [1, -1]}
							}
						},
						{
							"origin": [-1.81169, 0.47859, -6.37971],
							"size": [0.4414, 0.25, 0.4414],
							"pivot": [0, 0, -7.75],
							"rotation": [0, 45, 90],
							"uv": {
								"north": {"uv": [17, 1], "uv_size": [1, 1]},
								"west": {"uv": [2, 17], "uv_size": [1, 1]},
								"up": {"uv": [17, 2], "uv_size": [1, 1]},
								"down": {"uv": [3, 18], "uv_size": [1, -1]}
							}
						},
						{
							"origin": [-1.81169, 0.47859, -6.37971],
							"size": [0.4414, 0.25, 0.4414],
							"pivot": [0, 0, -7.75],
							"rotation": [0, 45, 135],
							"uv": {
								"north": {"uv": [17, 3], "uv_size": [1, 1]},
								"west": {"uv": [4, 17], "uv_size": [1, 1]},
								"up": {"uv": [17, 4], "uv_size": [1, 1]},
								"down": {"uv": [5, 18], "uv_size": [1, -1]}
							}
						},
						{
							"origin": [-1.81169, 0.47859, -6.37971],
							"size": [0.4414, 0.25, 0.4414],
							"pivot": [0, 0, -7.75],
							"rotation": [0, 45, 180],
							"uv": {
								"north": {"uv": [17, 5], "uv_size": [1, 1]},
								"west": {"uv": [6, 17], "uv_size": [1, 1]},
								"up": {"uv": [17, 6], "uv_size": [1, 1]},
								"down": {"uv": [7, 18], "uv_size": [1, -1]}
							}
						},
						{
							"origin": [-1.81169, 0.47859, -6.37971],
							"size": [0.4414, 0.25, 0.4414],
							"pivot": [0, 0, -7.75],
							"rotation": [0, 45, -135],
							"uv": {
								"north": {"uv": [17, 7], "uv_size": [1, 1]},
								"west": {"uv": [8, 17], "uv_size": [1, 1]},
								"up": {"uv": [17, 8], "uv_size": [1, 1]},
								"down": {"uv": [9, 18], "uv_size": [1, -1]}
							}
						},
						{
							"origin": [-1.81169, 0.47859, -6.37971],
							"size": [0.4414, 0.25, 0.4414],
							"pivot": [0, 0, -7.75],
							"rotation": [0, 45, -90],
							"uv": {
								"north": {"uv": [17, 9], "uv_size": [1, 1]},
								"west": {"uv": [10, 17], "uv_size": [1, 1]},
								"up": {"uv": [17, 10], "uv_size": [1, 1]},
								"down": {"uv": [11, 18], "uv_size": [1, -1]}
							}
						},
						{
							"origin": [-1.81169, 0.47859, -6.37971],
							"size": [0.4414, 0.25, 0.4414],
							"pivot": [0, 0, -7.75],
							"rotation": [0, 45, -45],
							"uv": {
								"north": {"uv": [17, 11], "uv_size": [1, 1]},
								"west": {"uv": [12, 17], "uv_size": [1, 1]},
								"up": {"uv": [17, 12], "uv_size": [1, 1]},
								"down": {"uv": [13, 18], "uv_size": [1, -1]}
							}
						},
						{
							"origin": [-0.1591, 0.4, -3.75],
							"size": [0.3182, 0.4, 1.75],
							"pivot": [0, 0, -3.75],
							"rotation": [0, 0, 22.5],
							"uv": {
								"north": {"uv": [17, 13], "uv_size": [1, 1]},
								"south": {"uv": [14, 17], "uv_size": [1, 1]},
								"up": {"uv": [9, 8], "uv_size": [1, 2]},
								"down": {"uv": [0, 12], "uv_size": [1, -2]}
							}
						},
						{
							"origin": [-0.1591, 0.4, -3.75],
							"size": [0.3182, 0.4, 1.75],
							"uv": {
								"north": {"uv": [17, 14], "uv_size": [1, 1]},
								"south": {"uv": [15, 17], "uv_size": [1, 1]},
								"up": {"uv": [10, 0], "uv_size": [1, 2]},
								"down": {"uv": [1, 12], "uv_size": [1, -2]}
							}
						},
						{
							"origin": [-0.1591, 0.4, -4.475],
							"size": [0.3182, 0.4, 0.5],
							"uv": {
								"north": {"uv": [17, 15], "uv_size": [1, 1]},
								"south": {"uv": [16, 17], "uv_size": [1, 1]},
								"up": {"uv": [17, 16], "uv_size": [1, 1]},
								"down": {"uv": [17, 18], "uv_size": [1, -1]}
							}
						},
						{
							"origin": [-0.1591, 0.4, -4.475],
							"size": [0.3182, 0.4, 0.5],
							"pivot": [0, 0, -4.475],
							"rotation": [0, 0, 22.5],
							"uv": {
								"north": {"uv": [0, 18], "uv_size": [1, 1]},
								"south": {"uv": [18, 0], "uv_size": [1, 1]},
								"up": {"uv": [1, 18], "uv_size": [1, 1]},
								"down": {"uv": [18, 2], "uv_size": [1, -1]}
							}
						},
						{
							"origin": [-0.45314, 0.4, -3.25],
							"size": [0.90627, 0.27822, 0.5],
							"pivot": [0, 0, -3.25],
							"rotation": [0, 0, 90],
							"uv": {
								"north": {"uv": [2, 18], "uv_size": [1, 1]},
								"south": {"uv": [18, 2], "uv_size": [1, 1]},
								"up": {"uv": [3, 18], "uv_size": [1, 1]},
								"down": {"uv": [18, 4], "uv_size": [1, -1]}
							}
						},
						{
							"origin": [-0.1591, 0.4, -4],
							"size": [0.3182, 0.4, 0.25],
							"pivot": [0, 0, -4],
							"rotation": [0, 0, 112.5],
							"uv": {
								"north": {"uv": [4, 18], "uv_size": [1, 1]},
								"south": {"uv": [18, 4], "uv_size": [1, 1]},
								"up": {"uv": [5, 18], "uv_size": [1, 1]},
								"down": {"uv": [18, 6], "uv_size": [1, -1]}
							}
						},
						{
							"origin": [-0.1591, 0.4, -4],
							"size": [0.3182, 0.4, 0.25],
							"pivot": [0, 0, -4],
							"rotation": [0, 0, 90],
							"uv": {
								"north": {"uv": [6, 18], "uv_size": [1, 1]},
								"south": {"uv": [18, 6], "uv_size": [1, 1]},
								"up": {"uv": [7, 18], "uv_size": [1, 1]},
								"down": {"uv": [18, 8], "uv_size": [1, -1]}
							}
						},
						{
							"origin": [-0.1591, 0.4, -4],
							"size": [0.3182, 0.4, 0.25],
							"pivot": [0, 0, -4],
							"rotation": [0, 0, 67.5],
							"uv": {
								"north": {"uv": [8, 18], "uv_size": [1, 1]},
								"south": {"uv": [18, 8], "uv_size": [1, 1]},
								"up": {"uv": [9, 18], "uv_size": [1, 1]},
								"down": {"uv": [18, 10], "uv_size": [1, -1]}
							}
						},
						{
							"origin": [-0.1591, 0.4, -4.725],
							"size": [0.3182, 0.4, 0.25],
							"pivot": [0, 0, -4.725],
							"rotation": [0, 0, 112.5],
							"uv": {
								"north": {"uv": [10, 18], "uv_size": [1, 1]},
								"south": {"uv": [18, 10], "uv_size": [1, 1]},
								"up": {"uv": [11, 18], "uv_size": [1, 1]},
								"down": {"uv": [18, 12], "uv_size": [1, -1]}
							}
						},
						{
							"origin": [-0.1591, 0.4, -4.725],
							"size": [0.3182, 0.4, 0.25],
							"pivot": [0, 0, -4.725],
							"rotation": [0, 0, 90],
							"uv": {
								"north": {"uv": [12, 18], "uv_size": [1, 1]},
								"south": {"uv": [18, 12], "uv_size": [1, 1]},
								"up": {"uv": [13, 18], "uv_size": [1, 1]},
								"down": {"uv": [18, 14], "uv_size": [1, -1]}
							}
						},
						{
							"origin": [-0.1591, 0.4, -4.725],
							"size": [0.3182, 0.4, 0.25],
							"pivot": [0, 0, -4.725],
							"rotation": [0, 0, 67.5],
							"uv": {
								"north": {"uv": [14, 18], "uv_size": [1, 1]},
								"south": {"uv": [18, 14], "uv_size": [1, 1]},
								"up": {"uv": [15, 18], "uv_size": [1, 1]},
								"down": {"uv": [18, 16], "uv_size": [1, -1]}
							}
						},
						{
							"origin": [-0.1591, 0.4, -5.5],
							"size": [0.3182, 0.4, 0.3],
							"pivot": [0, 0, -5.5],
							"rotation": [0, 0, 112.5],
							"uv": {
								"north": {"uv": [16, 18], "uv_size": [1, 1]},
								"south": {"uv": [18, 16], "uv_size": [1, 1]},
								"up": {"uv": [17, 18], "uv_size": [1, 1]},
								"down": {"uv": [18, 18], "uv_size": [1, -1]}
							}
						},
						{
							"origin": [-0.1591, 0.4, -5.5],
							"size": [0.3182, 0.4, 0.3],
							"pivot": [0, 0, -5.5],
							"rotation": [0, 0, 90],
							"uv": {
								"north": {"uv": [18, 18], "uv_size": [1, 1]},
								"south": {"uv": [0, 19], "uv_size": [1, 1]},
								"up": {"uv": [19, 0], "uv_size": [1, 1]},
								"down": {"uv": [1, 20], "uv_size": [1, -1]}
							}
						},
						{
							"origin": [-0.1591, 0.4, -5.5],
							"size": [0.3182, 0.4, 0.3],
							"pivot": [0, 0, -5.5],
							"rotation": [0, 0, 67.5],
							"uv": {
								"north": {"uv": [19, 1], "uv_size": [1, 1]},
								"south": {"uv": [2, 19], "uv_size": [1, 1]},
								"up": {"uv": [19, 2], "uv_size": [1, 1]},
								"down": {"uv": [3, 20], "uv_size": [1, -1]}
							}
						},
						{
							"origin": [-0.1591, 0.4, -5.5],
							"size": [0.3182, 0.4, 3.5],
							"pivot": [0, 0, -5.5],
							"rotation": [0, 0, 180],
							"uv": {
								"north": {"uv": [19, 3], "uv_size": [1, 1]},
								"south": {"uv": [4, 19], "uv_size": [1, 1]},
								"up": {"uv": [2, 0], "uv_size": [1, 4]},
								"down": {"uv": [3, 4], "uv_size": [1, -4]}
							}
						},
						{
							"origin": [-0.1591, 0.4, -5.5],
							"size": [0.3182, 0.4, 3.5],
							"pivot": [0, 0, -5.5],
							"rotation": [0, 0, 157.5],
							"uv": {
								"north": {"uv": [19, 4], "uv_size": [1, 1]},
								"south": {"uv": [5, 19], "uv_size": [1, 1]},
								"up": {"uv": [0, 4], "uv_size": [1, 4]},
								"down": {"uv": [4, 4], "uv_size": [1, -4]}
							}
						},
						{
							"origin": [-0.1591, 0.425, -5.5],
							"size": [0.3182, 0.375, 3],
							"pivot": [0, 0, -5.5],
							"rotation": [0, 0, 135],
							"uv": {
								"north": {"uv": [19, 5], "uv_size": [1, 1]},
								"east": {"uv": [5, 3], "uv_size": [3, 1]},
								"south": {"uv": [6, 19], "uv_size": [1, 1]},
								"up": {"uv": [2, 6], "uv_size": [1, 3]},
								"down": {"uv": [3, 9], "uv_size": [1, -3]}
							}
						},
						{
							"origin": [-0.1591, 0.425, -5.5],
							"size": [0.3182, 0.375, 3],
							"pivot": [0, 0, -5.5],
							"rotation": [0, 0, 45],
							"uv": {
								"north": {"uv": [19, 6], "uv_size": [1, 1]},
								"east": {"uv": [6, 5], "uv_size": [3, 1]},
								"south": {"uv": [7, 19], "uv_size": [1, 1]},
								"west": {"uv": [6, 6], "uv_size": [3, 1]},
								"up": {"uv": [4, 6], "uv_size": [1, 3]},
								"down": {"uv": [7, 3], "uv_size": [1, -3]}
							}
						},
						{
							"origin": [-0.1591, 0.4, -5.5],
							"size": [0.3182, 0.4, 0.775],
							"pivot": [0, 0, -5.5],
							"rotation": [0, 0, 22.5],
							"uv": {
								"north": {"uv": [19, 7], "uv_size": [1, 1]},
								"south": {"uv": [8, 19], "uv_size": [1, 1]},
								"up": {"uv": [19, 8], "uv_size": [1, 1]},
								"down": {"uv": [9, 20], "uv_size": [1, -1]}
							}
						}
					]
				}
			]
		}
	]
}