{
	"format_version": "1.12.0",
	"minecraft:geometry": [
		{
			"description": {
				"identifier": "geometry.arip_breach",
				"texture_width": 16,
				"texture_height": 16,
				"visible_bounds_width": 2,
				"visible_bounds_height": 2.5,
				"visible_bounds_offset": [0, 0.75, 0]
			},
			"bones": [
				{
					"name": "compensator",
					"pivot": [0, 0, 0],
					"cubes": [
						{
							"origin": [-0.2796, -0.675, -3.75],
							"size": [0.5592, 0.225, 3.75],
							"uv": {
								"south": {"uv": [4, 4], "uv_size": [1, 1]},
								"up": {"uv": [0, 0], "uv_size": [1, 3]},
								"down": {"uv": [1, 3], "uv_size": [1, -3]}
							}
						},
						{
							"origin": [-0.2796, -0.675, -3.75],
							"size": [0.5592, 0.225, 3.75],
							"pivot": [0, 0, -2.25],
							"rotation": [0, 0, 45],
							"uv": {
								"south": {"uv": [5, 0], "uv_size": [1, 1]},
								"up": {"uv": [2, 0], "uv_size": [1, 3]},
								"down": {"uv": [0, 6], "uv_size": [1, -3]}
							}
						},
						{
							"origin": [-0.2796, -0.675, -3.75],
							"size": [0.5592, 0.225, 3.75],
							"pivot": [0, 0, -2.25],
							"rotation": [0, 0, -45],
							"uv": {
								"south": {"uv": [5, 1], "uv_size": [1, 1]},
								"up": {"uv": [3, 0], "uv_size": [1, 3]},
								"down": {"uv": [1, 6], "uv_size": [1, -3]}
							}
						},
						{
							"origin": [-0.2796, -0.675, -2.25],
							"size": [0.5592, 0.225, 2.25],
							"pivot": [0, 0, -2.25],
							"rotation": [0, 0, 90],
							"uv": {
								"north": {"uv": [2, 5], "uv_size": [1, 1]},
								"south": {"uv": [5, 2], "uv_size": [1, 1]},
								"up": {"uv": [2, 3], "uv_size": [1, 2]},
								"down": {"uv": [3, 5], "uv_size": [1, -2]}
							}
						},
						{
							"origin": [0.0954, -0.675, -2.625],
							"size": [0.1842, 0.225, 0.375],
							"pivot": [0, 0, -4.875],
							"rotation": [0, 0, 90],
							"uv": {
								"east": {"uv": [3, 5], "uv_size": [1, 1]},
								"up": {"uv": [5, 3], "uv_size": [1, 1]},
								"down": {"uv": [4, 6], "uv_size": [1, -1]}
							}
						},
						{
							"origin": [-0.2796, -0.675, -3],
							"size": [0.5592, 0.225, 0.375],
							"pivot": [0, 0, -4.875],
							"rotation": [0, 0, 90],
							"uv": {
								"north": {"uv": [5, 4], "uv_size": [1, 1]},
								"south": {"uv": [5, 5], "uv_size": [1, 1]},
								"up": {"uv": [0, 6], "uv_size": [1, 1]},
								"down": {"uv": [6, 1], "uv_size": [1, -1]}
							}
						},
						{
							"origin": [0.0954, -0.675, -3.375],
							"size": [0.1842, 0.225, 0.375],
							"pivot": [0, 0, -5.625],
							"rotation": [0, 0, 90],
							"uv": {
								"east": {"uv": [1, 6], "uv_size": [1, 1]},
								"up": {"uv": [6, 1], "uv_size": [1, 1]},
								"down": {"uv": [2, 7], "uv_size": [1, -1]}
							}
						},
						{
							"origin": [-0.2796, -0.675, -3.75],
							"size": [0.5592, 0.225, 0.375],
							"pivot": [0, 0, -5.625],
							"rotation": [0, 0, 90],
							"uv": {
								"south": {"uv": [6, 2], "uv_size": [1, 1]},
								"up": {"uv": [3, 6], "uv_size": [1, 1]},
								"down": {"uv": [6, 4], "uv_size": [1, -1]}
							}
						},
						{
							"origin": [-0.2796, -0.675, -2.25],
							"size": [0.5592, 0.225, 2.25],
							"pivot": [0, 0, -2.25],
							"rotation": [0, 0, -90],
							"uv": {
								"north": {"uv": [4, 6], "uv_size": [1, 1]},
								"south": {"uv": [6, 4], "uv_size": [1, 1]},
								"up": {"uv": [4, 0], "uv_size": [1, 2]},
								"down": {"uv": [4, 4], "uv_size": [1, -2]}
							}
						},
						{
							"origin": [-0.2796, -0.675, -2.625],
							"size": [0.1842, 0.225, 0.375],
							"pivot": [0, 0, -4.875],
							"rotation": [0, 0, -90],
							"uv": {
								"west": {"uv": [5, 6], "uv_size": [1, 1]},
								"up": {"uv": [6, 5], "uv_size": [1, 1]},
								"down": {"uv": [6, 7], "uv_size": [1, -1]}
							}
						},
						{
							"origin": [-0.2796, -0.675, -3],
							"size": [0.5592, 0.225, 0.375],
							"pivot": [0, 0, -4.875],
							"rotation": [0, 0, -90],
							"uv": {
								"north": {"uv": [0, 7], "uv_size": [1, 1]},
								"south": {"uv": [7, 0], "uv_size": [1, 1]},
								"up": {"uv": [1, 7], "uv_size": [1, 1]},
								"down": {"uv": [7, 2], "uv_size": [1, -1]}
							}
						},
						{
							"origin": [-0.2796, -0.675, -3.375],
							"size": [0.1842, 0.225, 0.375],
							"pivot": [0, 0, -5.625],
							"rotation": [0, 0, -90],
							"uv": {
								"west": {"uv": [2, 7], "uv_size": [1, 1]},
								"up": {"uv": [7, 2], "uv_size": [1, 1]},
								"down": {"uv": [3, 8], "uv_size": [1, -1]}
							}
						},
						{
							"origin": [-0.2796, -0.675, -3.75],
							"size": [0.5592, 0.225, 0.375],
							"pivot": [0, 0, -5.625],
							"rotation": [0, 0, -90],
							"uv": {
								"south": {"uv": [7, 3], "uv_size": [1, 1]},
								"up": {"uv": [4, 7], "uv_size": [1, 1]},
								"down": {"uv": [7, 5], "uv_size": [1, -1]}
							}
						},
						{
							"origin": [-0.2796, -0.675, -1.5],
							"size": [0.5592, 0.225, 1.5],
							"pivot": [0, 0, -2.25],
							"rotation": [0, 0, 135],
							"uv": {
								"north": {"uv": [5, 7], "uv_size": [1, 1]},
								"south": {"uv": [7, 5], "uv_size": [1, 1]},
								"up": {"uv": [6, 7], "uv_size": [1, 1]},
								"down": {"uv": [7, 7], "uv_size": [1, -1]}
							}
						},
						{
							"origin": [0.0204, -0.675, -1.875],
							"size": [0.2592, 0.225, 0.375],
							"pivot": [0, 0, -2.25],
							"rotation": [0, 0, 135],
							"uv": {
								"east": {"uv": [7, 7], "uv_size": [1, 1]},
								"up": {"uv": [0, 8], "uv_size": [1, 1]},
								"down": {"uv": [8, 1], "uv_size": [1, -1]}
							}
						},
						{
							"origin": [-0.2796, -0.675, -2.25],
							"size": [0.5592, 0.225, 0.375],
							"pivot": [0, 0, -2.25],
							"rotation": [0, 0, 135],
							"uv": {
								"north": {"uv": [1, 8], "uv_size": [1, 1]},
								"south": {"uv": [8, 1], "uv_size": [1, 1]},
								"up": {"uv": [2, 8], "uv_size": [1, 1]},
								"down": {"uv": [8, 3], "uv_size": [1, -1]}
							}
						},
						{
							"origin": [-0.2796, -0.675, -2.625],
							"size": [0.1842, 0.225, 0.375],
							"pivot": [0, 0, -4.875],
							"rotation": [0, 0, 135],
							"uv": {
								"west": {"uv": [3, 8], "uv_size": [1, 1]},
								"up": {"uv": [8, 3], "uv_size": [1, 1]},
								"down": {"uv": [4, 9], "uv_size": [1, -1]}
							}
						},
						{
							"origin": [-0.2796, -0.675, -3],
							"size": [0.5592, 0.225, 0.375],
							"pivot": [0, 0, -4.875],
							"rotation": [0, 0, 135],
							"uv": {
								"north": {"uv": [8, 4], "uv_size": [1, 1]},
								"south": {"uv": [5, 8], "uv_size": [1, 1]},
								"up": {"uv": [8, 5], "uv_size": [1, 1]},
								"down": {"uv": [6, 9], "uv_size": [1, -1]}
							}
						},
						{
							"origin": [-0.2796, -0.675, -3.375],
							"size": [0.1842, 0.225, 0.375],
							"pivot": [0, 0, -5.625],
							"rotation": [0, 0, 135],
							"uv": {
								"west": {"uv": [8, 6], "uv_size": [1, 1]},
								"up": {"uv": [7, 8], "uv_size": [1, 1]},
								"down": {"uv": [8, 8], "uv_size": [1, -1]}
							}
						},
						{
							"origin": [-0.2796, -0.675, -3.75],
							"size": [0.5592, 0.225, 0.375],
							"pivot": [0, 0, -5.625],
							"rotation": [0, 0, 135],
							"uv": {
								"south": {"uv": [8, 8], "uv_size": [1, 1]},
								"up": {"uv": [0, 9], "uv_size": [1, 1]},
								"down": {"uv": [9, 1], "uv_size": [1, -1]}
							}
						},
						{
							"origin": [-0.2796, -0.675, -1.5],
							"size": [0.5592, 0.225, 1.5],
							"pivot": [0, 0, -2.25],
							"rotation": [0, 0, -135],
							"uv": {
								"north": {"uv": [1, 9], "uv_size": [1, 1]},
								"south": {"uv": [9, 1], "uv_size": [1, 1]},
								"up": {"uv": [2, 9], "uv_size": [1, 1]},
								"down": {"uv": [9, 3], "uv_size": [1, -1]}
							}
						},
						{
							"origin": [-0.2796, -0.675, -1.875],
							"size": [0.2592, 0.225, 0.375],
							"pivot": [0, 0, -2.25],
							"rotation": [0, 0, -135],
							"uv": {
								"west": {"uv": [3, 9], "uv_size": [1, 1]},
								"up": {"uv": [9, 3], "uv_size": [1, 1]},
								"down": {"uv": [4, 10], "uv_size": [1, -1]}
							}
						},
						{
							"origin": [-0.2796, -0.675, -2.25],
							"size": [0.5592, 0.225, 0.375],
							"pivot": [0, 0, -2.25],
							"rotation": [0, 0, -135],
							"uv": {
								"north": {"uv": [9, 4], "uv_size": [1, 1]},
								"south": {"uv": [5, 9], "uv_size": [1, 1]},
								"up": {"uv": [9, 5], "uv_size": [1, 1]},
								"down": {"uv": [6, 10], "uv_size": [1, -1]}
							}
						},
						{
							"origin": [0.0954, -0.675, -2.625],
							"size": [0.1842, 0.225, 0.375],
							"pivot": [0, 0, -4.875],
							"rotation": [0, 0, -135],
							"uv": {
								"east": {"uv": [9, 6], "uv_size": [1, 1]},
								"up": {"uv": [7, 9], "uv_size": [1, 1]},
								"down": {"uv": [9, 8], "uv_size": [1, -1]}
							}
						},
						{
							"origin": [-0.2796, -0.675, -3],
							"size": [0.5592, 0.225, 0.375],
							"pivot": [0, 0, -4.875],
							"rotation": [0, 0, -135],
							"uv": {
								"north": {"uv": [8, 9], "uv_size": [1, 1]},
								"south": {"uv": [9, 8], "uv_size": [1, 1]},
								"up": {"uv": [9, 9], "uv_size": [1, 1]},
								"down": {"uv": [0, 11], "uv_size": [1, -1]}
							}
						},
						{
							"origin": [0.0954, -0.675, -3.375],
							"size": [0.1842, 0.225, 0.375],
							"pivot": [0, 0, -5.625],
							"rotation": [0, 0, -135],
							"uv": {
								"east": {"uv": [10, 0], "uv_size": [1, 1]},
								"up": {"uv": [1, 10], "uv_size": [1, 1]},
								"down": {"uv": [10, 2], "uv_size": [1, -1]}
							}
						},
						{
							"origin": [-0.2796, -0.675, -3.75],
							"size": [0.5592, 0.225, 0.375],
							"pivot": [0, 0, -5.625],
							"rotation": [0, 0, -135],
							"uv": {
								"south": {"uv": [2, 10], "uv_size": [1, 1]},
								"up": {"uv": [10, 2], "uv_size": [1, 1]},
								"down": {"uv": [3, 11], "uv_size": [1, -1]}
							}
						},
						{
							"origin": [-0.2796, -0.675, -1.5],
							"size": [0.5592, 0.225, 1.5],
							"pivot": [0, 0, -2.25],
							"rotation": [0, 0, -180],
							"uv": {
								"north": {"uv": [10, 3], "uv_size": [1, 1]},
								"south": {"uv": [4, 10], "uv_size": [1, 1]},
								"up": {"uv": [10, 4], "uv_size": [1, 1]},
								"down": {"uv": [5, 11], "uv_size": [1, -1]}
							}
						},
						{
							"origin": [-0.1296, -0.675, -1.875],
							"size": [0.2592, 0.225, 0.375],
							"pivot": [0, 0, -2.25],
							"rotation": [0, 0, -180],
							"uv": {
								"east": {"uv": [10, 5], "uv_size": [1, 1]},
								"west": {"uv": [6, 10], "uv_size": [1, 1]},
								"up": {"uv": [10, 6], "uv_size": [1, 1]},
								"down": {"uv": [7, 11], "uv_size": [1, -1]}
							}
						},
						{
							"origin": [-0.2796, -0.675, -3.75],
							"size": [0.5592, 0.225, 1.875],
							"pivot": [0, 0, -2.25],
							"rotation": [0, 0, -180],
							"uv": {
								"south": {"uv": [10, 7], "uv_size": [1, 1]},
								"up": {"uv": [8, 10], "uv_size": [1, 1]},
								"down": {"uv": [10, 9], "uv_size": [1, -1]}
							}
						},
						{
							"origin": [-0.19768, -0.675, -3.9477],
							"size": [0.3954, 0.225, 0.3954],
							"pivot": [0.00002, 0, -3.75],
							"rotation": [0, -45, 0],
							"uv": {
								"north": {"uv": [9, 10], "uv_size": [1, 1]},
								"east": {"uv": [10, 9], "uv_size": [1, 1]},
								"up": {"uv": [10, 10], "uv_size": [1, 1]},
								"down": {"uv": [0, 12], "uv_size": [1, -1]}
							}
						},
						{
							"origin": [-0.19768, -0.675, -3.9477],
							"size": [0.3954, 0.225, 0.3954],
							"pivot": [0.00002, 0, -3.75],
							"rotation": [0, -45, 45],
							"uv": {
								"north": {"uv": [11, 0], "uv_size": [1, 1]},
								"east": {"uv": [1, 11], "uv_size": [1, 1]},
								"up": {"uv": [11, 1], "uv_size": [1, 1]},
								"down": {"uv": [2, 12], "uv_size": [1, -1]}
							}
						},
						{
							"origin": [-0.19768, -0.675, -3.9477],
							"size": [0.3954, 0.225, 0.3954],
							"pivot": [0.00002, 0, -3.75],
							"rotation": [0, -45, 90],
							"uv": {
								"north": {"uv": [11, 2], "uv_size": [1, 1]},
								"east": {"uv": [3, 11], "uv_size": [1, 1]},
								"up": {"uv": [11, 3], "uv_size": [1, 1]},
								"down": {"uv": [4, 12], "uv_size": [1, -1]}
							}
						},
						{
							"origin": [-0.19768, -0.675, -3.9477],
							"size": [0.3954, 0.225, 0.3954],
							"pivot": [0.00002, 0, -3.75],
							"rotation": [0, -45, 135],
							"uv": {
								"north": {"uv": [11, 4], "uv_size": [1, 1]},
								"east": {"uv": [5, 11], "uv_size": [1, 1]},
								"up": {"uv": [11, 5], "uv_size": [1, 1]},
								"down": {"uv": [6, 12], "uv_size": [1, -1]}
							}
						},
						{
							"origin": [-0.19768, -0.675, -3.9477],
							"size": [0.3954, 0.225, 0.3954],
							"pivot": [0.00002, 0, -3.75],
							"rotation": [0, -45, -180],
							"uv": {
								"north": {"uv": [11, 6], "uv_size": [1, 1]},
								"east": {"uv": [7, 11], "uv_size": [1, 1]},
								"up": {"uv": [11, 7], "uv_size": [1, 1]},
								"down": {"uv": [8, 12], "uv_size": [1, -1]}
							}
						},
						{
							"origin": [-0.19768, -0.675, -3.9477],
							"size": [0.3954, 0.225, 0.3954],
							"pivot": [0.00002, 0, -3.75],
							"rotation": [0, -45, -135],
							"uv": {
								"north": {"uv": [11, 8], "uv_size": [1, 1]},
								"east": {"uv": [9, 11], "uv_size": [1, 1]},
								"up": {"uv": [11, 9], "uv_size": [1, 1]},
								"down": {"uv": [10, 12], "uv_size": [1, -1]}
							}
						},
						{
							"origin": [-0.19768, -0.675, -3.9477],
							"size": [0.3954, 0.225, 0.3954],
							"pivot": [0.00002, 0, -3.75],
							"rotation": [0, -45, -90],
							"uv": {
								"north": {"uv": [11, 10], "uv_size": [1, 1]},
								"east": {"uv": [11, 11], "uv_size": [1, 1]},
								"up": {"uv": [0, 12], "uv_size": [1, 1]},
								"down": {"uv": [12, 1], "uv_size": [1, -1]}
							}
						},
						{
							"origin": [-0.19768, -0.675, -3.9477],
							"size": [0.3954, 0.225, 0.3954],
							"pivot": [0.00002, 0, -3.75],
							"rotation": [0, -45, -45],
							"uv": {
								"north": {"uv": [1, 12], "uv_size": [1, 1]},
								"east": {"uv": [12, 1], "uv_size": [1, 1]},
								"up": {"uv": [2, 12], "uv_size": [1, 1]},
								"down": {"uv": [12, 3], "uv_size": [1, -1]}
							}
						}
					]
				}
			]
		}
	]
}