{
	"format_version": "1.12.0",
	"minecraft:geometry": [
		{
			"description": {
				"identifier": "geometry.arip_open",
				"texture_width": 256,
				"texture_height": 256,
				"visible_bounds_width": 22,
				"visible_bounds_height": 14,
				"visible_bounds_offset": [0, 2, 0]
			},
			"bones": [
				{
					"name": "scope_view",
					"pivot": [0, 3.004, 4]
				},
				{
					"name": "division",
					"pivot": [0, 0.6, 0]
				},
				{
					"name": "crosshair_illuminated",
					"parent": "division",
					"pivot": [0, 0.6, 0],
					"cubes": [
						{
							"origin": [-0.03535, 2.965, -10],
							"size": [0.0707, 0.0707, 0.025],
							"pivot": [0, 3.00035, -9.9875],
							"rotation": [0, 0, 45],
							"uv": {
								"south": {"uv": [35, 128], "uv_size": [1, 1]}
							}
						},
						{
							"origin": [0.36465, 2.865, -10],
							"size": [0.0707, 0.1707, 0.025],
							"pivot": [0.4, 3.00035, -9.9875],
							"rotation": [0, 0, 45],
							"uv": {
								"south": {"uv": [36, 128], "uv_size": [1, 1]}
							}
						},
						{
							"origin": [0.26465, 2.965, -10],
							"size": [0.1707, 0.0707, 0.025],
							"pivot": [0.4, 3.00035, -9.9875],
							"rotation": [0, 0, 45],
							"uv": {
								"south": {"uv": [37, 128], "uv_size": [1, 1]}
							}
						},
						{
							"origin": [-0.43535, 2.865, -10],
							"size": [0.0707, 0.1707, 0.025],
							"pivot": [-0.4, 3.00035, -9.9875],
							"rotation": [0, 0, -45],
							"uv": {
								"south": {"uv": [38, 128], "uv_size": [1, 1]}
							}
						},
						{
							"origin": [-0.43535, 2.965, -10],
							"size": [0.1707, 0.0707, 0.025],
							"pivot": [-0.4, 3.00035, -9.9875],
							"rotation": [0, 0, -45],
							"uv": {
								"south": {"uv": [39, 128], "uv_size": [1, 1]}
							}
						}
					]
				},
				{
					"name": "ocular",
					"pivot": [0, 0.3, -0.75],
					"cubes": [
						{
							"origin": [-1.4952, 1.4565, 1.4625],
							"size": [2.95361, 2.95361, 0.02],
							"pivot": [-0.06282, 2.8889, 4.4975],
							"rotation": [0, 0, 45],
							"uv": {
								"south": {"uv": [0, 128], "uv_size": [3, 3]}
							}
						}
					]
				},
				{
					"name": "scope_body",
					"pivot": [0, 0, -0.75]
				},
				{
					"name": "open",
					"parent": "scope_body",
					"pivot": [0, 0, -0.75],
					"cubes": [
						{
							"origin": [-0.6875, -0.3, -0.275],
							"size": [1.375, 0.3125, 0.3125],
							"pivot": [0, -0.175, -0.15],
							"rotation": [45, 0, 0],
							"uv": {
								"north": {"uv": [40, 128], "uv_size": [1, 1]},
								"east": {"uv": [41, 128], "uv_size": [1, 1]},
								"south": {"uv": [42, 128], "uv_size": [1, 1]},
								"west": {"uv": [43, 128], "uv_size": [1, 1]},
								"up": {"uv": [44, 128], "uv_size": [1, 1]},
								"down": {"uv": [45, 129], "uv_size": [1, -1]}
							}
						},
						{
							"origin": [0.32322, -0.3625, -0.75],
							"size": [0.25, 0.25, 1.25],
							"pivot": [0.44822, -0.2375, -0.2875],
							"rotation": [0, 0, 45],
							"uv": {
								"north": {"uv": [46, 128], "uv_size": [1, 1]},
								"south": {"uv": [47, 128], "uv_size": [1, 1]},
								"west": {"uv": [48, 128], "uv_size": [1, 1]},
								"down": {"uv": [49, 129], "uv_size": [1, -1]}
							}
						},
						{
							"origin": [-0.57322, -0.3625, -0.75],
							"size": [0.25, 0.25, 1.25],
							"pivot": [-0.44822, -0.2375, -0.2875],
							"rotation": [0, 0, -45],
							"uv": {
								"north": {"uv": [50, 128], "uv_size": [1, 1]},
								"east": {"uv": [51, 128], "uv_size": [1, 1]},
								"south": {"uv": [52, 128], "uv_size": [1, 1]},
								"down": {"uv": [53, 129], "uv_size": [1, -1]}
							}
						},
						{
							"origin": [-0.625, -0.2375, -0.75],
							"size": [1.25, 0.375, 1.25],
							"uv": {
								"north": {"uv": [54, 128], "uv_size": [1, 1]},
								"east": {"uv": [55, 128], "uv_size": [1, 1]},
								"south": {"uv": [56, 128], "uv_size": [1, 1]},
								"west": {"uv": [57, 128], "uv_size": [1, 1]},
								"up": {"uv": [58, 128], "uv_size": [1, 1]},
								"down": {"uv": [59, 129], "uv_size": [1, -1]}
							}
						},
						{
							"origin": [-0.625, -0.1125, -0.75],
							"size": [0.4, 0.25, 1.25],
							"pivot": [-0.625, 0.1375, 0.5],
							"rotation": [0, 0, -45],
							"uv": {
								"north": {"uv": [60, 128], "uv_size": [1, 1]},
								"south": {"uv": [61, 128], "uv_size": [1, 1]},
								"west": {"uv": [62, 128], "uv_size": [1, 1]},
								"up": {"uv": [63, 128], "uv_size": [1, 1]},
								"down": {"uv": [64, 129], "uv_size": [1, -1]}
							}
						},
						{
							"origin": [-0.875, -0.1125, 1.15],
							"size": [0.2, 0.25, 1.25],
							"pivot": [0.625, 0.1375, 1.15],
							"rotation": [0, 0, 45],
							"uv": {
								"north": {"uv": [65, 128], "uv_size": [1, 1]},
								"south": {"uv": [66, 128], "uv_size": [1, 1]},
								"west": {"uv": [67, 128], "uv_size": [1, 1]},
								"up": {"uv": [68, 128], "uv_size": [1, 1]},
								"down": {"uv": [69, 129], "uv_size": [1, -1]}
							}
						},
						{
							"origin": [-0.51319, 0.82569, -0.94474],
							"size": [0.2, 0.25, 2.2],
							"pivot": [-0.31319, 1.07569, 1.25526],
							"rotation": [0, -30, 45],
							"uv": {
								"east": {"uv": [3, 128], "uv_size": [2, 1]},
								"west": {"uv": [5, 128], "uv_size": [2, 1]},
								"up": {"uv": [7, 128], "uv_size": [1, 2]},
								"down": {"uv": [8, 130], "uv_size": [1, -2]}
							}
						},
						{
							"origin": [-0.60282, 0.66532, 0.2],
							"size": [0.2, 0.25, 2.2],
							"pivot": [-0.15282, 0.91532, 2.4],
							"rotation": [0, -30, 45],
							"uv": {
								"east": {"uv": [9, 128], "uv_size": [2, 1]},
								"west": {"uv": [11, 128], "uv_size": [2, 1]},
								"up": {"uv": [13, 128], "uv_size": [1, 2]},
								"down": {"uv": [14, 130], "uv_size": [1, -2]}
							}
						},
						{
							"origin": [0.225, -0.1125, -0.75],
							"size": [0.4, 0.25, 1.25],
							"pivot": [0.625, 0.1375, 0.5],
							"rotation": [0, 0, 45],
							"uv": {
								"north": {"uv": [70, 128], "uv_size": [1, 1]},
								"east": {"uv": [71, 128], "uv_size": [1, 1]},
								"south": {"uv": [72, 128], "uv_size": [1, 1]},
								"west": {"uv": [73, 128], "uv_size": [1, 1]},
								"up": {"uv": [74, 128], "uv_size": [1, 1]},
								"down": {"uv": [75, 129], "uv_size": [1, -1]}
							}
						},
						{
							"origin": [0.675, -0.1125, 1.15],
							"size": [0.2, 0.25, 1.25],
							"pivot": [-0.625, 0.1375, 1.15],
							"rotation": [0, 0, -45],
							"uv": {
								"north": {"uv": [76, 128], "uv_size": [1, 1]},
								"east": {"uv": [77, 128], "uv_size": [1, 1]},
								"south": {"uv": [78, 128], "uv_size": [1, 1]},
								"up": {"uv": [79, 128], "uv_size": [1, 1]},
								"down": {"uv": [80, 129], "uv_size": [1, -1]}
							}
						},
						{
							"origin": [0.40282, 0.66532, 0.2],
							"size": [0.2, 0.25, 2.2],
							"pivot": [0.15282, 0.91532, 2.4],
							"rotation": [0, 30, -45],
							"uv": {
								"east": {"uv": [15, 128], "uv_size": [2, 1]},
								"west": {"uv": [17, 128], "uv_size": [2, 1]},
								"up": {"uv": [19, 128], "uv_size": [1, 2]},
								"down": {"uv": [20, 130], "uv_size": [1, -2]}
							}
						},
						{
							"origin": [0.31319, 0.82569, -0.94474],
							"size": [0.2, 0.25, 2.2],
							"pivot": [0.31319, 1.07569, 1.25526],
							"rotation": [0, 30, -45],
							"uv": {
								"east": {"uv": [21, 128], "uv_size": [2, 1]},
								"west": {"uv": [23, 128], "uv_size": [2, 1]},
								"up": {"uv": [25, 128], "uv_size": [1, 2]},
								"down": {"uv": [26, 130], "uv_size": [1, -2]}
							}
						},
						{
							"origin": [-0.61244, 1.02138, 1.15],
							"size": [1.22487, 0.25, 1.25],
							"uv": {
								"north": {"uv": [81, 128], "uv_size": [1, 1]},
								"east": {"uv": [82, 128], "uv_size": [1, 1]},
								"south": {"uv": [83, 128], "uv_size": [1, 1]},
								"west": {"uv": [84, 128], "uv_size": [1, 1]},
								"up": {"uv": [85, 128], "uv_size": [1, 1]},
								"down": {"uv": [86, 129], "uv_size": [1, -1]}
							}
						},
						{
							"origin": [-0.125, 1.02138, 2.15],
							"size": [0.25, 0.25, 0.25],
							"pivot": [1.11244, 1.27138, 2.4],
							"rotation": [-60, 0, 0],
							"uv": {
								"north": {"uv": [87, 128], "uv_size": [1, 1]},
								"east": {"uv": [88, 128], "uv_size": [1, 1]},
								"west": {"uv": [89, 128], "uv_size": [1, 1]},
								"up": {"uv": [90, 128], "uv_size": [1, 1]},
								"down": {"uv": [91, 129], "uv_size": [1, -1]}
							}
						},
						{
							"origin": [0.54173, 1.24209, 1.15],
							"size": [0.1, 0.525, 0.5],
							"pivot": [0.54173, 1.34209, 2.4],
							"rotation": [0, 0, 45],
							"uv": {
								"north": {"uv": [92, 128], "uv_size": [1, 1]},
								"east": {"uv": [93, 128], "uv_size": [1, 1]},
								"west": {"uv": [94, 128], "uv_size": [1, 1]}
							}
						},
						{
							"origin": [0.25135, 1.28906, 0.70555],
							"size": [0.1, 0.51265, 1.24445],
							"pivot": [0.25135, 1.05171, 1.65],
							"rotation": [-45, 0, 45],
							"uv": {
								"north": {"uv": [95, 128], "uv_size": [1, 1]},
								"east": {"uv": [96, 128], "uv_size": [1, 1]},
								"west": {"uv": [97, 128], "uv_size": [1, 1]},
								"up": {"uv": [98, 128], "uv_size": [1, 1]}
							}
						},
						{
							"origin": [0.53289, 2.03325, 1.4125],
							"size": [0.1, 1.5, 0.1],
							"pivot": [0.53289, 1.33325, 2.3625],
							"rotation": [0, 0, 45],
							"uv": {
								"north": {"uv": [27, 128], "uv_size": [1, 2]},
								"east": {"uv": [28, 128], "uv_size": [1, 2]},
								"south": {"uv": [29, 128], "uv_size": [1, 2]},
								"west": {"uv": [30, 128], "uv_size": [1, 2]},
								"down": {"uv": [99, 129], "uv_size": [1, -1]}
							}
						},
						{
							"origin": [0.43289, 3.53325, 1.4125],
							"size": [0.2, 0.1, 0.1],
							"pivot": [0.53289, 1.33325, 2.3625],
							"rotation": [0, 0, 45],
							"uv": {
								"north": {"uv": [100, 128], "uv_size": [1, 1]},
								"east": {"uv": [101, 128], "uv_size": [1, 1]},
								"south": {"uv": [102, 128], "uv_size": [1, 1]},
								"west": {"uv": [103, 128], "uv_size": [1, 1]},
								"up": {"uv": [104, 128], "uv_size": [1, 1]},
								"down": {"uv": [105, 129], "uv_size": [1, -1]}
							}
						},
						{
							"origin": [-0.64173, 1.24209, 1.15],
							"size": [0.1, 0.525, 0.5],
							"pivot": [-0.54173, 1.34209, 2.4],
							"rotation": [0, 0, -45],
							"uv": {
								"north": {"uv": [106, 128], "uv_size": [1, 1]},
								"east": {"uv": [107, 128], "uv_size": [1, 1]},
								"west": {"uv": [108, 128], "uv_size": [1, 1]}
							}
						},
						{
							"origin": [-0.35135, 1.28906, 0.70555],
							"size": [0.1, 0.51265, 1.24445],
							"pivot": [-0.25135, 1.05171, 1.65],
							"rotation": [-45, 0, -45],
							"uv": {
								"north": {"uv": [109, 128], "uv_size": [1, 1]},
								"east": {"uv": [110, 128], "uv_size": [1, 1]},
								"west": {"uv": [111, 128], "uv_size": [1, 1]},
								"up": {"uv": [112, 128], "uv_size": [1, 1]}
							}
						},
						{
							"origin": [-0.63289, 2.03325, 1.4125],
							"size": [0.1, 1.5, 0.1],
							"pivot": [-0.53289, 1.33325, 2.3625],
							"rotation": [0, 0, -45],
							"uv": {
								"north": {"uv": [31, 128], "uv_size": [1, 2]},
								"east": {"uv": [32, 128], "uv_size": [1, 2]},
								"south": {"uv": [33, 128], "uv_size": [1, 2]},
								"west": {"uv": [34, 128], "uv_size": [1, 2]},
								"down": {"uv": [113, 129], "uv_size": [1, -1]}
							}
						},
						{
							"origin": [-0.63289, 3.53325, 1.4125],
							"size": [0.2, 0.1, 0.1],
							"pivot": [-0.53289, 1.33325, 2.3625],
							"rotation": [0, 0, -45],
							"uv": {
								"north": {"uv": [114, 128], "uv_size": [1, 1]},
								"east": {"uv": [115, 128], "uv_size": [1, 1]},
								"south": {"uv": [116, 128], "uv_size": [1, 1]},
								"west": {"uv": [117, 128], "uv_size": [1, 1]},
								"up": {"uv": [118, 128], "uv_size": [1, 1]},
								"down": {"uv": [119, 129], "uv_size": [1, -1]}
							}
						}
					]
				},
				{
					"name": "logo_illuminated",
					"parent": "open",
					"pivot": [0, 0, -0.75],
					"cubes": [
						{
							"origin": [0.59, 0.124, -0.775],
							"size": [0.025, 0.475, 1],
							"pivot": [0.59848, 0.14634, -0.25],
							"rotation": [0, 0, -45],
							"uv": {
								"west": {"uv": [0, 0], "uv_size": [256, 128]}
							}
						}
					]
				}
			]
		}
	]
}