{
	"format_version": "1.12.0",
	"minecraft:geometry": [
		{
			"description": {
				"identifier": "geometry.vector45 - Converted",
				"texture_width": 32,
				"texture_height": 32,
				"visible_bounds_width": 4,
				"visible_bounds_height": 2.5,
				"visible_bounds_offset": [0, 0.75, 0]
			},
			"bones": [
				{
					"name": "KRISS_Ambidextrous",
					"pivot": [0, 0, 0]
				},
				{
					"name": "base",
					"parent": "KRISS_Ambidextrous",
					"pivot": [0, -0.125, -0.425],
					"cubes": [
						{
							"origin": [-0.6326, 0.45495, -2.85],
							"size": [0.2651, 0.2651, 1.1],
							"pivot": [-0.50005, 0.5875, -10.1],
							"rotation": [0, 0, 45],
							"uv": {
								"north": {"uv": [19, 18], "uv_size": [0.25, 0.25]},
								"east": {"uv": [17, 7], "uv_size": [1, 0.25]}
							}
						},
						{
							"origin": [0.3675, 0.45495, -2.85],
							"size": [0.2651, 0.2651, 1.1],
							"pivot": [0.50005, 0.5875, -10.1],
							"rotation": [0, 0, -45],
							"uv": {
								"north": {"uv": [19, 19], "uv_size": [0.25, 0.25]},
								"west": {"uv": [17, 8], "uv_size": [1, 0.25]}
							}
						},
						{
							"origin": [-0.5, 0.5875, -2.85],
							"size": [1, 0.1875, 1.1],
							"uv": {
								"north": {"uv": [17, 9], "uv_size": [1, 0.25]},
								"up": {"uv": [13, 0], "uv_size": [1, 1]}
							}
						},
						{
							"origin": [-0.6875, -0.6625, -2.85],
							"size": [1.375, 1.25, 1.1],
							"uv": {
								"north": {"uv": [6, 9], "uv_size": [1.5, 1.25]},
								"east": {"uv": [11, 6], "uv_size": [1, 1.25]},
								"west": {"uv": [7, 11], "uv_size": [1, 1.25]},
								"down": {"uv": [10, 3], "uv_size": [1.5, -1]}
							}
						},
						{
							"origin": [-0.5, -1.025, -2.475],
							"size": [1, 0.175, 0.725],
							"pivot": [-0.5, -1.025, -1.75],
							"rotation": [-30, 0, 0],
							"uv": {
								"east": {"uv": [1, 18], "uv_size": [0.75, 0.25]},
								"west": {"uv": [18, 1], "uv_size": [0.75, 0.25]},
								"down": {"uv": [2, 15.75], "uv_size": [1, -0.75]}
							}
						},
						{
							"origin": [-0.675, -0.825, -2.075],
							"size": [1.35, 0.15, 0.325],
							"pivot": [-0.5, -0.825, -1.75],
							"rotation": [-30, 0, 0],
							"uv": {
								"east": {"uv": [0, 20], "uv_size": [0.25, 0.25]},
								"west": {"uv": [20, 0], "uv_size": [0.25, 0.25]},
								"down": {"uv": [17, 5.25], "uv_size": [1.25, -0.25]}
							}
						},
						{
							"origin": [-0.9, -0.625, -1.75],
							"size": [1.8, 1, 1.25],
							"uv": {
								"north": {"uv": [5, 3], "uv_size": [1.75, 1]},
								"east": {"uv": [11, 8], "uv_size": [1.25, 1]},
								"south": {"uv": [7, 3], "uv_size": [1.75, 1]},
								"west": {"uv": [11, 9], "uv_size": [1.25, 1]}
							}
						},
						{
							"origin": [-0.5, -1.025, -1.75],
							"size": [1, 1.8, 1.25],
							"uv": {
								"south": {"uv": [8, 9], "uv_size": [1, 1.75]},
								"up": {"uv": [8, 11], "uv_size": [1, 1.25]},
								"down": {"uv": [11, 11.25], "uv_size": [1, -1.25]}
							}
						},
						{
							"origin": [0.34505, -0.9701, -1.75],
							"size": [0.2875, 0.56562, 1.25],
							"pivot": [0.5, -0.83755, -9.1],
							"rotation": [0, 0, 45],
							"uv": {
								"north": {"uv": [0, 19], "uv_size": [0.25, 0.5]},
								"south": {"uv": [19, 0], "uv_size": [0.25, 0.5]},
								"west": {"uv": [13, 15], "uv_size": [1.25, 0.5]}
							}
						},
						{
							"origin": [-0.63265, -0.9701, -1.75],
							"size": [0.2875, 0.56562, 1.25],
							"pivot": [-0.5001, -0.83755, -9.1],
							"rotation": [0, 0, -45],
							"uv": {
								"north": {"uv": [1, 19], "uv_size": [0.25, 0.5]},
								"east": {"uv": [15, 13], "uv_size": [1.25, 0.5]},
								"south": {"uv": [19, 1], "uv_size": [0.25, 0.5]}
							}
						},
						{
							"origin": [-0.6326, 0.15443, -1.75],
							"size": [0.2875, 0.56562, 1.25],
							"pivot": [-0.50005, 0.5875, -9.1],
							"rotation": [0, 0, 45],
							"uv": {
								"north": {"uv": [2, 19], "uv_size": [0.25, 0.5]},
								"east": {"uv": [15, 14], "uv_size": [1.25, 0.5]},
								"south": {"uv": [19, 2], "uv_size": [0.25, 0.5]}
							}
						},
						{
							"origin": [0.3451, 0.15443, -1.75],
							"size": [0.2875, 0.56562, 1.25],
							"pivot": [0.50005, 0.5875, -9.1],
							"rotation": [0, 0, -45],
							"uv": {
								"north": {"uv": [3, 19], "uv_size": [0.25, 0.5]},
								"south": {"uv": [19, 3], "uv_size": [0.25, 0.5]},
								"west": {"uv": [15, 15], "uv_size": [1.25, 0.5]}
							}
						},
						{
							"origin": [0.2076, -0.97012, -0.5],
							"size": [0.28358, 0.56569, 0.5],
							"pivot": [0.50005, -0.8375, -9.1],
							"rotation": [0, 0, 45],
							"uv": {
								"south": {"uv": [4, 19], "uv_size": [0.25, 0.5]},
								"west": {"uv": [10, 17], "uv_size": [0.5, 0.5]}
							}
						},
						{
							"origin": [-0.49118, -0.97012, -0.5],
							"size": [0.28358, 0.56569, 0.5],
							"pivot": [-0.50005, -0.8375, -9.1],
							"rotation": [0, 0, -45],
							"uv": {
								"east": {"uv": [17, 10], "uv_size": [0.5, 0.5]}
							}
						},
						{
							"origin": [-0.49118, 0.15443, -0.5],
							"size": [0.28358, 0.56569, 0.5],
							"pivot": [-0.50005, 0.5875, -9.1],
							"rotation": [0, 0, 45],
							"uv": {
								"east": {"uv": [11, 17], "uv_size": [0.5, 0.5]}
							}
						},
						{
							"origin": [0.2076, 0.15443, -0.5],
							"size": [0.28358, 0.56569, 0.5],
							"pivot": [0.50005, 0.5875, -9.1],
							"rotation": [0, 0, -45],
							"uv": {
								"south": {"uv": [19, 4], "uv_size": [0.25, 0.5]},
								"west": {"uv": [17, 11], "uv_size": [0.5, 0.5]}
							}
						},
						{
							"origin": [0.13762, -0.73344, 0],
							"size": [0.35355, 0.35355, 0.75],
							"pivot": [0.50005, -0.5125, -8.6],
							"rotation": [0, 0, -45],
							"uv": {
								"south": {"uv": [1, 20], "uv_size": [0.25, 0.25]},
								"west": {"uv": [2, 18], "uv_size": [0.75, 0.25]},
								"down": {"uv": [18, 2.75], "uv_size": [0.25, -0.75]}
							}
						},
						{
							"origin": [0.13762, 0.36656, 0],
							"size": [0.35355, 0.35355, 0.75],
							"pivot": [0.50005, 0.5875, -8.6],
							"rotation": [0, 0, -45],
							"uv": {
								"south": {"uv": [21, 5], "uv_size": [0.25, 0.25]},
								"west": {"uv": [18, 17], "uv_size": [0.75, 0.25]},
								"down": {"uv": [18, 18.75], "uv_size": [0.25, -0.75]}
							}
						},
						{
							"origin": [-0.8, -0.525, -0.5],
							"size": [1.6, 0.8, 0.5],
							"uv": {
								"east": {"uv": [16, 9], "uv_size": [0.5, 0.75]},
								"south": {"uv": [12, 5], "uv_size": [1.5, 0.75]},
								"west": {"uv": [16, 10], "uv_size": [0.5, 0.75]}
							}
						},
						{
							"origin": [-0.4, -0.925, -0.5],
							"size": [0.8, 1.6, 0.5],
							"uv": {
								"up": {"uv": [16, 11], "uv_size": [0.75, 0.5]},
								"down": {"uv": [12, 16.5], "uv_size": [0.75, -0.5]}
							}
						},
						{
							"origin": [-1.19194, 0.175, 0.15983],
							"size": [0.14142, 0.5, 0.28284],
							"pivot": [-0.75, 0.375, 0.425],
							"rotation": [0, 45, 0],
							"uv": {
								"east": {"uv": [5, 19], "uv_size": [0.25, 0.5]},
								"up": {"uv": [20, 1], "uv_size": [0.25, 0.25]},
								"down": {"uv": [2, 20.25], "uv_size": [0.25, -0.25]}
							}
						},
						{
							"origin": [-1.25, 0.175, 0.2],
							"size": [0.2, 0.5, 0.35],
							"uv": {
								"east": {"uv": [19, 5], "uv_size": [0.25, 0.5]},
								"up": {"uv": [20, 2], "uv_size": [0.25, 0.25]},
								"down": {"uv": [3, 20.25], "uv_size": [0.25, -0.25]}
							}
						},
						{
							"origin": [-1.19194, 0.175, 0.30732],
							"size": [0.14142, 0.5, 0.28284],
							"pivot": [-0.75, 0.375, 0.325],
							"rotation": [0, -45, 0],
							"uv": {
								"east": {"uv": [6, 19], "uv_size": [0.25, 0.5]},
								"up": {"uv": [20, 3], "uv_size": [0.25, 0.25]},
								"down": {"uv": [4, 20.25], "uv_size": [0.25, -0.25]}
							}
						},
						{
							"origin": [-1.05, 0.175, 0],
							"size": [1.45, 0.5, 0.75],
							"uv": {
								"north": {"uv": [3, 15], "uv_size": [1.5, 0.5]},
								"south": {"uv": [5, 15], "uv_size": [1.5, 0.5]},
								"up": {"uv": [12, 6], "uv_size": [1.5, 0.75]},
								"down": {"uv": [12, 7.75], "uv_size": [1.5, -0.75]}
							}
						},
						{
							"origin": [-1.19194, -0.925, 0.15983],
							"size": [0.14142, 0.5, 0.28284],
							"pivot": [-0.75, -0.725, 0.425],
							"rotation": [0, 45, 0],
							"uv": {
								"east": {"uv": [18, 19], "uv_size": [0.25, 0.5]},
								"up": {"uv": [21, 7], "uv_size": [0.25, 0.25]},
								"down": {"uv": [8, 21.25], "uv_size": [0.25, -0.25]}
							}
						},
						{
							"origin": [-1.25, -0.925, 0.2],
							"size": [0.2, 0.5, 0.35],
							"uv": {
								"east": {"uv": [19, 17], "uv_size": [0.25, 0.5]},
								"down": {"uv": [7, 21.25], "uv_size": [0.25, -0.25]}
							}
						},
						{
							"origin": [-1.19194, -0.925, 0.30732],
							"size": [0.14142, 0.5, 0.28284],
							"pivot": [-0.75, -0.725, 0.325],
							"rotation": [0, -45, 0],
							"uv": {
								"east": {"uv": [17, 19], "uv_size": [0.25, 0.5]},
								"up": {"uv": [6, 21], "uv_size": [0.25, 0.25]},
								"down": {"uv": [21, 6.25], "uv_size": [0.25, -0.25]}
							}
						},
						{
							"origin": [-1.05, -0.925, 0],
							"size": [1.45, 0.5, 0.75],
							"uv": {
								"north": {"uv": [15, 7], "uv_size": [1.5, 0.5]},
								"south": {"uv": [15, 8], "uv_size": [1.5, 0.5]},
								"up": {"uv": [10, 12], "uv_size": [1.5, 0.75]},
								"down": {"uv": [12, 10.75], "uv_size": [1.5, -0.75]}
							}
						}
					]
				},
				{
					"name": "fold",
					"parent": "KRISS_Ambidextrous",
					"pivot": [-0.875, -0.125, 0.375]
				},
				{
					"name": "adapt",
					"parent": "fold",
					"pivot": [0, -0.125, 0.475],
					"cubes": [
						{
							"origin": [-0.3, -0.725, 2],
							"size": [0.6, 1.2, 5],
							"uv": {
								"east": {"uv": [0, 0], "uv_size": [5, 1.25]},
								"south": {"uv": [0, 16], "uv_size": [0.5, 1.25]},
								"west": {"uv": [0, 2], "uv_size": [5, 1.25]},
								"up": {"uv": [5, 9], "uv_size": [0.5, 5]},
								"down": {"uv": [9, 10], "uv_size": [0.5, -5]}
							}
						},
						{
							"origin": [-1.63579, 0.675, -1.21421],
							"size": [0.35, 0.25, 0.35],
							"pivot": [-2.875, 0.8, 0.375],
							"rotation": [0, -45, 0],
							"uv": {
								"north": {"uv": [20, 4], "uv_size": [0.25, 0.25]},
								"east": {"uv": [5, 20], "uv_size": [0.25, 0.25]},
								"south": {"uv": [20, 5], "uv_size": [0.25, 0.25]},
								"west": {"uv": [6, 20], "uv_size": [0.25, 0.25]},
								"up": {"uv": [20, 6], "uv_size": [0.25, 0.25]}
							}
						},
						{
							"origin": [-1.05, -0.425, 0],
							"size": [1.75, 0.6, 0.75],
							"uv": {
								"north": {"uv": [14, 0], "uv_size": [1.75, 0.5]},
								"south": {"uv": [4, 14], "uv_size": [1.75, 0.5]},
								"west": {"uv": [16, 12], "uv_size": [0.75, 0.5]},
								"up": {"uv": [11, 0], "uv_size": [1.75, 0.75]},
								"down": {"uv": [2, 11.75], "uv_size": [1.75, -0.75]}
							}
						},
						{
							"origin": [-1.25, -0.425, 0.2],
							"size": [0.2, 0.6, 0.35],
							"uv": {
								"east": {"uv": [19, 6], "uv_size": [0.25, 0.5]},
								"up": {"uv": [7, 20], "uv_size": [0.25, 0.25]},
								"down": {"uv": [20, 7.25], "uv_size": [0.25, -0.25]}
							}
						},
						{
							"origin": [-1.77773, -0.425, 1.57404],
							"size": [0.14142, 0.6, 0.28284],
							"pivot": [-2.75, -0.125, 0.425],
							"rotation": [0, 45, 0],
							"uv": {
								"east": {"uv": [7, 19], "uv_size": [0.25, 0.5]},
								"up": {"uv": [8, 20], "uv_size": [0.25, 0.25]},
								"down": {"uv": [20, 8.25], "uv_size": [0.25, -0.25]}
							}
						},
						{
							"origin": [-1.77773, -0.425, -1.10689],
							"size": [0.14142, 0.6, 0.28284],
							"pivot": [-2.75, -0.125, 0.325],
							"rotation": [0, -45, 0],
							"uv": {
								"east": {"uv": [19, 7], "uv_size": [0.25, 0.5]},
								"up": {"uv": [9, 20], "uv_size": [0.25, 0.25]},
								"down": {"uv": [20, 9.25], "uv_size": [0.25, -0.25]}
							}
						},
						{
							"origin": [0.2076, 0.15443, 0.7625],
							"size": [0.28358, 0.56569, 0.25],
							"pivot": [0.50005, 0.5875, -8.8375],
							"rotation": [0, 0, -45],
							"uv": {
								"north": {"uv": [8, 19], "uv_size": [0.25, 0.5]},
								"south": {"uv": [19, 8], "uv_size": [0.25, 0.5]},
								"west": {"uv": [9, 19], "uv_size": [0.25, 0.5]}
							}
						},
						{
							"origin": [-0.8, -0.525, 0.7625],
							"size": [1.6, 0.8, 0.25],
							"uv": {
								"north": {"uv": [12, 11], "uv_size": [1.5, 0.75]},
								"east": {"uv": [3, 18], "uv_size": [0.25, 0.75]},
								"south": {"uv": [12, 12], "uv_size": [1.5, 0.75]},
								"west": {"uv": [18, 3], "uv_size": [0.25, 0.75]}
							}
						},
						{
							"origin": [-0.49118, 0.15443, 0.7625],
							"size": [0.28358, 0.56569, 0.25],
							"pivot": [-0.50005, 0.5875, -8.8375],
							"rotation": [0, 0, 45],
							"uv": {
								"north": {"uv": [19, 9], "uv_size": [0.25, 0.5]},
								"east": {"uv": [10, 19], "uv_size": [0.25, 0.5]},
								"south": {"uv": [19, 10], "uv_size": [0.25, 0.5]}
							}
						},
						{
							"origin": [-0.49118, 0.43728, 1.0125],
							"size": [0.28358, 0.28284, 0.9875],
							"pivot": [-0.50005, 0.5875, -9.1],
							"rotation": [0, 0, 45],
							"uv": {
								"east": {"uv": [12, 17], "uv_size": [1, 0.25]},
								"south": {"uv": [10, 20], "uv_size": [0.25, 0.25]}
							}
						},
						{
							"origin": [0.2076, 0.43728, 1.0125],
							"size": [0.28358, 0.28284, 0.9875],
							"pivot": [0.50005, 0.5875, -9.1],
							"rotation": [0, 0, -45],
							"uv": {
								"south": {"uv": [20, 10], "uv_size": [0.25, 0.25]},
								"west": {"uv": [17, 12], "uv_size": [1, 0.25]}
							}
						},
						{
							"origin": [-0.49118, -0.97012, 1.0125],
							"size": [0.28358, 0.28284, 0.9875],
							"pivot": [-0.50005, -0.8375, -9.1],
							"rotation": [0, 0, -45],
							"uv": {
								"east": {"uv": [13, 17], "uv_size": [1, 0.25]},
								"south": {"uv": [11, 20], "uv_size": [0.25, 0.25]}
							}
						},
						{
							"origin": [0.2076, -0.97012, 1.0125],
							"size": [0.28358, 0.28284, 0.9875],
							"pivot": [0.50005, -0.8375, -9.1],
							"rotation": [0, 0, 45],
							"uv": {
								"south": {"uv": [20, 11], "uv_size": [0.25, 0.25]},
								"west": {"uv": [17, 13], "uv_size": [1, 0.25]}
							}
						},
						{
							"origin": [-0.49118, -0.97012, 0.7625],
							"size": [0.28358, 0.56569, 0.25],
							"pivot": [-0.50005, -0.8375, -8.8375],
							"rotation": [0, 0, -45],
							"uv": {
								"north": {"uv": [11, 19], "uv_size": [0.25, 0.5]},
								"east": {"uv": [19, 11], "uv_size": [0.25, 0.5]},
								"south": {"uv": [12, 19], "uv_size": [0.25, 0.5]}
							}
						},
						{
							"origin": [0.2076, -0.97012, 0.7625],
							"size": [0.28358, 0.56569, 0.25],
							"pivot": [0.50005, -0.8375, -8.8375],
							"rotation": [0, 0, 45],
							"uv": {
								"north": {"uv": [19, 12], "uv_size": [0.25, 0.5]},
								"south": {"uv": [13, 19], "uv_size": [0.25, 0.5]},
								"west": {"uv": [19, 13], "uv_size": [0.25, 0.5]}
							}
						},
						{
							"origin": [-0.4, -0.925, 0.7625],
							"size": [0.8, 1.6, 1.2375],
							"uv": {
								"north": {"uv": [4, 12], "uv_size": [0.75, 1.5]},
								"south": {"uv": [2, 13], "uv_size": [0.75, 1.5]},
								"up": {"uv": [13, 13], "uv_size": [0.75, 1.25]},
								"down": {"uv": [0, 15.25], "uv_size": [0.75, -1.25]}
							}
						},
						{
							"origin": [-0.6, -0.725, 1.0125],
							"size": [1.2, 1.2, 0.9875],
							"uv": {
								"east": {"uv": [0, 12], "uv_size": [1, 1.25]},
								"south": {"uv": [0, 10], "uv_size": [1.25, 1.25]},
								"west": {"uv": [1, 12], "uv_size": [1, 1.25]},
								"down": {"uv": [2, 13], "uv_size": [1.25, -1]}
							}
						}
					]
				},
				{
					"name": "stock",
					"parent": "fold",
					"pivot": [0, 0.175, 1.975],
					"cubes": [
						{
							"origin": [-0.5375, -0.05, 2.1],
							"size": [1.075, 0.625, 5.45],
							"uv": {
								"north": {"uv": [15, 9], "uv_size": [1, 0.75]},
								"east": {"uv": [4, 4], "uv_size": [5.5, 0.75]},
								"south": {"uv": [15, 10], "uv_size": [1, 0.75]},
								"west": {"uv": [5, 0], "uv_size": [5.5, 0.75]},
								"up": {"uv": [0, 4], "uv_size": [1, 5.5]},
								"down": {"uv": [1, 9.5], "uv_size": [1, -5.5]}
							}
						},
						{
							"origin": [-0.4, 0.275, 7.55],
							"size": [0.8, 0.1875, 0.775],
							"uv": {
								"east": {"uv": [4, 18], "uv_size": [0.75, 0.25]},
								"south": {"uv": [18, 4], "uv_size": [0.75, 0.25]},
								"west": {"uv": [5, 18], "uv_size": [0.75, 0.25]},
								"down": {"uv": [16, 0.75], "uv_size": [0.75, -0.75]}
							}
						},
						{
							"origin": [-0.4, -0.2, 8.025],
							"size": [0.8, 0.475, 0.325],
							"uv": {
								"north": {"uv": [13, 16], "uv_size": [0.75, 0.5]},
								"east": {"uv": [14, 19], "uv_size": [0.25, 0.5]},
								"west": {"uv": [19, 14], "uv_size": [0.25, 0.5]}
							}
						},
						{
							"origin": [-0.4, -0.2, 8.35],
							"size": [0.8, 0.25, 0.25],
							"uv": {
								"east": {"uv": [12, 20], "uv_size": [0.25, 0.25]},
								"west": {"uv": [20, 12], "uv_size": [0.25, 0.25]}
							}
						},
						{
							"origin": [-0.4, -0.2, 9.025],
							"size": [0.8, 0.175, 0.175],
							"uv": {
								"north": {"uv": [6, 18], "uv_size": [0.75, 0.25]},
								"east": {"uv": [13, 20], "uv_size": [0.25, 0.25]},
								"west": {"uv": [20, 13], "uv_size": [0.25, 0.25]}
							}
						},
						{
							"origin": [-0.4, 0.16402, 8.03081],
							"size": [0.8, 0.21213, 0.10607],
							"pivot": [0.1, 0.1375, 8.075],
							"rotation": [45, 0, 0],
							"uv": {
								"north": {"uv": [7, 18], "uv_size": [0.75, 0.25]},
								"east": {"uv": [14, 20], "uv_size": [0.25, 0.25]},
								"west": {"uv": [20, 14], "uv_size": [0.25, 0.25]}
							}
						},
						{
							"origin": [-0.4, 0.16402, 7.43813],
							"size": [0.8, 0.21213, 0.10607],
							"pivot": [0.1, 0.1375, 7.5],
							"rotation": [-45, 0, 0],
							"uv": {
								"east": {"uv": [15, 20], "uv_size": [0.25, 0.25]},
								"south": {"uv": [18, 7], "uv_size": [0.75, 0.25]},
								"west": {"uv": [20, 15], "uv_size": [0.25, 0.25]}
							}
						},
						{
							"origin": [-0.4, -0.30115, 8.03081],
							"size": [0.8, 0.21213, 0.10607],
							"pivot": [0.1, -0.0625, 8.075],
							"rotation": [-45, 0, 0],
							"uv": {
								"north": {"uv": [8, 18], "uv_size": [0.75, 0.25]},
								"east": {"uv": [16, 20], "uv_size": [0.25, 0.25]},
								"west": {"uv": [20, 16], "uv_size": [0.25, 0.25]}
							}
						},
						{
							"origin": [-0.4, -0.30115, 7.43813],
							"size": [0.8, 0.21213, 0.10607],
							"pivot": [0.1, -0.0625, 7.5],
							"rotation": [45, 0, 0],
							"uv": {
								"east": {"uv": [17, 20], "uv_size": [0.25, 0.25]},
								"south": {"uv": [18, 8], "uv_size": [0.75, 0.25]},
								"west": {"uv": [20, 17], "uv_size": [0.25, 0.25]}
							}
						},
						{
							"origin": [-0.4, -0.25, 2.1],
							"size": [0.8, 0.2, 0.25],
							"uv": {
								"north": {"uv": [9, 18], "uv_size": [0.75, 0.25]},
								"east": {"uv": [18, 20], "uv_size": [0.25, 0.25]},
								"west": {"uv": [20, 18], "uv_size": [0.25, 0.25]}
							}
						},
						{
							"origin": [-0.4, -0.875, 2.8],
							"size": [0.8, 0.825, 4.75],
							"uv": {
								"east": {"uv": [5, 1], "uv_size": [4.75, 0.75]},
								"west": {"uv": [5, 2], "uv_size": [4.75, 0.75]}
							}
						},
						{
							"origin": [-0.4, -1.1, 2.95],
							"size": [0.8, 0.225, 4.9],
							"uv": {
								"east": {"uv": [12, 2], "uv_size": [5, 0.25]},
								"west": {"uv": [12, 4], "uv_size": [5, 0.25]},
								"down": {"uv": [4, 10], "uv_size": [0.75, -5]}
							}
						},
						{
							"origin": [-0.4, -1.1, 7.825],
							"size": [0.8, 0.4, 1.625],
							"pivot": [-0.4, -1.1, 7.85],
							"rotation": [-6, 0, 0],
							"uv": {
								"east": {"uv": [14, 5], "uv_size": [1.75, 0.5]},
								"west": {"uv": [14, 6], "uv_size": [1.75, 0.5]},
								"down": {"uv": [6, 12.75], "uv_size": [0.75, -1.75]}
							}
						},
						{
							"origin": [-0.3, 3.35084, 6.83692],
							"size": [0.6, 0.2, 1.1625],
							"pivot": [0.1, 0.15118, 1.93692],
							"rotation": [-45, 0, 0],
							"uv": {
								"east": {"uv": [6, 17], "uv_size": [1.25, 0.25]},
								"west": {"uv": [17, 6], "uv_size": [1.25, 0.25]},
								"down": {"uv": [1, 17.25], "uv_size": [0.5, -1.25]}
							}
						},
						{
							"origin": [-0.4, 3.55084, 7.12442],
							"size": [0.8, 0.5, 0.875],
							"pivot": [0.1, 0.15118, 1.93692],
							"rotation": [-45, 0, 0],
							"uv": {
								"east": {"uv": [16, 6], "uv_size": [1, 0.5]},
								"west": {"uv": [7, 16], "uv_size": [1, 0.5]},
								"down": {"uv": [15, 12], "uv_size": [0.75, -1]}
							}
						},
						{
							"origin": [-0.5, 4.00084, 7.12442],
							"size": [1, 0.25, 0.25],
							"pivot": [0.1, 0.15118, 1.93692],
							"rotation": [-45, 0, 0],
							"uv": {
								"north": {"uv": [14, 17], "uv_size": [1, 0.25]},
								"east": {"uv": [19, 20], "uv_size": [0.25, 0.25]},
								"south": {"uv": [17, 14], "uv_size": [1, 0.25]},
								"west": {"uv": [20, 19], "uv_size": [0.25, 0.25]},
								"up": {"uv": [15, 17], "uv_size": [1, 0.25]},
								"down": {"uv": [17, 15.25], "uv_size": [1, -0.25]}
							}
						},
						{
							"origin": [-0.4, -0.875, 7.55],
							"size": [0.8, 0.675, 1.9375],
							"uv": {
								"east": {"uv": [10, 4], "uv_size": [2, 0.75]},
								"west": {"uv": [10, 5], "uv_size": [2, 0.75]},
								"up": {"uv": [4, 10], "uv_size": [0.75, 2]}
							}
						},
						{
							"origin": [-0.4, -1.50867, 1.78661],
							"size": [0.8, 1.20209, 0.61872],
							"pivot": [0.1, 0.1, 1.875],
							"rotation": [45, 0, 0],
							"uv": {
								"north": {"uv": [1, 14], "uv_size": [0.75, 1.25]},
								"east": {"uv": [2, 16], "uv_size": [0.5, 1.25]},
								"west": {"uv": [3, 16], "uv_size": [0.5, 1.25]}
							}
						},
						{
							"origin": [-0.5, -0.2, 2.5875],
							"size": [1, 0.25, 0.25],
							"pivot": [0.1, -0.075, 2.7125],
							"rotation": [-45, 0, 0],
							"uv": {
								"north": {"uv": [16, 17], "uv_size": [1, 0.25]},
								"east": {"uv": [20, 20], "uv_size": [0.25, 0.25]},
								"south": {"uv": [17, 17], "uv_size": [1, 0.25]},
								"west": {"uv": [0, 21], "uv_size": [0.25, 0.25]},
								"up": {"uv": [0, 18], "uv_size": [1, 0.25]},
								"down": {"uv": [18, 0.25], "uv_size": [1, -0.25]}
							}
						},
						{
							"origin": [-0.4, 0.4625, 2.1],
							"size": [0.8, 0.25, 6.5],
							"uv": {
								"north": {"uv": [18, 9], "uv_size": [0.75, 0.25]},
								"east": {"uv": [9, 3], "uv_size": [6.5, 0.25]},
								"west": {"uv": [10, 1], "uv_size": [6.5, 0.25]},
								"up": {"uv": [2, 4], "uv_size": [0.75, 6.5]},
								"down": {"uv": [3, 10.5], "uv_size": [0.75, -6.5]}
							}
						},
						{
							"origin": [0.33617, 0.55839, 2.1],
							"size": [0.19445, 0.1, 5.45],
							"pivot": [0.43339, 0.60839, 5.35],
							"rotation": [0, 0, 45],
							"uv": {
								"north": {"uv": [21, 4], "uv_size": [0.25, 0.25]},
								"south": {"uv": [5, 21], "uv_size": [0.25, 0.25]},
								"up": {"uv": [9, 10], "uv_size": [0.25, 5.5]}
							}
						},
						{
							"origin": [-0.53062, 0.55839, 2.1],
							"size": [0.19445, 0.1, 5.45],
							"pivot": [-0.43339, 0.60839, 5.35],
							"rotation": [0, 0, -45],
							"uv": {
								"north": {"uv": [21, 3], "uv_size": [0.25, 0.25]},
								"south": {"uv": [4, 21], "uv_size": [0.25, 0.25]},
								"up": {"uv": [10, 6], "uv_size": [0.25, 5.5]}
							}
						},
						{
							"origin": [-0.4, 4.98965, 6.27951],
							"size": [0.8, 0.25, 1.6],
							"pivot": [0.1, 0.175, 1.975],
							"rotation": [-45, 0, 0],
							"uv": {
								"east": {"uv": [14, 16], "uv_size": [1.5, 0.25]},
								"west": {"uv": [16, 16], "uv_size": [1.5, 0.25]},
								"up": {"uv": [3, 13], "uv_size": [0.75, 1.5]},
								"down": {"uv": [6, 14.5], "uv_size": [0.75, -1.5]}
							}
						},
						{
							"origin": [-0.4, -4.3254, 9.48137],
							"size": [0.8, 3.90653, 0.25],
							"pivot": [-0.4, -0.41887, 9.73137],
							"rotation": [-3.25, 0, 0],
							"uv": {
								"north": {"uv": [5, 5], "uv_size": [0.75, 4]},
								"east": {"uv": [10, 13], "uv_size": [0.25, 4]},
								"south": {"uv": [6, 5], "uv_size": [0.75, 4]},
								"west": {"uv": [11, 13], "uv_size": [0.25, 4]}
							}
						},
						{
							"origin": [-0.4, -5.16911, 9.2599],
							"size": [0.8, 0.85, 0.25],
							"pivot": [-0.4, -4.31911, 9.5099],
							"rotation": [-35.75, 0, 0],
							"uv": {
								"north": {"uv": [16, 3], "uv_size": [0.75, 0.75]},
								"east": {"uv": [10, 18], "uv_size": [0.25, 0.75]},
								"south": {"uv": [4, 16], "uv_size": [0.75, 0.75]},
								"west": {"uv": [18, 10], "uv_size": [0.25, 0.75]}
							}
						},
						{
							"origin": [-0.4, -5.00895, 8.81329],
							"size": [0.8, 3.5, 0.2],
							"pivot": [-0.4, -5.00895, 9.01329],
							"rotation": [3.25, 0, 0],
							"uv": {
								"north": {"uv": [7, 5], "uv_size": [0.75, 3.5]},
								"east": {"uv": [14, 7], "uv_size": [0.25, 3.5]},
								"south": {"uv": [8, 5], "uv_size": [0.75, 3.5]},
								"west": {"uv": [14, 11], "uv_size": [0.25, 3.5]},
								"down": {"uv": [11, 18.25], "uv_size": [0.75, -0.25]}
							}
						},
						{
							"origin": [-0.2, -4.30895, 8.86329],
							"size": [0.4, 2.25, 0.525],
							"uv": {
								"east": {"uv": [7, 13], "uv_size": [0.5, 2.25]},
								"west": {"uv": [8, 13], "uv_size": [0.5, 2.25]}
							}
						},
						{
							"origin": [-0.2, -4.60895, 8.96329],
							"size": [0.4, 0.3, 0.25],
							"uv": {
								"east": {"uv": [21, 0], "uv_size": [0.25, 0.25]},
								"west": {"uv": [1, 21], "uv_size": [0.25, 0.25]}
							}
						},
						{
							"origin": [-0.4, -2.46033, 8.796],
							"size": [0.8, 0.675, 0.2625],
							"pivot": [0, -2.18533, 8.9585],
							"rotation": [-38, 0, 0],
							"uv": {
								"east": {"uv": [18, 11], "uv_size": [0.25, 0.75]},
								"south": {"uv": [5, 16], "uv_size": [0.75, 0.75]},
								"west": {"uv": [12, 18], "uv_size": [0.25, 0.75]}
							}
						},
						{
							"origin": [-0.4, -2.07, 8.7875],
							"size": [0.8, 0.875, 0.65],
							"uv": {
								"east": {"uv": [12, 15], "uv_size": [0.75, 1]},
								"west": {"uv": [15, 12], "uv_size": [0.75, 1]},
								"down": {"uv": [16, 5.75], "uv_size": [0.75, -0.75]}
							}
						},
						{
							"origin": [-0.3, -4.80895, 8.26329],
							"size": [0.6, 1.87796, 0.25],
							"pivot": [-0.4, -5.00895, 8.51329],
							"rotation": [3.25, 0, 0],
							"uv": {
								"north": {"uv": [13, 8], "uv_size": [0.5, 2]},
								"east": {"uv": [8, 16], "uv_size": [0.25, 2]},
								"south": {"uv": [12, 13], "uv_size": [0.5, 2]},
								"west": {"uv": [9, 16], "uv_size": [0.25, 2]}
							}
						},
						{
							"origin": [-0.3, -2.93099, 8.51329],
							"size": [0.6, 0.325, 0.3],
							"pivot": [-0.4, -5.00895, 8.51329],
							"rotation": [3.25, 0, 0],
							"uv": {
								"east": {"uv": [21, 1], "uv_size": [0.25, 0.25]},
								"west": {"uv": [2, 21], "uv_size": [0.25, 0.25]},
								"down": {"uv": [15, 19.25], "uv_size": [0.5, -0.25]}
							}
						},
						{
							"origin": [-0.3, -2.54349, 8.63829],
							"size": [0.6, 0.8, 0.175],
							"pivot": [-0.4, -5.00895, 8.51329],
							"rotation": [3.25, 0, 0],
							"uv": {
								"north": {"uv": [17, 0], "uv_size": [0.5, 0.75]},
								"east": {"uv": [18, 12], "uv_size": [0.25, 0.75]},
								"west": {"uv": [13, 18], "uv_size": [0.25, 0.75]}
							}
						},
						{
							"origin": [-0.3, -2.94851, 8.14588],
							"size": [0.6, 0.64046, 0.275],
							"pivot": [-0.4, -2.94851, 8.14588],
							"rotation": [-33, 0, 0],
							"uv": {
								"north": {"uv": [17, 1], "uv_size": [0.5, 0.75]},
								"east": {"uv": [18, 13], "uv_size": [0.25, 0.75]},
								"south": {"uv": [17, 2], "uv_size": [0.5, 0.75]},
								"west": {"uv": [14, 18], "uv_size": [0.25, 0.75]}
							}
						},
						{
							"origin": [-0.3, -5.02029, 8.06361],
							"size": [0.6, 0.17796, 0.75],
							"pivot": [-0.4, -5.02029, 8.81361],
							"rotation": [-6.75, 0, 0],
							"uv": {
								"north": {"uv": [19, 15], "uv_size": [0.5, 0.25]},
								"east": {"uv": [18, 14], "uv_size": [0.75, 0.25]},
								"west": {"uv": [15, 18], "uv_size": [0.75, 0.25]},
								"up": {"uv": [17, 3], "uv_size": [0.5, 0.75]},
								"down": {"uv": [4, 17.75], "uv_size": [0.5, -0.75]}
							}
						},
						{
							"origin": [-0.3, -5.10541, 7.99594],
							"size": [0.6, 0.29046, 0.15],
							"pivot": [-0.4, -5.10541, 8.69594],
							"rotation": [-30, 0, 0],
							"uv": {
								"north": {"uv": [16, 19], "uv_size": [0.5, 0.25]},
								"east": {"uv": [21, 2], "uv_size": [0.25, 0.25]},
								"west": {"uv": [3, 21], "uv_size": [0.25, 0.25]}
							}
						},
						{
							"origin": [-0.4, 4.61314, 5.96461],
							"size": [0.8, 0.2, 0.81317],
							"pivot": [0.1, -0.225, 1.775],
							"rotation": [-45, 0, 0],
							"uv": {
								"east": {"uv": [18, 15], "uv_size": [0.75, 0.25]},
								"west": {"uv": [16, 18], "uv_size": [0.75, 0.25]},
								"up": {"uv": [6, 16], "uv_size": [0.75, 0.75]}
							}
						},
						{
							"origin": [-0.2, -2.41849, 8.28829],
							"size": [0.4, 0.75, 0.2],
							"uv": {
								"north": {"uv": [17, 4], "uv_size": [0.5, 0.75]},
								"east": {"uv": [18, 16], "uv_size": [0.25, 0.75]},
								"south": {"uv": [5, 17], "uv_size": [0.5, 0.75]},
								"west": {"uv": [17, 18], "uv_size": [0.25, 0.75]},
								"down": {"uv": [19, 16.25], "uv_size": [0.5, -0.25]}
							}
						}
					]
				}
			]
		}
	]
}