{
	"format_version": "1.12.0",
	"minecraft:geometry": [
		{
			"description": {
				"identifier": "geometry.buttstock_viper",
				"texture_width": 32,
				"texture_height": 32,
				"visible_bounds_width": 3,
				"visible_bounds_height": 2.5,
				"visible_bounds_offset": [0, 0.75, 0]
			},
			"bones": [
				{
					"name": "StrikeIndus_ViperMOD1",
					"pivot": [0, 0, -0.1]
				},
				{
					"name": "top",
					"parent": "StrikeIndus_ViperMOD1",
					"pivot": [0.0607, -2.35, 5.325],
					"cubes": [
						{
							"origin": [-0.50035, -1.31056, 0],
							"size": [1.00069, 0.83556, 2.15],
							"uv": {
								"north": {"uv": [0, 15], "uv_size": [1, 1]},
								"down": {"uv": [12, 9], "uv_size": [1, -2]}
							}
						},
						{
							"origin": [-0.4318, -2.15918, 6.3],
							"size": [0.8636, 0.5, 0.25],
							"uv": {
								"north": {"uv": [10, 15], "uv_size": [1, 1]},
								"east": {"uv": [14, 15], "uv_size": [1, 1]},
								"south": {"uv": [15, 15], "uv_size": [1, 1]},
								"west": {"uv": [0, 16], "uv_size": [1, 1]}
							}
						},
						{
							"origin": [-0.4318, -3.93418, 6.15984],
							"size": [0.8636, 1.93661, 0.35],
							"pivot": [-0.1125, -1.90918, 6.425],
							"rotation": [45, 0, 0],
							"uv": {
								"north": {"uv": [2, 13], "uv_size": [1, 2]},
								"east": {"uv": [13, 2], "uv_size": [1, 2]},
								"south": {"uv": [3, 13], "uv_size": [1, 2]},
								"west": {"uv": [4, 13], "uv_size": [1, 2]}
							}
						},
						{
							"origin": [-0.4318, -1.78418, 6.37107],
							"size": [0.8636, 0.45, 0.1],
							"pivot": [-0.1125, -1.90918, 6.425],
							"rotation": [45, 0, 0],
							"uv": {
								"north": {"uv": [14, 17], "uv_size": [1, 1]}
							}
						},
						{
							"origin": [-0.41931, -1.7, 1.3],
							"size": [0.83862, 0.2, 0.85],
							"uv": {
								"north": {"uv": [1, 16], "uv_size": [1, 1]},
								"east": {"uv": [2, 16], "uv_size": [1, 1]},
								"south": {"uv": [16, 2], "uv_size": [1, 1]},
								"west": {"uv": [3, 16], "uv_size": [1, 1]},
								"up": {"uv": [16, 3], "uv_size": [1, 1]},
								"down": {"uv": [4, 17], "uv_size": [1, -1]}
							}
						},
						{
							"origin": [-0.41931, -1.56624, 2.15],
							"size": [0.83862, 0.175, 3.875],
							"uv": {
								"north": {"uv": [17, 14], "uv_size": [1, 1]},
								"down": {"uv": [0, 13], "uv_size": [1, -4]}
							}
						},
						{
							"origin": [-0.46931, -1.39124, 2.15],
							"size": [0.93862, 0.1, 0.1],
							"uv": {
								"north": {"uv": [9, 19], "uv_size": [1, 1]}
							}
						},
						{
							"origin": [-0.65679, -1.55, 4.1],
							"size": [1.3136, 0.39513, 0.35],
							"uv": {
								"east": {"uv": [16, 4], "uv_size": [1, 1]},
								"west": {"uv": [5, 16], "uv_size": [1, 1]},
								"down": {"uv": [16, 6], "uv_size": [1, -1]}
							}
						},
						{
							"origin": [-0.65679, -1.36839, 4.00811],
							"size": [1.3136, 0.56224, 0.44189],
							"pivot": [0.00001, -1.35244, 4.275],
							"rotation": [45, 0, 0],
							"uv": {
								"north": {"uv": [11, 17], "uv_size": [1, 1]},
								"east": {"uv": [17, 11], "uv_size": [1, 1]},
								"west": {"uv": [12, 17], "uv_size": [1, 1]}
							}
						},
						{
							"origin": [-0.65679, -1.36595, 4.09756],
							"size": [1.3136, 0.56224, 0.44189],
							"pivot": [0.00001, -1.35, 4.27256],
							"rotation": [-45, 0, 0],
							"uv": {
								"east": {"uv": [17, 12], "uv_size": [1, 1]},
								"south": {"uv": [13, 17], "uv_size": [1, 1]},
								"west": {"uv": [17, 13], "uv_size": [1, 1]}
							}
						},
						{
							"origin": [-0.6568, -3.62028, 5.56378],
							"size": [1.3136, 0.3, 2.775],
							"pivot": [1.0607, -3.07028, 8.83878],
							"rotation": [-45, 0, 0],
							"uv": {
								"east": {"uv": [3, 10], "uv_size": [3, 1]},
								"west": {"uv": [9, 10], "uv_size": [3, 1]},
								"up": {"uv": [6, 10], "uv_size": [1, 3]},
								"down": {"uv": [1, 14], "uv_size": [1, -3]}
							}
						},
						{
							"origin": [-0.6568, -3.32028, 6.26378],
							"size": [1.3136, 0.425, 0.1],
							"pivot": [1.0607, -3.07028, 8.83878],
							"rotation": [-45, 0, 0],
							"uv": {
								"north": {"uv": [6, 16], "uv_size": [1, 1]},
								"east": {"uv": [7, 16], "uv_size": [1, 1]},
								"south": {"uv": [8, 16], "uv_size": [1, 1]},
								"west": {"uv": [9, 16], "uv_size": [1, 1]}
							}
						},
						{
							"origin": [-0.4318, -3.82028, 6.13878],
							"size": [0.8636, 0.2, 0.1],
							"pivot": [1.0607, -3.07028, 8.83878],
							"rotation": [-45, 0, 0],
							"uv": {
								"south": {"uv": [15, 17], "uv_size": [1, 1]}
							}
						},
						{
							"origin": [-0.65681, -1.25487, 7.13878],
							"size": [1.31362, 0.1, 1.53622],
							"uv": {
								"east": {"uv": [12, 12], "uv_size": [2, 1]},
								"west": {"uv": [13, 1], "uv_size": [2, 1]},
								"down": {"uv": [0, 15], "uv_size": [1, -2]}
							}
						},
						{
							"origin": [-0.7, -1.15487, 6.56378],
							"size": [1.35681, 0.05, 0.55],
							"uv": {
								"down": {"uv": [17, 11], "uv_size": [1, -1]}
							}
						},
						{
							"origin": [-0.5375, 0.025, 0],
							"size": [1.075, 0.80107, 9.1],
							"uv": {
								"north": {"uv": [17, 15], "uv_size": [1, 1]},
								"south": {"uv": [16, 17], "uv_size": [1, 1]},
								"up": {"uv": [2, 0], "uv_size": [1, 9]}
							}
						},
						{
							"origin": [-1, 0.025, 0],
							"size": [0.40054, 0.925, 9.1],
							"pivot": [-1, 0.025, 0],
							"rotation": [0, 0, 30],
							"uv": {
								"north": {"uv": [17, 16], "uv_size": [1, 1]},
								"east": {"uv": [3, 0], "uv_size": [9, 1]},
								"south": {"uv": [17, 17], "uv_size": [1, 1]}
							}
						},
						{
							"origin": [0.59946, 0.025, 0],
							"size": [0.40054, 0.925, 9.1],
							"pivot": [1, 0.025, 0],
							"rotation": [0, 0, -30],
							"uv": {
								"north": {"uv": [0, 18], "uv_size": [1, 1]},
								"south": {"uv": [18, 0], "uv_size": [1, 1]},
								"west": {"uv": [3, 1], "uv_size": [9, 1]}
							}
						},
						{
							"origin": [-1, -0.225, 0],
							"size": [2, 0.25, 9.1],
							"uv": {
								"north": {"uv": [6, 13], "uv_size": [2, 1]},
								"east": {"uv": [3, 2], "uv_size": [9, 1]},
								"south": {"uv": [13, 6], "uv_size": [2, 1]},
								"west": {"uv": [3, 3], "uv_size": [9, 1]},
								"down": {"uv": [0, 9], "uv_size": [2, -9]}
							}
						},
						{
							"origin": [-1, -0.475, 0],
							"size": [2, 0.25, 0.5],
							"uv": {
								"north": {"uv": [13, 7], "uv_size": [2, 1]},
								"east": {"uv": [1, 18], "uv_size": [1, 1]},
								"west": {"uv": [18, 1], "uv_size": [1, 1]},
								"down": {"uv": [8, 14], "uv_size": [2, -1]}
							}
						},
						{
							"origin": [-1, 0.51725, 1.12773],
							"size": [2, 0.35355, 0.17678],
							"pivot": [0, 0.99225, -0.2955],
							"rotation": [-45, 0, 0],
							"uv": {
								"east": {"uv": [2, 18], "uv_size": [1, 1]},
								"south": {"uv": [13, 8], "uv_size": [2, 1]},
								"west": {"uv": [18, 2], "uv_size": [1, 1]}
							}
						},
						{
							"origin": [-1, -0.725, 3.075],
							"size": [2, 0.19445, 0.75],
							"pivot": [1.0607, -0.725, 3.825],
							"rotation": [-45, 0, 0],
							"uv": {
								"east": {"uv": [3, 18], "uv_size": [1, 1]},
								"west": {"uv": [18, 3], "uv_size": [1, 1]},
								"up": {"uv": [13, 9], "uv_size": [2, 1]},
								"down": {"uv": [10, 14], "uv_size": [2, -1]}
							}
						},
						{
							"origin": [-1, -0.475, 3.6],
							"size": [2, 0.25, 0.25],
							"uv": {
								"east": {"uv": [4, 18], "uv_size": [1, 1]},
								"south": {"uv": [13, 11], "uv_size": [2, 1]},
								"west": {"uv": [18, 4], "uv_size": [1, 1]}
							}
						},
						{
							"origin": [-1, -0.325, 3.85],
							"size": [2, 0.1, 3.35],
							"uv": {
								"east": {"uv": [2, 11], "uv_size": [3, 1]},
								"west": {"uv": [7, 11], "uv_size": [3, 1]},
								"down": {"uv": [3, 7], "uv_size": [2, -3]}
							}
						},
						{
							"origin": [-1, -0.725, 3.825],
							"size": [2, 0.15, 3.4],
							"uv": {
								"east": {"uv": [10, 11], "uv_size": [3, 1]},
								"west": {"uv": [12, 0], "uv_size": [3, 1]},
								"up": {"uv": [5, 4], "uv_size": [2, 3]},
								"down": {"uv": [3, 10], "uv_size": [2, -3]}
							}
						},
						{
							"origin": [-1, -0.55, 5.245],
							"size": [2, 0.2, 0.56],
							"pivot": [0.5607, -0.45, 5.525],
							"rotation": [-45, 0, 0],
							"uv": {
								"east": {"uv": [5, 18], "uv_size": [1, 1]},
								"west": {"uv": [18, 5], "uv_size": [1, 1]},
								"up": {"uv": [12, 13], "uv_size": [2, 1]},
								"down": {"uv": [14, 3], "uv_size": [2, -1]}
							}
						},
						{
							"origin": [-1, -0.55, 5.245],
							"size": [2, 0.2, 0.56],
							"pivot": [0.5607, -0.45, 5.525],
							"rotation": [45, 0, 0],
							"uv": {
								"east": {"uv": [6, 18], "uv_size": [1, 1]},
								"west": {"uv": [18, 6], "uv_size": [1, 1]},
								"up": {"uv": [14, 3], "uv_size": [2, 1]},
								"down": {"uv": [14, 5], "uv_size": [2, -1]}
							}
						},
						{
							"origin": [-1, -0.575, 5.35],
							"size": [2, 0.25, 0.35],
							"uv": {
								"north": {"uv": [5, 14], "uv_size": [2, 1]},
								"east": {"uv": [7, 18], "uv_size": [1, 1]},
								"south": {"uv": [14, 5], "uv_size": [2, 1]},
								"west": {"uv": [18, 7], "uv_size": [1, 1]}
							}
						},
						{
							"origin": [-1, -0.475, 7.2],
							"size": [2, 0.25, 0.25],
							"uv": {
								"north": {"uv": [7, 14], "uv_size": [2, 1]},
								"east": {"uv": [8, 18], "uv_size": [1, 1]},
								"west": {"uv": [18, 8], "uv_size": [1, 1]}
							}
						},
						{
							"origin": [-1, -0.5875, 6.3375],
							"size": [2, 0.19445, 0.75],
							"pivot": [1.0607, -0.5875, 7.0875],
							"rotation": [-135, 0, 0],
							"uv": {
								"east": {"uv": [9, 18], "uv_size": [1, 1]},
								"west": {"uv": [18, 9], "uv_size": [1, 1]},
								"up": {"uv": [9, 14], "uv_size": [2, 1]},
								"down": {"uv": [14, 11], "uv_size": [2, -1]}
							}
						},
						{
							"origin": [-1, -2.99261, 8.6],
							"size": [2, 2.8, 0.44183],
							"pivot": [0.5607, -0.875, 8.7],
							"rotation": [-5, 0, 0],
							"uv": {
								"north": {"uv": [7, 4], "uv_size": [2, 3]},
								"east": {"uv": [5, 11], "uv_size": [1, 3]},
								"south": {"uv": [5, 7], "uv_size": [2, 3]},
								"west": {"uv": [12, 1], "uv_size": [1, 3]}
							}
						},
						{
							"origin": [-1, -4.52171, 8.35532],
							"size": [2, 1.50566, 0.49525],
							"pivot": [1, -3.02171, 8.85532],
							"rotation": [-45, 0, 0],
							"uv": {
								"north": {"uv": [1, 9], "uv_size": [2, 2]},
								"east": {"uv": [1, 14], "uv_size": [1, 2]},
								"south": {"uv": [7, 9], "uv_size": [2, 2]},
								"west": {"uv": [11, 14], "uv_size": [1, 2]}
							}
						},
						{
							"origin": [0.71221, -4.82888, 7.28503],
							"size": [0.2775, 0.775, 0.49525],
							"pivot": [1, -4.07872, 7.75299],
							"rotation": [-42.73421, 15.69986, 16.32495],
							"uv": {
								"north": {"uv": [10, 18], "uv_size": [1, 1]},
								"south": {"uv": [18, 10], "uv_size": [1, 1]},
								"west": {"uv": [11, 18], "uv_size": [1, 1]}
							}
						},
						{
							"origin": [-0.70348, -5.20718, 8.34569],
							"size": [1.4069, 0.72515, 0.49525],
							"pivot": [0.77369, -3.01806, 8.81365],
							"rotation": [-45, 0, 0],
							"uv": {
								"north": {"uv": [18, 11], "uv_size": [1, 1]},
								"south": {"uv": [12, 18], "uv_size": [1, 1]},
								"down": {"uv": [18, 13], "uv_size": [1, -1]}
							}
						},
						{
							"origin": [-0.98971, -4.82888, 7.28503],
							"size": [0.2775, 0.775, 0.49525],
							"pivot": [-1, -4.07872, 7.75299],
							"rotation": [-42.73421, -15.69986, -16.32495],
							"uv": {
								"north": {"uv": [13, 18], "uv_size": [1, 1]},
								"east": {"uv": [18, 13], "uv_size": [1, 1]},
								"south": {"uv": [14, 18], "uv_size": [1, 1]}
							}
						},
						{
							"origin": [-1.06, -0.5, 7.9],
							"size": [2.12, 0.25, 0.3728],
							"uv": {
								"east": {"uv": [18, 14], "uv_size": [1, 1]},
								"west": {"uv": [15, 18], "uv_size": [1, 1]},
								"up": {"uv": [12, 14], "uv_size": [2, 1]},
								"down": {"uv": [14, 13], "uv_size": [2, -1]}
							}
						},
						{
							"origin": [-0.56, -0.9, 7.8864],
							"size": [1.12, 0.4, 0.4],
							"uv": {
								"east": {"uv": [11, 19], "uv_size": [1, 1]},
								"west": {"uv": [19, 11], "uv_size": [1, 1]}
							}
						},
						{
							"origin": [-1.06, -0.5, 7.9],
							"size": [2.12, 0.25, 0.3728],
							"pivot": [0.5607, -0.7, 8.0864],
							"rotation": [-45, 0, 0],
							"uv": {
								"east": {"uv": [18, 15], "uv_size": [1, 1]},
								"west": {"uv": [16, 18], "uv_size": [1, 1]},
								"up": {"uv": [14, 13], "uv_size": [2, 1]},
								"down": {"uv": [14, 15], "uv_size": [2, -1]}
							}
						},
						{
							"origin": [-1.06, -0.5, 7.9],
							"size": [2.12, 0.25, 0.3728],
							"pivot": [0.5607, -0.7, 8.0864],
							"rotation": [-90, 0, 0],
							"uv": {
								"east": {"uv": [18, 16], "uv_size": [1, 1]},
								"west": {"uv": [17, 18], "uv_size": [1, 1]},
								"up": {"uv": [15, 0], "uv_size": [2, 1]},
								"down": {"uv": [15, 2], "uv_size": [2, -1]}
							}
						},
						{
							"origin": [-1.06, -0.5, 7.9],
							"size": [2.12, 0.25, 0.3728],
							"pivot": [0.5607, -0.7, 8.0864],
							"rotation": [-135, 0, 0],
							"uv": {
								"east": {"uv": [18, 17], "uv_size": [1, 1]},
								"west": {"uv": [18, 18], "uv_size": [1, 1]},
								"up": {"uv": [2, 15], "uv_size": [2, 1]},
								"down": {"uv": [4, 16], "uv_size": [2, -1]}
							}
						},
						{
							"origin": [-1.06, -0.5, 7.9],
							"size": [2.12, 0.25, 0.3728],
							"pivot": [0.5607, -0.7, 8.0864],
							"rotation": [-180, 0, 0],
							"uv": {
								"east": {"uv": [0, 19], "uv_size": [1, 1]},
								"west": {"uv": [19, 0], "uv_size": [1, 1]},
								"up": {"uv": [6, 15], "uv_size": [2, 1]},
								"down": {"uv": [15, 7], "uv_size": [2, -1]}
							}
						},
						{
							"origin": [-1.06, -0.5, 7.9],
							"size": [2.12, 0.25, 0.3728],
							"pivot": [0.5607, -0.7, 8.0864],
							"rotation": [135, 0, 0],
							"uv": {
								"east": {"uv": [1, 19], "uv_size": [1, 1]},
								"west": {"uv": [19, 1], "uv_size": [1, 1]},
								"up": {"uv": [15, 7], "uv_size": [2, 1]},
								"down": {"uv": [8, 16], "uv_size": [2, -1]}
							}
						},
						{
							"origin": [-1.06, -0.5, 7.9],
							"size": [2.12, 0.25, 0.3728],
							"pivot": [0.5607, -0.7, 8.0864],
							"rotation": [90, 0, 0],
							"uv": {
								"east": {"uv": [2, 19], "uv_size": [1, 1]},
								"west": {"uv": [19, 2], "uv_size": [1, 1]},
								"up": {"uv": [15, 8], "uv_size": [2, 1]},
								"down": {"uv": [15, 10], "uv_size": [2, -1]}
							}
						},
						{
							"origin": [-1.06, -0.5, 7.9],
							"size": [2.12, 0.25, 0.3728],
							"pivot": [0.5607, -0.7, 8.0864],
							"rotation": [45, 0, 0],
							"uv": {
								"east": {"uv": [3, 19], "uv_size": [1, 1]},
								"west": {"uv": [19, 3], "uv_size": [1, 1]},
								"up": {"uv": [15, 11], "uv_size": [2, 1]},
								"down": {"uv": [12, 16], "uv_size": [2, -1]}
							}
						},
						{
							"origin": [0.625, -1.4, 0],
							"size": [0.325, 1.175, 1.3],
							"pivot": [0.95, -0.225, 0],
							"rotation": [0, 0, 22.5],
							"uv": {
								"north": {"uv": [4, 19], "uv_size": [1, 1]},
								"west": {"uv": [19, 4], "uv_size": [1, 1]}
							}
						},
						{
							"origin": [0.85, -1.2, 1.3],
							"size": [0.1, 0.975, 2.525],
							"pivot": [0.95, -0.225, 0],
							"rotation": [0, 0, 17.5],
							"uv": {
								"north": {"uv": [5, 19], "uv_size": [1, 1]},
								"west": {"uv": [2, 12], "uv_size": [3, 1]}
							}
						},
						{
							"origin": [0.85, -1.2, 3.825],
							"size": [0.1, 0.475, 3.85],
							"pivot": [0.95, -0.225, 0],
							"rotation": [0, 0, 17.5],
							"uv": {
								"west": {"uv": [9, 6], "uv_size": [4, 1]}
							}
						},
						{
							"origin": [0.85, -0.725, 7.225],
							"size": [0.1, 0.5, 0.45],
							"pivot": [0.95, -0.225, 0],
							"rotation": [0, 0, 17.5],
							"uv": {
								"west": {"uv": [19, 5], "uv_size": [1, 1]}
							}
						},
						{
							"origin": [0.85, -0.5, 7.675],
							"size": [0.1, 0.275, 0.7],
							"pivot": [0.95, -0.225, 0],
							"rotation": [0, 0, 17.5],
							"uv": {
								"west": {"uv": [6, 19], "uv_size": [1, 1]}
							}
						},
						{
							"origin": [0.85, -1.2, 8.375],
							"size": [0.1, 0.975, 0.3],
							"pivot": [0.95, -0.225, 0],
							"rotation": [0, 0, 17.5],
							"uv": {
								"west": {"uv": [19, 6], "uv_size": [1, 1]}
							}
						},
						{
							"origin": [0.85, -1.2, 7.675],
							"size": [0.1, 0.25, 0.7],
							"pivot": [0.95, -0.225, 0],
							"rotation": [0, 0, 17.5],
							"uv": {
								"west": {"uv": [7, 19], "uv_size": [1, 1]}
							}
						},
						{
							"origin": [0.4693, 1.52584, 7.44546],
							"size": [0.2, 0.45, 0.675],
							"pivot": [0.6693, 2.00084, 3.02046],
							"rotation": [-40.89339, 20.70481, 22.20765],
							"uv": {
								"south": {"uv": [19, 7], "uv_size": [1, 1]},
								"west": {"uv": [8, 19], "uv_size": [1, 1]}
							}
						},
						{
							"origin": [0.55681, -1.62987, 1.3],
							"size": [0.1, 0.475, 5.1],
							"pivot": [0.65681, -1.15487, 1.3],
							"rotation": [0, 0, 30],
							"uv": {
								"north": {"uv": [19, 8], "uv_size": [1, 1]},
								"east": {"uv": [7, 7], "uv_size": [5, 1]},
								"west": {"uv": [7, 8], "uv_size": [5, 1]}
							}
						},
						{
							"origin": [-0.6693, 1.52584, 7.44546],
							"size": [0.2, 0.45, 0.675],
							"pivot": [-0.6693, 2.00084, 3.02046],
							"rotation": [-40.89339, -20.70481, -22.20765],
							"uv": {
								"east": {"uv": [16, 19], "uv_size": [1, 1]},
								"south": {"uv": [19, 16], "uv_size": [1, 1]}
							}
						},
						{
							"origin": [-0.65681, -1.62987, 1.3],
							"size": [0.1, 0.475, 5.1],
							"pivot": [-0.65681, -1.15487, 1.3],
							"rotation": [0, 0, -30],
							"uv": {
								"north": {"uv": [19, 15], "uv_size": [1, 1]},
								"east": {"uv": [9, 4], "uv_size": [5, 1]},
								"west": {"uv": [9, 5], "uv_size": [5, 1]}
							}
						},
						{
							"origin": [-0.95, -1.4, 0],
							"size": [0.325, 1.175, 1.3],
							"pivot": [-0.95, -0.225, 0],
							"rotation": [0, 0, -22.5],
							"uv": {
								"north": {"uv": [19, 14], "uv_size": [1, 1]},
								"east": {"uv": [15, 19], "uv_size": [1, 1]}
							}
						},
						{
							"origin": [-0.95, -1.2, 1.3],
							"size": [0.1, 0.975, 2.525],
							"pivot": [-0.95, -0.225, 0],
							"rotation": [0, 0, -17.5],
							"uv": {
								"north": {"uv": [14, 19], "uv_size": [1, 1]},
								"east": {"uv": [7, 12], "uv_size": [3, 1]}
							}
						},
						{
							"origin": [-0.95, -1.2, 3.825],
							"size": [0.1, 0.475, 3.85],
							"pivot": [-0.95, -0.225, 0],
							"rotation": [0, 0, -17.5],
							"uv": {
								"east": {"uv": [9, 9], "uv_size": [4, 1]}
							}
						},
						{
							"origin": [-0.95, -0.725, 7.225],
							"size": [0.1, 0.5, 0.45],
							"pivot": [-0.95, -0.225, 0],
							"rotation": [0, 0, -17.5],
							"uv": {
								"east": {"uv": [19, 13], "uv_size": [1, 1]}
							}
						},
						{
							"origin": [-0.95, -1.2, 7.675],
							"size": [0.1, 0.25, 0.7],
							"pivot": [-0.95, -0.225, 0],
							"rotation": [0, 0, -17.5],
							"uv": {
								"east": {"uv": [13, 19], "uv_size": [1, 1]}
							}
						},
						{
							"origin": [-0.95, -0.5, 7.675],
							"size": [0.1, 0.275, 0.7],
							"pivot": [-0.95, -0.225, 0],
							"rotation": [0, 0, -17.5],
							"uv": {
								"east": {"uv": [19, 12], "uv_size": [1, 1]}
							}
						},
						{
							"origin": [-0.95, -1.2, 8.375],
							"size": [0.1, 0.975, 0.3],
							"pivot": [-0.95, -0.225, 0],
							"rotation": [0, 0, -17.5],
							"uv": {
								"east": {"uv": [12, 19], "uv_size": [1, 1]}
							}
						}
					]
				},
				{
					"name": "adjust",
					"parent": "StrikeIndus_ViperMOD1",
					"pivot": [0, -1.375, 4.275],
					"cubes": [
						{
							"origin": [-0.75, -1.5, 4.15],
							"size": [1.5, 0.25, 0.25],
							"pivot": [0, -1.375, 4.275],
							"rotation": [-45, 0, 0],
							"uv": {
								"north": {"uv": [10, 16], "uv_size": [1, 1]},
								"east": {"uv": [16, 10], "uv_size": [1, 1]},
								"south": {"uv": [11, 16], "uv_size": [1, 1]},
								"west": {"uv": [12, 16], "uv_size": [1, 1]},
								"up": {"uv": [16, 12], "uv_size": [1, 1]},
								"down": {"uv": [13, 17], "uv_size": [1, -1]}
							}
						},
						{
							"origin": [-0.35, -1.8, 2.175],
							"size": [0.7, 0.25, 0.425],
							"uv": {
								"north": {"uv": [16, 13], "uv_size": [1, 1]},
								"up": {"uv": [14, 16], "uv_size": [1, 1]},
								"down": {"uv": [16, 15], "uv_size": [1, -1]}
							}
						},
						{
							"origin": [-0.25, -1.65554, 4.23108],
							"size": [0.5, 0.475, 1.5],
							"pivot": [0.5, -1.53054, 3.75608],
							"rotation": [-10, 0, 0],
							"uv": {
								"north": {"uv": [15, 16], "uv_size": [1, 1]},
								"east": {"uv": [10, 12], "uv_size": [2, 1]},
								"south": {"uv": [16, 15], "uv_size": [1, 1]},
								"west": {"uv": [12, 10], "uv_size": [2, 1]}
							}
						},
						{
							"origin": [-0.6, -1.97608, 4.65034],
							"size": [1.2, 0.25, 0.65],
							"pivot": [0, -1.86358, 4.97534],
							"rotation": [-15, 0, 0],
							"uv": {
								"east": {"uv": [16, 16], "uv_size": [1, 1]},
								"west": {"uv": [0, 17], "uv_size": [1, 1]},
								"up": {"uv": [17, 0], "uv_size": [1, 1]},
								"down": {"uv": [1, 18], "uv_size": [1, -1]}
							}
						},
						{
							"origin": [-0.35, -1.8, 4.125],
							"size": [0.7, 0.25, 0.55],
							"pivot": [0.5, -1.6, 4.15],
							"rotation": [-10, 0, 0],
							"uv": {
								"east": {"uv": [17, 1], "uv_size": [1, 1]},
								"west": {"uv": [2, 17], "uv_size": [1, 1]},
								"up": {"uv": [17, 2], "uv_size": [1, 1]},
								"down": {"uv": [3, 18], "uv_size": [1, -1]}
							}
						},
						{
							"origin": [-0.25, -2.07697, 5.30204],
							"size": [0.5, 0.235, 0.725],
							"pivot": [0.5, -1.87697, 5.35204],
							"rotation": [-20, 0, 0],
							"uv": {
								"south": {"uv": [19, 9], "uv_size": [1, 1]},
								"up": {"uv": [10, 19], "uv_size": [1, 1]},
								"down": {"uv": [19, 11], "uv_size": [1, -1]}
							}
						},
						{
							"origin": [-0.35, -1.8, 3.325],
							"size": [0.7, 0.25, 0.825],
							"uv": {
								"east": {"uv": [17, 3], "uv_size": [1, 1]},
								"west": {"uv": [4, 17], "uv_size": [1, 1]},
								"up": {"uv": [17, 4], "uv_size": [1, 1]},
								"down": {"uv": [5, 18], "uv_size": [1, -1]}
							}
						},
						{
							"origin": [-0.5, -1.8, 2.6],
							"size": [1, 0.25, 0.725],
							"uv": {
								"east": {"uv": [17, 5], "uv_size": [1, 1]},
								"west": {"uv": [6, 17], "uv_size": [1, 1]},
								"up": {"uv": [17, 6], "uv_size": [1, 1]},
								"down": {"uv": [7, 18], "uv_size": [1, -1]}
							}
						},
						{
							"origin": [-0.375, -1.65, 3.675],
							"size": [0.75, 0.15, 0.15],
							"pivot": [0, -1.575, 3.75],
							"rotation": [-45, 0, 0],
							"uv": {
								"north": {"uv": [17, 7], "uv_size": [1, 1]},
								"east": {"uv": [8, 17], "uv_size": [1, 1]},
								"south": {"uv": [17, 8], "uv_size": [1, 1]},
								"west": {"uv": [9, 17], "uv_size": [1, 1]},
								"up": {"uv": [17, 9], "uv_size": [1, 1]},
								"down": {"uv": [10, 18], "uv_size": [1, -1]}
							}
						},
						{
							"origin": [-0.075, -2.29577, 5.11793],
							"size": [0.325, 0.235, 0.8],
							"pivot": [0.25, -2.29577, 5.91793],
							"rotation": [-22.00353, -24.09464, 9.36776],
							"uv": {
								"west": {"uv": [2, 20], "uv_size": [1, 1]},
								"up": {"uv": [20, 2], "uv_size": [1, 1]},
								"down": {"uv": [3, 21], "uv_size": [1, -1]}
							}
						},
						{
							"origin": [0.275, -1.88813, 3.98229],
							"size": [0.325, 0.25, 0.65],
							"pivot": [0.6, -1.88813, 4.63229],
							"rotation": [-17.19212, 28.87909, -8.49878],
							"uv": {
								"west": {"uv": [20, 0], "uv_size": [1, 1]},
								"up": {"uv": [1, 20], "uv_size": [1, 1]},
								"down": {"uv": [20, 2], "uv_size": [1, -1]}
							}
						},
						{
							"origin": [0.2, -1.8, 3.3],
							"size": [0.15, 0.25, 0.45],
							"pivot": [0.35, -1.8, 3.75],
							"rotation": [0, -18.75, 0],
							"uv": {
								"west": {"uv": [19, 18], "uv_size": [1, 1]},
								"up": {"uv": [19, 19], "uv_size": [1, 1]},
								"down": {"uv": [0, 21], "uv_size": [1, -1]}
							}
						},
						{
							"origin": [0.2, -1.8, 2.175],
							"size": [0.15, 0.25, 0.45],
							"pivot": [0.35, -1.8, 2.175],
							"rotation": [0, 18.75, 0],
							"uv": {
								"west": {"uv": [17, 19], "uv_size": [1, 1]},
								"up": {"uv": [19, 17], "uv_size": [1, 1]},
								"down": {"uv": [18, 20], "uv_size": [1, -1]}
							}
						},
						{
							"origin": [-0.25, -2.29577, 5.11793],
							"size": [0.325, 0.235, 0.8],
							"pivot": [-0.25, -2.29577, 5.91793],
							"rotation": [-22.00353, 24.09464, -9.36776],
							"uv": {
								"east": {"uv": [8, 20], "uv_size": [1, 1]},
								"up": {"uv": [20, 8], "uv_size": [1, 1]},
								"down": {"uv": [9, 21], "uv_size": [1, -1]}
							}
						},
						{
							"origin": [-0.6, -1.88813, 3.98229],
							"size": [0.325, 0.25, 0.65],
							"pivot": [-0.6, -1.88813, 4.63229],
							"rotation": [-17.19212, -28.87909, 8.49878],
							"uv": {
								"east": {"uv": [20, 6], "uv_size": [1, 1]},
								"up": {"uv": [7, 20], "uv_size": [1, 1]},
								"down": {"uv": [20, 8], "uv_size": [1, -1]}
							}
						},
						{
							"origin": [-0.35, -1.8, 3.3],
							"size": [0.15, 0.25, 0.45],
							"pivot": [-0.35, -1.8, 3.75],
							"rotation": [0, 18.75, 0],
							"uv": {
								"east": {"uv": [5, 20], "uv_size": [1, 1]},
								"up": {"uv": [20, 5], "uv_size": [1, 1]},
								"down": {"uv": [6, 21], "uv_size": [1, -1]}
							}
						},
						{
							"origin": [-0.35, -1.8, 2.175],
							"size": [0.15, 0.25, 0.45],
							"pivot": [-0.35, -1.8, 2.175],
							"rotation": [0, -18.75, 0],
							"uv": {
								"east": {"uv": [20, 3], "uv_size": [1, 1]},
								"up": {"uv": [4, 20], "uv_size": [1, 1]},
								"down": {"uv": [20, 5], "uv_size": [1, -1]}
							}
						}
					]
				}
			]
		}
	]
}