{
	"format_version": "1.12.0",
	"minecraft:geometry": [
		{
			"description": {
				"identifier": "geometry.buttstock_pt1s",
				"texture_width": 64,
				"texture_height": 64,
				"visible_bounds_width": 3,
				"visible_bounds_height": 1.5,
				"visible_bounds_offset": [0, 0.25, 0]
			},
			"bones": [
				{
					"name": "buttstock_base",
					"pivot": [0.75, -0.85, -3.625],
					"rotation": [-5, 0, 0],
					"cubes": [
						{
							"origin": [0.6, -0.25, -3.775],
							"size": [0.3, 0.3, 0.3],
							"pivot": [0.75, -0.1, -3.625],
							"rotation": [0, -45, 0],
							"uv": {
								"north": {"uv": [18, 13], "uv_size": [1, 1]},
								"east": {"uv": [21, 2], "uv_size": [1, 1]},
								"south": {"uv": [3, 21], "uv_size": [1, 1]},
								"west": {"uv": [21, 3], "uv_size": [1, 1]},
								"up": {"uv": [4, 21], "uv_size": [1, 1]},
								"down": {"uv": [21, 5], "uv_size": [1, -1]}
							}
						},
						{
							"origin": [0.65, -1.45, -3.725],
							"size": [0.2, 1.2, 0.2],
							"pivot": [0.75, -0.85, -3.625],
							"rotation": [0, -45, 0],
							"uv": {
								"north": {"uv": [5, 21], "uv_size": [1, 1]},
								"east": {"uv": [21, 5], "uv_size": [1, 1]},
								"south": {"uv": [21, 6], "uv_size": [1, 1]},
								"west": {"uv": [7, 21], "uv_size": [1, 1]}
							}
						},
						{
							"origin": [0.6, -1.75, -3.775],
							"size": [0.3, 0.3, 0.3],
							"pivot": [0.75, -1.6, -3.625],
							"rotation": [0, -45, 0],
							"uv": {
								"north": {"uv": [21, 7], "uv_size": [1, 1]},
								"east": {"uv": [8, 21], "uv_size": [1, 1]},
								"south": {"uv": [21, 8], "uv_size": [1, 1]},
								"west": {"uv": [9, 21], "uv_size": [1, 1]},
								"up": {"uv": [21, 9], "uv_size": [1, 1]},
								"down": {"uv": [21, 11], "uv_size": [1, -1]}
							}
						}
					]
				},
				{
					"name": "stock_adapter",
					"pivot": [0.75, -1.8461, -3.7038],
					"rotation": [-5, 0, 0],
					"cubes": [
						{
							"origin": [0.66022, -0.54692, -3.85171],
							"size": [0.25, 0.3, 0.6125],
							"pivot": [0.75, -1.60128, -3.76193],
							"rotation": [0, -45, 0],
							"uv": {
								"north": {"uv": [21, 11], "uv_size": [1, 1]},
								"east": {"uv": [12, 21], "uv_size": [1, 1]},
								"west": {"uv": [21, 12], "uv_size": [1, 1]},
								"up": {"uv": [13, 21], "uv_size": [1, 1]},
								"down": {"uv": [21, 14], "uv_size": [1, -1]}
							}
						},
						{
							"origin": [0.66022, -1.44692, -3.85171],
							"size": [0.25, 0.3, 0.6125],
							"pivot": [0.75, -0.10128, -3.76193],
							"rotation": [0, -45, 0],
							"uv": {
								"north": {"uv": [14, 21], "uv_size": [1, 1]},
								"east": {"uv": [21, 14], "uv_size": [1, 1]},
								"west": {"uv": [21, 15], "uv_size": [1, 1]},
								"up": {"uv": [21, 16], "uv_size": [1, 1]},
								"down": {"uv": [21, 18], "uv_size": [1, -1]}
							}
						},
						{
							"origin": [-0.5, -1.39749, -4.11993],
							"size": [1, 0.55, 0.9],
							"uv": {
								"north": {"uv": [21, 18], "uv_size": [1, 1]},
								"east": {"uv": [21, 19], "uv_size": [1, 1]},
								"south": {"uv": [21, 20], "uv_size": [1, 1]},
								"west": {"uv": [21, 21], "uv_size": [1, 1]},
								"up": {"uv": [0, 22], "uv_size": [1, 1]},
								"down": {"uv": [22, 1], "uv_size": [1, -1]}
							}
						},
						{
							"origin": [-0.5, -0.59749, -3.66993],
							"size": [1, 0.45, 0.4375],
							"uv": {
								"north": {"uv": [1, 22], "uv_size": [1, 1]},
								"east": {"uv": [22, 1], "uv_size": [1, 1]},
								"south": {"uv": [2, 22], "uv_size": [1, 1]},
								"west": {"uv": [22, 2], "uv_size": [1, 1]},
								"up": {"uv": [3, 22], "uv_size": [1, 1]},
								"down": {"uv": [22, 4], "uv_size": [1, -1]}
							}
						},
						{
							"origin": [-0.5, -0.84749, -3.66993],
							"size": [1, 0.25, 0.325],
							"uv": {
								"north": {"uv": [4, 22], "uv_size": [1, 1]},
								"east": {"uv": [22, 4], "uv_size": [1, 1]},
								"south": {"uv": [5, 22], "uv_size": [1, 1]},
								"west": {"uv": [22, 5], "uv_size": [1, 1]},
								"up": {"uv": [6, 22], "uv_size": [1, 1]},
								"down": {"uv": [22, 7], "uv_size": [1, -1]}
							}
						},
						{
							"origin": [-0.5, -0.84749, -4.11993],
							"size": [0.2, 0.25, 0.45],
							"uv": {
								"north": {"uv": [7, 22], "uv_size": [1, 1]},
								"east": {"uv": [22, 7], "uv_size": [1, 1]},
								"west": {"uv": [8, 22], "uv_size": [1, 1]},
								"up": {"uv": [22, 8], "uv_size": [1, 1]}
							}
						},
						{
							"origin": [0.3, -0.84749, -4.11993],
							"size": [0.2, 0.25, 0.45],
							"uv": {
								"north": {"uv": [9, 22], "uv_size": [1, 1]},
								"east": {"uv": [22, 9], "uv_size": [1, 1]},
								"west": {"uv": [10, 22], "uv_size": [1, 1]},
								"up": {"uv": [22, 10], "uv_size": [1, 1]}
							}
						}
					]
				},
				{
					"name": "Zenit_PT1S",
					"parent": "stock_adapter",
					"pivot": [0, -0.80583, -2.97902],
					"rotation": [5, 0, 0],
					"cubes": [
						{
							"origin": [-0.5, -1.8, -3.1625],
							"size": [1, 1.8, 0.6],
							"uv": {
								"east": {"uv": [15, 16], "uv_size": [1, 2]},
								"south": {"uv": [16, 16], "uv_size": [1, 2]},
								"west": {"uv": [1, 17], "uv_size": [1, 2]},
								"up": {"uv": [11, 22], "uv_size": [1, 1]},
								"down": {"uv": [22, 12], "uv_size": [1, -1]}
							}
						},
						{
							"origin": [-0.45, -1.8, -2.5625],
							"size": [0.6, 0.65, 0.2],
							"uv": {
								"east": {"uv": [12, 22], "uv_size": [1, 1]},
								"south": {"uv": [22, 12], "uv_size": [1, 1]},
								"west": {"uv": [13, 22], "uv_size": [1, 1]},
								"down": {"uv": [22, 14], "uv_size": [1, -1]}
							}
						},
						{
							"origin": [-0.45, -1.15, -2.5625],
							"size": [0.6, 0.75, 0.475],
							"uv": {
								"east": {"uv": [14, 22], "uv_size": [1, 1]},
								"south": {"uv": [22, 14], "uv_size": [1, 1]},
								"west": {"uv": [15, 22], "uv_size": [1, 1]}
							}
						},
						{
							"origin": [-0.45, -1.15, -0.65],
							"size": [0.6, 0.75, 0.2],
							"uv": {
								"north": {"uv": [22, 15], "uv_size": [1, 1]},
								"east": {"uv": [16, 22], "uv_size": [1, 1]},
								"south": {"uv": [22, 16], "uv_size": [1, 1]},
								"west": {"uv": [17, 22], "uv_size": [1, 1]}
							}
						},
						{
							"origin": [-0.45, -0.75, -0.85],
							"size": [0.25, 0.35, 0.2],
							"uv": {
								"east": {"uv": [22, 17], "uv_size": [1, 1]}
							}
						},
						{
							"origin": [-0.45, -0.55, -1],
							"size": [0.25, 0.15, 0.15],
							"uv": {
								"east": {"uv": [18, 22], "uv_size": [1, 1]}
							}
						},
						{
							"origin": [-0.45, -1.15, -2.0875],
							"size": [0.6, 0.2625, 0.2625],
							"uv": {
								"east": {"uv": [22, 18], "uv_size": [1, 1]},
								"west": {"uv": [19, 22], "uv_size": [1, 1]}
							}
						},
						{
							"origin": [-0.45, -0.4, -2.5625],
							"size": [0.6, 0.2, 0.25],
							"uv": {
								"east": {"uv": [22, 19], "uv_size": [1, 1]},
								"west": {"uv": [20, 22], "uv_size": [1, 1]},
								"up": {"uv": [22, 20], "uv_size": [1, 1]}
							}
						},
						{
							"origin": [-0.5, -1.82218, -3.23982],
							"size": [1, 1.79315, 0.15688],
							"pivot": [-0.2, -0.9, -2.86875],
							"rotation": [-5, 0, 0],
							"uv": {
								"north": {"uv": [17, 1], "uv_size": [1, 2]},
								"east": {"uv": [2, 17], "uv_size": [1, 2]},
								"west": {"uv": [3, 17], "uv_size": [1, 2]},
								"down": {"uv": [21, 23], "uv_size": [1, -1]}
							}
						},
						{
							"origin": [-0.5, -0.86653, -3.35232],
							"size": [1, 0.2625, 0.1125],
							"pivot": [-0.2, -0.9, -2.86875],
							"rotation": [-5, 0, 0],
							"uv": {
								"north": {"uv": [22, 21], "uv_size": [1, 1]},
								"east": {"uv": [22, 22], "uv_size": [1, 1]},
								"west": {"uv": [0, 23], "uv_size": [1, 1]},
								"up": {"uv": [23, 0], "uv_size": [1, 1]},
								"down": {"uv": [1, 24], "uv_size": [1, -1]}
							}
						},
						{
							"origin": [-0.45, -1.3, -2.3625],
							"size": [0.6, 0.15, 9.4875],
							"uv": {
								"east": {"uv": [0, 6], "uv_size": [9, 1]},
								"west": {"uv": [6, 0], "uv_size": [9, 1]},
								"up": {"uv": [0, 7], "uv_size": [1, 9]},
								"down": {"uv": [1, 16], "uv_size": [1, -9]}
							}
						},
						{
							"origin": [-0.45, -1.65, -0.05],
							"size": [0.25, 0.35, 0.35],
							"uv": {
								"north": {"uv": [23, 1], "uv_size": [1, 1]},
								"east": {"uv": [2, 23], "uv_size": [1, 1]},
								"south": {"uv": [23, 2], "uv_size": [1, 1]}
							}
						},
						{
							"origin": [-0.45, -1.175, -0.6125],
							"size": [0.6, 1.225, 0.15],
							"pivot": [-0.325, -0.9, -0.375],
							"rotation": [45, 0, 0],
							"uv": {
								"north": {"uv": [3, 23], "uv_size": [1, 1]},
								"east": {"uv": [23, 3], "uv_size": [1, 1]},
								"south": {"uv": [4, 23], "uv_size": [1, 1]},
								"west": {"uv": [23, 4], "uv_size": [1, 1]}
							}
						},
						{
							"origin": [-0.45, -0.675, -0.6125],
							"size": [0.6, 0.3, 0.15],
							"pivot": [-0.325, -0.65, -0.375],
							"rotation": [-45, 0, 0],
							"uv": {
								"east": {"uv": [5, 23], "uv_size": [1, 1]},
								"south": {"uv": [23, 5], "uv_size": [1, 1]},
								"west": {"uv": [6, 23], "uv_size": [1, 1]}
							}
						},
						{
							"origin": [-0.45, -1.175, -1.9625],
							"size": [0.6, 0.775, 0.2],
							"pivot": [-0.325, -0.9, -1.675],
							"rotation": [45, 0, 0],
							"uv": {
								"east": {"uv": [23, 6], "uv_size": [1, 1]},
								"south": {"uv": [7, 23], "uv_size": [1, 1]},
								"west": {"uv": [23, 7], "uv_size": [1, 1]}
							}
						},
						{
							"origin": [-0.2, -1.65, 0.8875],
							"size": [0.35, 0.35, 6.2375],
							"uv": {
								"north": {"uv": [8, 23], "uv_size": [1, 1]},
								"east": {"uv": [10, 8], "uv_size": [6, 1]},
								"west": {"uv": [10, 9], "uv_size": [6, 1]}
							}
						},
						{
							"origin": [-0.2, -1.65, -2.3625],
							"size": [0.35, 0.35, 2.9],
							"uv": {
								"east": {"uv": [16, 0], "uv_size": [3, 1]},
								"south": {"uv": [23, 8], "uv_size": [1, 1]},
								"west": {"uv": [1, 16], "uv_size": [3, 1]}
							}
						},
						{
							"origin": [-0.45, -1.8, -2.3625],
							"size": [0.6, 0.15, 9.4875],
							"uv": {
								"east": {"uv": [6, 1], "uv_size": [9, 1]},
								"west": {"uv": [6, 2], "uv_size": [9, 1]},
								"up": {"uv": [2, 7], "uv_size": [1, 9]},
								"down": {"uv": [3, 16], "uv_size": [1, -9]}
							}
						},
						{
							"origin": [-0.45, -0.4, -2.3125],
							"size": [0.6, 0.4, 9.0375],
							"uv": {
								"north": {"uv": [9, 23], "uv_size": [1, 1]},
								"east": {"uv": [6, 3], "uv_size": [9, 1]},
								"west": {"uv": [6, 4], "uv_size": [9, 1]},
								"up": {"uv": [4, 7], "uv_size": [1, 9]},
								"down": {"uv": [5, 16], "uv_size": [1, -9]}
							}
						},
						{
							"origin": [-0.2, -0.90429, 7.22929],
							"size": [0.35, 0.0625, 0.125],
							"pivot": [3.1, -1.225, 7.5125],
							"rotation": [45, 0, 0],
							"uv": {
								"east": {"uv": [23, 9], "uv_size": [1, 1]},
								"west": {"uv": [10, 23], "uv_size": [1, 1]},
								"up": {"uv": [23, 10], "uv_size": [1, 1]}
							}
						},
						{
							"origin": [-0.45, -1.8, 7.125],
							"size": [0.6, 1.8, 0.15],
							"uv": {
								"north": {"uv": [17, 7], "uv_size": [1, 2]},
								"east": {"uv": [17, 9], "uv_size": [1, 2]},
								"south": {"uv": [17, 16], "uv_size": [1, 2]},
								"west": {"uv": [18, 1], "uv_size": [1, 2]},
								"up": {"uv": [11, 23], "uv_size": [1, 1]},
								"down": {"uv": [23, 12], "uv_size": [1, -1]}
							}
						},
						{
							"origin": [-0.2, -0.80429, 7.39179],
							"size": [0.35, 0.875, 0.15],
							"pivot": [3.1, -1.225, 7.5125],
							"rotation": [45, 0, 0],
							"uv": {
								"north": {"uv": [12, 23], "uv_size": [1, 1]},
								"east": {"uv": [23, 12], "uv_size": [1, 1]},
								"west": {"uv": [13, 23], "uv_size": [1, 1]}
							}
						},
						{
							"origin": [-0.45, -0.23379, 7.78081],
							"size": [0.6, 0.1, 0.04989],
							"pivot": [3.1, -1.05, 7.5125],
							"rotation": [45, 0, 0],
							"uv": {
								"north": {"uv": [23, 13], "uv_size": [1, 1]},
								"east": {"uv": [14, 23], "uv_size": [1, 1]},
								"west": {"uv": [23, 14], "uv_size": [1, 1]}
							}
						},
						{
							"origin": [-0.45, -0.22914, 7.40973],
							"size": [0.6, 0.0625, 0.12348],
							"pivot": [3.1, -0.95, 7.2125],
							"rotation": [45, 0, 0],
							"uv": {
								"east": {"uv": [15, 23], "uv_size": [1, 1]},
								"west": {"uv": [23, 15], "uv_size": [1, 1]},
								"down": {"uv": [16, 24], "uv_size": [1, -1]}
							}
						},
						{
							"origin": [-0.45, -0.69164, 7.34723],
							"size": [0.6, 0.1875, 0.19848],
							"pivot": [3.1, -0.95, 7.2125],
							"rotation": [45, 0, 0],
							"uv": {
								"east": {"uv": [23, 16], "uv_size": [1, 1]},
								"west": {"uv": [17, 23], "uv_size": [1, 1]},
								"up": {"uv": [23, 17], "uv_size": [1, 1]}
							}
						},
						{
							"origin": [-0.45, -0.4, 6.725],
							"size": [0.6, 0.1875, 0.125],
							"uv": {
								"east": {"uv": [18, 23], "uv_size": [1, 1]},
								"south": {"uv": [23, 18], "uv_size": [1, 1]},
								"west": {"uv": [19, 23], "uv_size": [1, 1]}
							}
						},
						{
							"origin": [-0.45, -0.58531, 7.38876],
							"size": [0.6, 0.56276, 0.09053],
							"pivot": [3.1, -1.0125, 7.5125],
							"rotation": [45, 0, 0],
							"uv": {
								"north": {"uv": [23, 19], "uv_size": [1, 1]},
								"east": {"uv": [20, 23], "uv_size": [1, 1]},
								"south": {"uv": [23, 20], "uv_size": [1, 1]},
								"west": {"uv": [21, 23], "uv_size": [1, 1]}
							}
						},
						{
							"origin": [-0.45, -0.6, 6.9375],
							"size": [0.6, 0.1125, 0.1125],
							"uv": {
								"east": {"uv": [23, 21], "uv_size": [1, 1]},
								"west": {"uv": [22, 23], "uv_size": [1, 1]},
								"up": {"uv": [23, 22], "uv_size": [1, 1]}
							}
						},
						{
							"origin": [-0.45, -0.2125, 6.725],
							"size": [0.6, 0.2125, 0.4],
							"uv": {
								"east": {"uv": [23, 23], "uv_size": [1, 1]},
								"west": {"uv": [0, 24], "uv_size": [1, 1]},
								"up": {"uv": [24, 0], "uv_size": [1, 1]},
								"down": {"uv": [1, 25], "uv_size": [1, -1]}
							}
						},
						{
							"origin": [-0.2, -0.24179, 7.04179],
							"size": [0.35, 0.1625, 0.1625],
							"pivot": [3.1, -1.225, 7.0125],
							"rotation": [45, 0, 0],
							"uv": {
								"east": {"uv": [24, 1], "uv_size": [1, 1]},
								"west": {"uv": [2, 24], "uv_size": [1, 1]},
								"down": {"uv": [24, 3], "uv_size": [1, -1]}
							}
						},
						{
							"origin": [-0.2, -0.55, 6.3375],
							"size": [0.35, 0.0875, 0.0375],
							"uv": {
								"east": {"uv": [3, 24], "uv_size": [1, 1]},
								"south": {"uv": [24, 3], "uv_size": [1, 1]},
								"west": {"uv": [4, 24], "uv_size": [1, 1]}
							}
						},
						{
							"origin": [-0.2, -1.15429, 6.89179],
							"size": [0.35, 1.225, 0.15],
							"pivot": [3.1, -1.225, 7.0125],
							"rotation": [45, 0, 0],
							"uv": {
								"north": {"uv": [24, 4], "uv_size": [1, 1]},
								"east": {"uv": [5, 24], "uv_size": [1, 1]},
								"south": {"uv": [24, 5], "uv_size": [1, 1]},
								"west": {"uv": [6, 24], "uv_size": [1, 1]}
							}
						},
						{
							"origin": [-0.2, -1.075, 6.625],
							"size": [0.35, 0.075, 0.0375],
							"uv": {
								"north": {"uv": [24, 6], "uv_size": [1, 1]},
								"east": {"uv": [7, 24], "uv_size": [1, 1]},
								"west": {"uv": [24, 7], "uv_size": [1, 1]}
							}
						},
						{
							"origin": [-0.2, -1.00429, 6.72929],
							"size": [0.35, 0.1625, 0.1625],
							"pivot": [3.1, -1.225, 7.0125],
							"rotation": [45, 0, 0],
							"uv": {
								"east": {"uv": [8, 24], "uv_size": [1, 1]},
								"west": {"uv": [24, 8], "uv_size": [1, 1]},
								"up": {"uv": [9, 24], "uv_size": [1, 1]}
							}
						},
						{
							"origin": [-0.2, -0.24179, 6.54179],
							"size": [0.35, 0.1625, 0.1625],
							"pivot": [3.1, -1.225, 6.5125],
							"rotation": [45, 0, 0],
							"uv": {
								"east": {"uv": [24, 9], "uv_size": [1, 1]},
								"west": {"uv": [10, 24], "uv_size": [1, 1]},
								"down": {"uv": [24, 11], "uv_size": [1, -1]}
							}
						},
						{
							"origin": [-0.2, -0.55, 5.8375],
							"size": [0.35, 0.0875, 0.0375],
							"uv": {
								"east": {"uv": [11, 24], "uv_size": [1, 1]},
								"south": {"uv": [24, 11], "uv_size": [1, 1]},
								"west": {"uv": [12, 24], "uv_size": [1, 1]}
							}
						},
						{
							"origin": [-0.2, -1.15429, 6.39179],
							"size": [0.35, 1.225, 0.15],
							"pivot": [3.1, -1.225, 6.5125],
							"rotation": [45, 0, 0],
							"uv": {
								"north": {"uv": [24, 12], "uv_size": [1, 1]},
								"east": {"uv": [13, 24], "uv_size": [1, 1]},
								"south": {"uv": [24, 13], "uv_size": [1, 1]},
								"west": {"uv": [14, 24], "uv_size": [1, 1]}
							}
						},
						{
							"origin": [-0.2, -1.075, 6.125],
							"size": [0.35, 0.075, 0.0375],
							"uv": {
								"north": {"uv": [24, 14], "uv_size": [1, 1]},
								"east": {"uv": [15, 24], "uv_size": [1, 1]},
								"west": {"uv": [24, 15], "uv_size": [1, 1]}
							}
						},
						{
							"origin": [-0.2, -1.00429, 6.22929],
							"size": [0.35, 0.1625, 0.1625],
							"pivot": [3.1, -1.225, 6.5125],
							"rotation": [45, 0, 0],
							"uv": {
								"east": {"uv": [16, 24], "uv_size": [1, 1]},
								"west": {"uv": [24, 16], "uv_size": [1, 1]},
								"up": {"uv": [17, 24], "uv_size": [1, 1]}
							}
						},
						{
							"origin": [-0.2, -0.24179, 6.04179],
							"size": [0.35, 0.1625, 0.1625],
							"pivot": [3.1, -1.225, 6.0125],
							"rotation": [45, 0, 0],
							"uv": {
								"east": {"uv": [24, 17], "uv_size": [1, 1]},
								"west": {"uv": [18, 24], "uv_size": [1, 1]},
								"down": {"uv": [24, 19], "uv_size": [1, -1]}
							}
						},
						{
							"origin": [-0.2, -0.55, 5.3375],
							"size": [0.35, 0.0875, 0.0375],
							"uv": {
								"east": {"uv": [19, 24], "uv_size": [1, 1]},
								"south": {"uv": [24, 19], "uv_size": [1, 1]},
								"west": {"uv": [20, 24], "uv_size": [1, 1]}
							}
						},
						{
							"origin": [-0.2, -1.15429, 5.89179],
							"size": [0.35, 1.225, 0.15],
							"pivot": [3.1, -1.225, 6.0125],
							"rotation": [45, 0, 0],
							"uv": {
								"north": {"uv": [24, 20], "uv_size": [1, 1]},
								"east": {"uv": [21, 24], "uv_size": [1, 1]},
								"south": {"uv": [24, 21], "uv_size": [1, 1]},
								"west": {"uv": [22, 24], "uv_size": [1, 1]}
							}
						},
						{
							"origin": [-0.2, -1.075, 5.625],
							"size": [0.35, 0.075, 0.0375],
							"uv": {
								"north": {"uv": [24, 22], "uv_size": [1, 1]},
								"east": {"uv": [23, 24], "uv_size": [1, 1]},
								"west": {"uv": [24, 23], "uv_size": [1, 1]}
							}
						},
						{
							"origin": [-0.2, -1.00429, 5.72929],
							"size": [0.35, 0.1625, 0.1625],
							"pivot": [3.1, -1.225, 6.0125],
							"rotation": [45, 0, 0],
							"uv": {
								"east": {"uv": [24, 24], "uv_size": [1, 1]},
								"west": {"uv": [0, 25], "uv_size": [1, 1]},
								"up": {"uv": [25, 0], "uv_size": [1, 1]}
							}
						},
						{
							"origin": [-0.2, -0.24179, 5.54179],
							"size": [0.35, 0.1625, 0.1625],
							"pivot": [3.1, -1.225, 5.5125],
							"rotation": [45, 0, 0],
							"uv": {
								"east": {"uv": [1, 25], "uv_size": [1, 1]},
								"west": {"uv": [25, 1], "uv_size": [1, 1]},
								"down": {"uv": [2, 26], "uv_size": [1, -1]}
							}
						},
						{
							"origin": [-0.2, -0.55, 4.8375],
							"size": [0.35, 0.0875, 0.0375],
							"uv": {
								"east": {"uv": [25, 2], "uv_size": [1, 1]},
								"south": {"uv": [3, 25], "uv_size": [1, 1]},
								"west": {"uv": [25, 3], "uv_size": [1, 1]}
							}
						},
						{
							"origin": [-0.2, -1.15429, 5.39179],
							"size": [0.35, 1.225, 0.15],
							"pivot": [3.1, -1.225, 5.5125],
							"rotation": [45, 0, 0],
							"uv": {
								"north": {"uv": [4, 25], "uv_size": [1, 1]},
								"east": {"uv": [25, 4], "uv_size": [1, 1]},
								"south": {"uv": [5, 25], "uv_size": [1, 1]},
								"west": {"uv": [25, 5], "uv_size": [1, 1]}
							}
						},
						{
							"origin": [-0.2, -1.075, 5.125],
							"size": [0.35, 0.075, 0.0375],
							"uv": {
								"north": {"uv": [6, 25], "uv_size": [1, 1]},
								"east": {"uv": [25, 6], "uv_size": [1, 1]},
								"west": {"uv": [7, 25], "uv_size": [1, 1]}
							}
						},
						{
							"origin": [-0.2, -1.00429, 5.22929],
							"size": [0.35, 0.1625, 0.1625],
							"pivot": [3.1, -1.225, 5.5125],
							"rotation": [45, 0, 0],
							"uv": {
								"east": {"uv": [25, 7], "uv_size": [1, 1]},
								"west": {"uv": [8, 25], "uv_size": [1, 1]},
								"up": {"uv": [25, 8], "uv_size": [1, 1]}
							}
						},
						{
							"origin": [-0.2, -0.24179, 5.04179],
							"size": [0.35, 0.1625, 0.1625],
							"pivot": [3.1, -1.225, 5.0125],
							"rotation": [45, 0, 0],
							"uv": {
								"east": {"uv": [9, 25], "uv_size": [1, 1]},
								"west": {"uv": [25, 9], "uv_size": [1, 1]},
								"down": {"uv": [10, 26], "uv_size": [1, -1]}
							}
						},
						{
							"origin": [-0.2, -0.55, 4.3375],
							"size": [0.35, 0.0875, 0.0375],
							"uv": {
								"east": {"uv": [25, 10], "uv_size": [1, 1]},
								"south": {"uv": [11, 25], "uv_size": [1, 1]},
								"west": {"uv": [25, 11], "uv_size": [1, 1]}
							}
						},
						{
							"origin": [-0.2, -1.15429, 4.89179],
							"size": [0.35, 1.225, 0.15],
							"pivot": [3.1, -1.225, 5.0125],
							"rotation": [45, 0, 0],
							"uv": {
								"north": {"uv": [12, 25], "uv_size": [1, 1]},
								"east": {"uv": [25, 12], "uv_size": [1, 1]},
								"south": {"uv": [13, 25], "uv_size": [1, 1]},
								"west": {"uv": [25, 13], "uv_size": [1, 1]}
							}
						},
						{
							"origin": [-0.2, -1.075, 4.625],
							"size": [0.35, 0.075, 0.0375],
							"uv": {
								"north": {"uv": [14, 25], "uv_size": [1, 1]},
								"east": {"uv": [25, 14], "uv_size": [1, 1]},
								"west": {"uv": [15, 25], "uv_size": [1, 1]}
							}
						},
						{
							"origin": [-0.2, -1.00429, 4.72929],
							"size": [0.35, 0.1625, 0.1625],
							"pivot": [3.1, -1.225, 5.0125],
							"rotation": [45, 0, 0],
							"uv": {
								"east": {"uv": [25, 15], "uv_size": [1, 1]},
								"west": {"uv": [16, 25], "uv_size": [1, 1]},
								"up": {"uv": [25, 16], "uv_size": [1, 1]}
							}
						},
						{
							"origin": [-0.2, -0.24179, 4.54179],
							"size": [0.35, 0.1625, 0.1625],
							"pivot": [3.1, -1.225, 4.5125],
							"rotation": [45, 0, 0],
							"uv": {
								"east": {"uv": [17, 25], "uv_size": [1, 1]},
								"west": {"uv": [25, 17], "uv_size": [1, 1]},
								"down": {"uv": [18, 26], "uv_size": [1, -1]}
							}
						},
						{
							"origin": [-0.2, -0.55, 3.8375],
							"size": [0.35, 0.0875, 0.0375],
							"uv": {
								"east": {"uv": [25, 18], "uv_size": [1, 1]},
								"south": {"uv": [19, 25], "uv_size": [1, 1]},
								"west": {"uv": [25, 19], "uv_size": [1, 1]}
							}
						},
						{
							"origin": [-0.2, -1.15429, 4.39179],
							"size": [0.35, 1.225, 0.15],
							"pivot": [3.1, -1.225, 4.5125],
							"rotation": [45, 0, 0],
							"uv": {
								"north": {"uv": [20, 25], "uv_size": [1, 1]},
								"east": {"uv": [25, 20], "uv_size": [1, 1]},
								"south": {"uv": [21, 25], "uv_size": [1, 1]},
								"west": {"uv": [25, 21], "uv_size": [1, 1]}
							}
						},
						{
							"origin": [-0.2, -1.075, 4.125],
							"size": [0.35, 0.075, 0.0375],
							"uv": {
								"north": {"uv": [22, 25], "uv_size": [1, 1]},
								"east": {"uv": [25, 22], "uv_size": [1, 1]},
								"west": {"uv": [23, 25], "uv_size": [1, 1]}
							}
						},
						{
							"origin": [-0.2, -1.00429, 4.22929],
							"size": [0.35, 0.1625, 0.1625],
							"pivot": [3.1, -1.225, 4.5125],
							"rotation": [45, 0, 0],
							"uv": {
								"east": {"uv": [25, 23], "uv_size": [1, 1]},
								"west": {"uv": [24, 25], "uv_size": [1, 1]},
								"up": {"uv": [25, 24], "uv_size": [1, 1]}
							}
						},
						{
							"origin": [-0.2, -0.24179, 4.04179],
							"size": [0.35, 0.1625, 0.1625],
							"pivot": [3.1, -1.225, 4.0125],
							"rotation": [45, 0, 0],
							"uv": {
								"east": {"uv": [25, 25], "uv_size": [1, 1]},
								"west": {"uv": [0, 26], "uv_size": [1, 1]},
								"down": {"uv": [26, 1], "uv_size": [1, -1]}
							}
						},
						{
							"origin": [-0.2, -0.55, 3.3375],
							"size": [0.35, 0.0875, 0.0375],
							"uv": {
								"east": {"uv": [1, 26], "uv_size": [1, 1]},
								"south": {"uv": [26, 1], "uv_size": [1, 1]},
								"west": {"uv": [2, 26], "uv_size": [1, 1]}
							}
						},
						{
							"origin": [-0.2, -1.15429, 3.89179],
							"size": [0.35, 1.225, 0.15],
							"pivot": [3.1, -1.225, 4.0125],
							"rotation": [45, 0, 0],
							"uv": {
								"north": {"uv": [26, 2], "uv_size": [1, 1]},
								"east": {"uv": [3, 26], "uv_size": [1, 1]},
								"south": {"uv": [26, 3], "uv_size": [1, 1]},
								"west": {"uv": [4, 26], "uv_size": [1, 1]}
							}
						},
						{
							"origin": [-0.2, -1.075, 3.625],
							"size": [0.35, 0.075, 0.0375],
							"uv": {
								"north": {"uv": [26, 4], "uv_size": [1, 1]},
								"east": {"uv": [5, 26], "uv_size": [1, 1]},
								"west": {"uv": [26, 5], "uv_size": [1, 1]}
							}
						},
						{
							"origin": [-0.2, -1.00429, 3.72929],
							"size": [0.35, 0.1625, 0.1625],
							"pivot": [3.1, -1.225, 4.0125],
							"rotation": [45, 0, 0],
							"uv": {
								"east": {"uv": [6, 26], "uv_size": [1, 1]},
								"west": {"uv": [26, 6], "uv_size": [1, 1]},
								"up": {"uv": [7, 26], "uv_size": [1, 1]}
							}
						},
						{
							"origin": [-0.2, -0.24179, 3.54179],
							"size": [0.35, 0.1625, 0.1625],
							"pivot": [3.1, -1.225, 3.5125],
							"rotation": [45, 0, 0],
							"uv": {
								"east": {"uv": [26, 7], "uv_size": [1, 1]},
								"west": {"uv": [8, 26], "uv_size": [1, 1]},
								"down": {"uv": [26, 9], "uv_size": [1, -1]}
							}
						},
						{
							"origin": [-0.2, -0.55, 2.8375],
							"size": [0.35, 0.0875, 0.0375],
							"uv": {
								"east": {"uv": [9, 26], "uv_size": [1, 1]},
								"south": {"uv": [26, 9], "uv_size": [1, 1]},
								"west": {"uv": [10, 26], "uv_size": [1, 1]}
							}
						},
						{
							"origin": [-0.2, -1.15429, 3.39179],
							"size": [0.35, 1.225, 0.15],
							"pivot": [3.1, -1.225, 3.5125],
							"rotation": [45, 0, 0],
							"uv": {
								"north": {"uv": [26, 10], "uv_size": [1, 1]},
								"east": {"uv": [11, 26], "uv_size": [1, 1]},
								"south": {"uv": [26, 11], "uv_size": [1, 1]},
								"west": {"uv": [12, 26], "uv_size": [1, 1]}
							}
						},
						{
							"origin": [-0.2, -1.075, 3.125],
							"size": [0.35, 0.075, 0.0375],
							"uv": {
								"north": {"uv": [26, 12], "uv_size": [1, 1]},
								"east": {"uv": [13, 26], "uv_size": [1, 1]},
								"west": {"uv": [26, 13], "uv_size": [1, 1]}
							}
						},
						{
							"origin": [-0.2, -1.00429, 3.22929],
							"size": [0.35, 0.1625, 0.1625],
							"pivot": [3.1, -1.225, 3.5125],
							"rotation": [45, 0, 0],
							"uv": {
								"east": {"uv": [14, 26], "uv_size": [1, 1]},
								"west": {"uv": [26, 14], "uv_size": [1, 1]},
								"up": {"uv": [15, 26], "uv_size": [1, 1]}
							}
						},
						{
							"origin": [-0.2, -0.24179, 3.04179],
							"size": [0.35, 0.1625, 0.1625],
							"pivot": [3.1, -1.225, 3.0125],
							"rotation": [45, 0, 0],
							"uv": {
								"east": {"uv": [26, 15], "uv_size": [1, 1]},
								"west": {"uv": [16, 26], "uv_size": [1, 1]},
								"down": {"uv": [26, 17], "uv_size": [1, -1]}
							}
						},
						{
							"origin": [-0.2, -0.55, 2.3375],
							"size": [0.35, 0.0875, 0.0375],
							"uv": {
								"east": {"uv": [17, 26], "uv_size": [1, 1]},
								"south": {"uv": [26, 17], "uv_size": [1, 1]},
								"west": {"uv": [18, 26], "uv_size": [1, 1]}
							}
						},
						{
							"origin": [-0.2, -1.15429, 2.89179],
							"size": [0.35, 1.225, 0.15],
							"pivot": [3.1, -1.225, 3.0125],
							"rotation": [45, 0, 0],
							"uv": {
								"north": {"uv": [26, 18], "uv_size": [1, 1]},
								"east": {"uv": [19, 26], "uv_size": [1, 1]},
								"south": {"uv": [26, 19], "uv_size": [1, 1]},
								"west": {"uv": [20, 26], "uv_size": [1, 1]}
							}
						},
						{
							"origin": [-0.2, -1.075, 2.625],
							"size": [0.35, 0.075, 0.0375],
							"uv": {
								"north": {"uv": [26, 20], "uv_size": [1, 1]},
								"east": {"uv": [21, 26], "uv_size": [1, 1]},
								"west": {"uv": [26, 21], "uv_size": [1, 1]}
							}
						},
						{
							"origin": [-0.2, -1.00429, 2.72929],
							"size": [0.35, 0.1625, 0.1625],
							"pivot": [3.1, -1.225, 3.0125],
							"rotation": [45, 0, 0],
							"uv": {
								"east": {"uv": [22, 26], "uv_size": [1, 1]},
								"west": {"uv": [26, 22], "uv_size": [1, 1]},
								"up": {"uv": [23, 26], "uv_size": [1, 1]}
							}
						},
						{
							"origin": [-0.2, -0.24179, 2.54179],
							"size": [0.35, 0.1625, 0.1625],
							"pivot": [3.1, -1.225, 2.5125],
							"rotation": [45, 0, 0],
							"uv": {
								"east": {"uv": [26, 23], "uv_size": [1, 1]},
								"west": {"uv": [24, 26], "uv_size": [1, 1]},
								"down": {"uv": [26, 25], "uv_size": [1, -1]}
							}
						},
						{
							"origin": [-0.2, -0.55, 1.8375],
							"size": [0.35, 0.0875, 0.0375],
							"uv": {
								"east": {"uv": [25, 26], "uv_size": [1, 1]},
								"south": {"uv": [26, 25], "uv_size": [1, 1]},
								"west": {"uv": [26, 26], "uv_size": [1, 1]}
							}
						},
						{
							"origin": [-0.2, -1.15429, 2.39179],
							"size": [0.35, 1.225, 0.15],
							"pivot": [3.1, -1.225, 2.5125],
							"rotation": [45, 0, 0],
							"uv": {
								"north": {"uv": [0, 27], "uv_size": [1, 1]},
								"east": {"uv": [27, 0], "uv_size": [1, 1]},
								"south": {"uv": [1, 27], "uv_size": [1, 1]},
								"west": {"uv": [27, 1], "uv_size": [1, 1]}
							}
						},
						{
							"origin": [-0.2, -1.075, 2.125],
							"size": [0.35, 0.075, 0.0375],
							"uv": {
								"north": {"uv": [2, 27], "uv_size": [1, 1]},
								"east": {"uv": [27, 2], "uv_size": [1, 1]},
								"west": {"uv": [3, 27], "uv_size": [1, 1]}
							}
						},
						{
							"origin": [-0.2, -1.00429, 2.22929],
							"size": [0.35, 0.1625, 0.1625],
							"pivot": [3.1, -1.225, 2.5125],
							"rotation": [45, 0, 0],
							"uv": {
								"east": {"uv": [27, 3], "uv_size": [1, 1]},
								"west": {"uv": [4, 27], "uv_size": [1, 1]},
								"up": {"uv": [27, 4], "uv_size": [1, 1]}
							}
						},
						{
							"origin": [-0.2, -0.24179, 2.04179],
							"size": [0.35, 0.1625, 0.1625],
							"pivot": [3.1, -1.225, 2.0125],
							"rotation": [45, 0, 0],
							"uv": {
								"east": {"uv": [5, 27], "uv_size": [1, 1]},
								"west": {"uv": [27, 5], "uv_size": [1, 1]},
								"down": {"uv": [6, 28], "uv_size": [1, -1]}
							}
						},
						{
							"origin": [-0.2, -0.55, 1.3375],
							"size": [0.35, 0.0875, 0.0375],
							"uv": {
								"east": {"uv": [27, 6], "uv_size": [1, 1]},
								"south": {"uv": [7, 27], "uv_size": [1, 1]},
								"west": {"uv": [27, 7], "uv_size": [1, 1]}
							}
						},
						{
							"origin": [-0.2, -1.15429, 1.89179],
							"size": [0.35, 1.225, 0.15],
							"pivot": [3.1, -1.225, 2.0125],
							"rotation": [45, 0, 0],
							"uv": {
								"north": {"uv": [8, 27], "uv_size": [1, 1]},
								"east": {"uv": [27, 8], "uv_size": [1, 1]},
								"south": {"uv": [9, 27], "uv_size": [1, 1]},
								"west": {"uv": [27, 9], "uv_size": [1, 1]}
							}
						},
						{
							"origin": [-0.2, -1.075, 1.625],
							"size": [0.35, 0.075, 0.0375],
							"uv": {
								"north": {"uv": [10, 27], "uv_size": [1, 1]},
								"east": {"uv": [27, 10], "uv_size": [1, 1]},
								"west": {"uv": [11, 27], "uv_size": [1, 1]}
							}
						},
						{
							"origin": [-0.2, -1.00429, 1.72929],
							"size": [0.35, 0.1625, 0.1625],
							"pivot": [3.1, -1.225, 2.0125],
							"rotation": [45, 0, 0],
							"uv": {
								"east": {"uv": [27, 11], "uv_size": [1, 1]},
								"west": {"uv": [12, 27], "uv_size": [1, 1]},
								"up": {"uv": [27, 12], "uv_size": [1, 1]}
							}
						},
						{
							"origin": [-0.2, -0.24179, 1.54179],
							"size": [0.35, 0.1625, 0.1625],
							"pivot": [3.1, -1.225, 1.5125],
							"rotation": [45, 0, 0],
							"uv": {
								"east": {"uv": [13, 27], "uv_size": [1, 1]},
								"west": {"uv": [27, 13], "uv_size": [1, 1]},
								"down": {"uv": [14, 28], "uv_size": [1, -1]}
							}
						},
						{
							"origin": [-0.2, -0.55, 0.8375],
							"size": [0.35, 0.0875, 0.0375],
							"uv": {
								"east": {"uv": [27, 14], "uv_size": [1, 1]},
								"south": {"uv": [15, 27], "uv_size": [1, 1]},
								"west": {"uv": [27, 15], "uv_size": [1, 1]}
							}
						},
						{
							"origin": [-0.2, -1.15429, 1.39179],
							"size": [0.35, 1.225, 0.15],
							"pivot": [3.1, -1.225, 1.5125],
							"rotation": [45, 0, 0],
							"uv": {
								"north": {"uv": [16, 27], "uv_size": [1, 1]},
								"east": {"uv": [27, 16], "uv_size": [1, 1]},
								"south": {"uv": [17, 27], "uv_size": [1, 1]},
								"west": {"uv": [27, 17], "uv_size": [1, 1]}
							}
						},
						{
							"origin": [-0.2, -1.075, 1.125],
							"size": [0.35, 0.075, 0.0375],
							"uv": {
								"north": {"uv": [18, 27], "uv_size": [1, 1]},
								"east": {"uv": [27, 18], "uv_size": [1, 1]},
								"west": {"uv": [19, 27], "uv_size": [1, 1]}
							}
						},
						{
							"origin": [-0.2, -1.00429, 1.22929],
							"size": [0.35, 0.1625, 0.1625],
							"pivot": [3.1, -1.225, 1.5125],
							"rotation": [45, 0, 0],
							"uv": {
								"east": {"uv": [27, 19], "uv_size": [1, 1]},
								"west": {"uv": [20, 27], "uv_size": [1, 1]},
								"up": {"uv": [27, 20], "uv_size": [1, 1]}
							}
						},
						{
							"origin": [-0.2, -0.24179, 1.04179],
							"size": [0.35, 0.1625, 0.1625],
							"pivot": [3.1, -1.225, 1.0125],
							"rotation": [45, 0, 0],
							"uv": {
								"east": {"uv": [21, 27], "uv_size": [1, 1]},
								"west": {"uv": [27, 21], "uv_size": [1, 1]},
								"down": {"uv": [22, 28], "uv_size": [1, -1]}
							}
						},
						{
							"origin": [-0.2, -0.55, 0.3375],
							"size": [0.35, 0.0875, 0.0375],
							"uv": {
								"east": {"uv": [27, 22], "uv_size": [1, 1]},
								"south": {"uv": [23, 27], "uv_size": [1, 1]},
								"west": {"uv": [27, 23], "uv_size": [1, 1]}
							}
						},
						{
							"origin": [-0.2, -1.15429, 0.89179],
							"size": [0.35, 1.225, 0.15],
							"pivot": [3.1, -1.225, 1.0125],
							"rotation": [45, 0, 0],
							"uv": {
								"north": {"uv": [24, 27], "uv_size": [1, 1]},
								"east": {"uv": [27, 24], "uv_size": [1, 1]},
								"south": {"uv": [25, 27], "uv_size": [1, 1]},
								"west": {"uv": [27, 25], "uv_size": [1, 1]}
							}
						},
						{
							"origin": [-0.2, -1.15513, 0.02725],
							"size": [0.35, 1.58834, 0.51454],
							"pivot": [3.1, -1.225, 0.5125],
							"rotation": [45, 0, 0],
							"uv": {
								"east": {"uv": [18, 7], "uv_size": [1, 2]},
								"south": {"uv": [18, 9], "uv_size": [1, 2]},
								"west": {"uv": [15, 18], "uv_size": [1, 2]}
							}
						},
						{
							"origin": [-0.2, -1.075, 0.625],
							"size": [0.35, 0.075, 0.0375],
							"uv": {
								"north": {"uv": [26, 27], "uv_size": [1, 1]},
								"east": {"uv": [27, 26], "uv_size": [1, 1]},
								"west": {"uv": [27, 27], "uv_size": [1, 1]}
							}
						},
						{
							"origin": [-0.2, -1.00429, 0.72929],
							"size": [0.35, 0.1625, 0.1625],
							"pivot": [3.1, -1.225, 1.0125],
							"rotation": [45, 0, 0],
							"uv": {
								"east": {"uv": [0, 28], "uv_size": [1, 1]},
								"west": {"uv": [28, 0], "uv_size": [1, 1]},
								"up": {"uv": [1, 28], "uv_size": [1, 1]}
							}
						},
						{
							"origin": [-0.2, -0.24179, 0.54179],
							"size": [0.35, 0.1625, 0.1625],
							"pivot": [3.1, -1.225, 0.5125],
							"rotation": [45, 0, 0],
							"uv": {
								"east": {"uv": [28, 1], "uv_size": [1, 1]},
								"west": {"uv": [2, 28], "uv_size": [1, 1]},
								"down": {"uv": [28, 3], "uv_size": [1, -1]}
							}
						},
						{
							"origin": [-0.2, -0.55, -0.1625],
							"size": [0.35, 0.0875, 0.0375],
							"uv": {
								"east": {"uv": [3, 28], "uv_size": [1, 1]},
								"south": {"uv": [28, 3], "uv_size": [1, 1]},
								"west": {"uv": [4, 28], "uv_size": [1, 1]}
							}
						}
					]
				},
				{
					"name": "sling",
					"parent": "Zenit_PT1S",
					"pivot": [0, -0.075, -2.4375],
					"rotation": [2.5, 0, 0],
					"cubes": [
						{
							"origin": [-0.7, -0.1875, -2.5625],
							"size": [1, 0.225, 0.25],
							"uv": {
								"north": {"uv": [28, 4], "uv_size": [1, 1]},
								"south": {"uv": [5, 28], "uv_size": [1, 1]},
								"up": {"uv": [28, 5], "uv_size": [1, 1]},
								"down": {"uv": [6, 29], "uv_size": [1, -1]}
							}
						},
						{
							"origin": [0.3, -2.2125, -2.5625],
							"size": [0.25, 2.25, 0.25],
							"uv": {
								"north": {"uv": [16, 18], "uv_size": [1, 2]},
								"east": {"uv": [18, 16], "uv_size": [1, 2]},
								"south": {"uv": [17, 18], "uv_size": [1, 2]},
								"west": {"uv": [18, 18], "uv_size": [1, 2]},
								"up": {"uv": [28, 6], "uv_size": [1, 1]},
								"down": {"uv": [7, 29], "uv_size": [1, -1]}
							}
						},
						{
							"origin": [-0.95, -2.2125, -2.5625],
							"size": [0.25, 2.25, 0.25],
							"uv": {
								"north": {"uv": [19, 0], "uv_size": [1, 2]},
								"east": {"uv": [1, 19], "uv_size": [1, 2]},
								"south": {"uv": [2, 19], "uv_size": [1, 2]},
								"west": {"uv": [19, 2], "uv_size": [1, 2]},
								"up": {"uv": [28, 7], "uv_size": [1, 1]},
								"down": {"uv": [8, 29], "uv_size": [1, -1]}
							}
						},
						{
							"origin": [-0.7, -2.2125, -2.5625],
							"size": [1, 0.225, 0.25],
							"uv": {
								"north": {"uv": [28, 8], "uv_size": [1, 1]},
								"south": {"uv": [9, 28], "uv_size": [1, 1]},
								"up": {"uv": [28, 9], "uv_size": [1, 1]},
								"down": {"uv": [10, 29], "uv_size": [1, -1]}
							}
						}
					]
				},
				{
					"name": "ext",
					"parent": "Zenit_PT1S",
					"pivot": [0, -8.65, -6.975]
				},
				{
					"name": "extbase",
					"parent": "ext",
					"pivot": [0, -4.225, 7.7125],
					"cubes": [
						{
							"origin": [-0.7, -0.6, 4.875],
							"size": [0.1, 0.6, 0.1],
							"uv": {
								"north": {"uv": [28, 10], "uv_size": [1, 1]},
								"east": {"uv": [11, 28], "uv_size": [1, 1]},
								"south": {"uv": [28, 11], "uv_size": [1, 1]},
								"up": {"uv": [12, 28], "uv_size": [1, 1]},
								"down": {"uv": [28, 13], "uv_size": [1, -1]}
							}
						},
						{
							"origin": [-0.7, -1.8, 4.875],
							"size": [0.1, 0.9, 0.1],
							"uv": {
								"north": {"uv": [13, 28], "uv_size": [1, 1]},
								"east": {"uv": [28, 13], "uv_size": [1, 1]},
								"south": {"uv": [14, 28], "uv_size": [1, 1]},
								"up": {"uv": [28, 14], "uv_size": [1, 1]},
								"down": {"uv": [15, 29], "uv_size": [1, -1]}
							}
						},
						{
							"origin": [-0.7, -0.2, 4.975],
							"size": [0.1, 0.2, 0.875],
							"uv": {
								"east": {"uv": [28, 15], "uv_size": [1, 1]},
								"up": {"uv": [16, 28], "uv_size": [1, 1]},
								"down": {"uv": [28, 17], "uv_size": [1, -1]}
							}
						},
						{
							"origin": [-0.7, -1.8, 4.975],
							"size": [0.1, 0.45, 0.875],
							"uv": {
								"east": {"uv": [17, 28], "uv_size": [1, 1]},
								"up": {"uv": [28, 17], "uv_size": [1, 1]},
								"down": {"uv": [18, 29], "uv_size": [1, -1]}
							}
						},
						{
							"origin": [-0.7, -1.8, 6.5],
							"size": [0.1, 1.8, 0.15],
							"uv": {
								"north": {"uv": [3, 19], "uv_size": [1, 2]},
								"east": {"uv": [4, 19], "uv_size": [1, 2]},
								"south": {"uv": [19, 4], "uv_size": [1, 2]},
								"up": {"uv": [28, 18], "uv_size": [1, 1]},
								"down": {"uv": [19, 29], "uv_size": [1, -1]}
							}
						},
						{
							"origin": [-0.7, -1.8, 5.85],
							"size": [0.1, 1.8, 0.15],
							"uv": {
								"north": {"uv": [5, 19], "uv_size": [1, 2]},
								"east": {"uv": [19, 6], "uv_size": [1, 2]},
								"south": {"uv": [7, 19], "uv_size": [1, 2]},
								"up": {"uv": [28, 19], "uv_size": [1, 1]},
								"down": {"uv": [20, 29], "uv_size": [1, -1]}
							}
						},
						{
							"origin": [-0.95, -1.50821, 11.40429],
							"size": [0.25, 0.4, 0.4],
							"pivot": [0, -1.2375, 11.675],
							"rotation": [-45, 0, 0],
							"uv": {
								"north": {"uv": [28, 20], "uv_size": [1, 1]},
								"east": {"uv": [21, 28], "uv_size": [1, 1]},
								"south": {"uv": [28, 21], "uv_size": [1, 1]},
								"up": {"uv": [22, 28], "uv_size": [1, 1]},
								"down": {"uv": [28, 23], "uv_size": [1, -1]}
							}
						},
						{
							"origin": [-0.7, -1.8, 11.475],
							"size": [1, 1.8, 0.25],
							"uv": {
								"north": {"uv": [8, 19], "uv_size": [1, 2]},
								"east": {"uv": [19, 8], "uv_size": [1, 2]},
								"south": {"uv": [9, 19], "uv_size": [1, 2]},
								"west": {"uv": [19, 10], "uv_size": [1, 2]},
								"up": {"uv": [23, 28], "uv_size": [1, 1]},
								"down": {"uv": [28, 24], "uv_size": [1, -1]}
							}
						},
						{
							"origin": [-0.7, -1.8, 10.875],
							"size": [0.25, 1.8, 0.3],
							"uv": {
								"north": {"uv": [12, 19], "uv_size": [1, 2]},
								"east": {"uv": [19, 12], "uv_size": [1, 2]},
								"south": {"uv": [13, 19], "uv_size": [1, 2]},
								"west": {"uv": [14, 19], "uv_size": [1, 2]},
								"up": {"uv": [24, 28], "uv_size": [1, 1]},
								"down": {"uv": [28, 25], "uv_size": [1, -1]}
							}
						},
						{
							"origin": [-0.7, -0.4, 11.175],
							"size": [0.25, 0.4, 0.3],
							"uv": {
								"east": {"uv": [25, 28], "uv_size": [1, 1]},
								"west": {"uv": [28, 25], "uv_size": [1, 1]},
								"up": {"uv": [26, 28], "uv_size": [1, 1]},
								"down": {"uv": [28, 27], "uv_size": [1, -1]}
							}
						},
						{
							"origin": [-0.7, -1.8, 11.175],
							"size": [0.25, 0.75, 0.3],
							"uv": {
								"east": {"uv": [27, 28], "uv_size": [1, 1]},
								"west": {"uv": [28, 27], "uv_size": [1, 1]},
								"up": {"uv": [28, 28], "uv_size": [1, 1]},
								"down": {"uv": [0, 30], "uv_size": [1, -1]}
							}
						},
						{
							"origin": [-0.7, -0.2, 6.65],
							"size": [0.1, 0.2, 3.575],
							"uv": {
								"east": {"uv": [13, 5], "uv_size": [4, 1]},
								"up": {"uv": [7, 15], "uv_size": [1, 4]},
								"down": {"uv": [8, 19], "uv_size": [1, -4]}
							}
						},
						{
							"origin": [-0.7, -1.8, 6.65],
							"size": [0.1, 0.45, 3.575],
							"uv": {
								"east": {"uv": [13, 7], "uv_size": [4, 1]},
								"up": {"uv": [9, 15], "uv_size": [1, 4]},
								"down": {"uv": [15, 14], "uv_size": [1, -4]}
							}
						},
						{
							"origin": [-0.6, -1.8, 4.2],
							"size": [0.15, 1.8, 2.8],
							"uv": {
								"north": {"uv": [19, 14], "uv_size": [1, 2]},
								"east": {"uv": [10, 10], "uv_size": [3, 2]},
								"south": {"uv": [19, 16], "uv_size": [1, 2]},
								"west": {"uv": [10, 12], "uv_size": [3, 2]},
								"up": {"uv": [16, 1], "uv_size": [1, 3]},
								"down": {"uv": [4, 19], "uv_size": [1, -3]}
							}
						},
						{
							"origin": [-0.7, -0.92071, 5.57929],
							"size": [0.1, 0.2, 0.2],
							"pivot": [-0.4, -0.75, 5.75],
							"rotation": [-45, 0, 0],
							"uv": {
								"north": {"uv": [29, 0], "uv_size": [1, 1]},
								"east": {"uv": [1, 29], "uv_size": [1, 1]},
								"south": {"uv": [29, 1], "uv_size": [1, 1]},
								"up": {"uv": [2, 29], "uv_size": [1, 1]},
								"down": {"uv": [29, 3], "uv_size": [1, -1]}
							}
						},
						{
							"origin": [-0.7, -0.92071, 5.06679],
							"size": [0.1, 0.2, 0.2],
							"pivot": [-0.4, -0.75, 5.2375],
							"rotation": [-45, 0, 0],
							"uv": {
								"north": {"uv": [3, 29], "uv_size": [1, 1]},
								"east": {"uv": [29, 3], "uv_size": [1, 1]},
								"south": {"uv": [4, 29], "uv_size": [1, 1]},
								"up": {"uv": [29, 4], "uv_size": [1, 1]},
								"down": {"uv": [5, 30], "uv_size": [1, -1]}
							}
						},
						{
							"origin": [-0.7, -1.8, 10.225],
							"size": [0.1, 1.8, 0.15],
							"uv": {
								"north": {"uv": [19, 18], "uv_size": [1, 2]},
								"east": {"uv": [0, 20], "uv_size": [1, 2]},
								"south": {"uv": [20, 0], "uv_size": [1, 2]},
								"up": {"uv": [29, 5], "uv_size": [1, 1]},
								"down": {"uv": [6, 30], "uv_size": [1, -1]}
							}
						},
						{
							"origin": [-0.85, -0.775, 10.35],
							"size": [0.25, 0.55, 0.55],
							"pivot": [-0.725, -0.5, 10.625],
							"rotation": [-45, 0, 0],
							"uv": {
								"north": {"uv": [29, 6], "uv_size": [1, 1]},
								"east": {"uv": [7, 29], "uv_size": [1, 1]},
								"south": {"uv": [29, 7], "uv_size": [1, 1]},
								"up": {"uv": [8, 29], "uv_size": [1, 1]},
								"down": {"uv": [29, 9], "uv_size": [1, -1]}
							}
						},
						{
							"origin": [-0.85, -0.775, 5.975],
							"size": [0.25, 0.55, 0.55],
							"pivot": [-0.725, -0.5, 6.25],
							"rotation": [-45, 0, 0],
							"uv": {
								"north": {"uv": [9, 29], "uv_size": [1, 1]},
								"east": {"uv": [29, 9], "uv_size": [1, 1]},
								"south": {"uv": [10, 29], "uv_size": [1, 1]},
								"up": {"uv": [29, 10], "uv_size": [1, 1]},
								"down": {"uv": [11, 30], "uv_size": [1, -1]}
							}
						},
						{
							"origin": [-0.6, -1.8, 9.9],
							"size": [0.15, 1.8, 0.975],
							"uv": {
								"north": {"uv": [20, 2], "uv_size": [1, 2]},
								"east": {"uv": [20, 4], "uv_size": [1, 2]},
								"west": {"uv": [6, 20], "uv_size": [1, 2]},
								"up": {"uv": [29, 11], "uv_size": [1, 1]},
								"down": {"uv": [12, 30], "uv_size": [1, -1]}
							}
						},
						{
							"origin": [-0.6, -0.4, 7],
							"size": [0.15, 0.4, 2.9],
							"uv": {
								"east": {"uv": [16, 4], "uv_size": [3, 1]},
								"west": {"uv": [16, 6], "uv_size": [3, 1]},
								"up": {"uv": [5, 16], "uv_size": [1, 3]},
								"down": {"uv": [16, 11], "uv_size": [1, -3]}
							}
						},
						{
							"origin": [-0.6, -1.8, 7],
							"size": [0.15, 0.65, 2.9],
							"uv": {
								"east": {"uv": [16, 11], "uv_size": [3, 1]},
								"west": {"uv": [16, 12], "uv_size": [3, 1]},
								"up": {"uv": [13, 16], "uv_size": [1, 3]},
								"down": {"uv": [14, 19], "uv_size": [1, -3]}
							}
						},
						{
							"origin": [-0.6, -0.90429, 10.09179],
							"size": [0.15, 0.975, 0.15],
							"pivot": [0, -1.225, 10.2125],
							"rotation": [45, 0, 0],
							"uv": {
								"north": {"uv": [29, 12], "uv_size": [1, 1]},
								"east": {"uv": [13, 29], "uv_size": [1, 1]},
								"south": {"uv": [29, 13], "uv_size": [1, 1]},
								"west": {"uv": [14, 29], "uv_size": [1, 1]}
							}
						},
						{
							"origin": [-0.6, -1.15429, 9.59179],
							"size": [0.15, 1.225, 0.15],
							"pivot": [0, -1.225, 9.7125],
							"rotation": [45, 0, 0],
							"uv": {
								"north": {"uv": [29, 14], "uv_size": [1, 1]},
								"east": {"uv": [15, 29], "uv_size": [1, 1]},
								"south": {"uv": [29, 15], "uv_size": [1, 1]},
								"west": {"uv": [16, 29], "uv_size": [1, 1]}
							}
						},
						{
							"origin": [-0.6, -1.15429, 9.09179],
							"size": [0.15, 1.225, 0.15],
							"pivot": [0, -1.225, 9.2125],
							"rotation": [45, 0, 0],
							"uv": {
								"north": {"uv": [29, 16], "uv_size": [1, 1]},
								"east": {"uv": [17, 29], "uv_size": [1, 1]},
								"south": {"uv": [29, 17], "uv_size": [1, 1]},
								"west": {"uv": [18, 29], "uv_size": [1, 1]}
							}
						},
						{
							"origin": [-0.6, -1.15429, 8.59179],
							"size": [0.15, 1.225, 0.15],
							"pivot": [0, -1.225, 8.7125],
							"rotation": [45, 0, 0],
							"uv": {
								"north": {"uv": [29, 18], "uv_size": [1, 1]},
								"east": {"uv": [19, 29], "uv_size": [1, 1]},
								"south": {"uv": [29, 19], "uv_size": [1, 1]},
								"west": {"uv": [20, 29], "uv_size": [1, 1]}
							}
						},
						{
							"origin": [-0.6, -1.15429, 8.09179],
							"size": [0.15, 1.225, 0.15],
							"pivot": [0, -1.225, 8.2125],
							"rotation": [45, 0, 0],
							"uv": {
								"north": {"uv": [29, 20], "uv_size": [1, 1]},
								"east": {"uv": [21, 29], "uv_size": [1, 1]},
								"south": {"uv": [29, 21], "uv_size": [1, 1]},
								"west": {"uv": [22, 29], "uv_size": [1, 1]}
							}
						},
						{
							"origin": [-0.6, -1.15429, 7.59179],
							"size": [0.15, 0.9, 0.15],
							"pivot": [0, -1.225, 7.7125],
							"rotation": [45, 0, 0],
							"uv": {
								"north": {"uv": [29, 22], "uv_size": [1, 1]},
								"east": {"uv": [23, 29], "uv_size": [1, 1]},
								"south": {"uv": [29, 23], "uv_size": [1, 1]},
								"west": {"uv": [24, 29], "uv_size": [1, 1]}
							}
						},
						{
							"origin": [-0.6, -0.24179, 9.74179],
							"size": [0.15, 0.1625, 0.1625],
							"pivot": [0, -1.225, 9.7125],
							"rotation": [45, 0, 0],
							"uv": {
								"east": {"uv": [29, 24], "uv_size": [1, 1]},
								"west": {"uv": [25, 29], "uv_size": [1, 1]},
								"down": {"uv": [29, 26], "uv_size": [1, -1]}
							}
						},
						{
							"origin": [-0.6, -0.55, 9.0375],
							"size": [0.15, 0.0875, 0.0375],
							"uv": {
								"east": {"uv": [26, 29], "uv_size": [1, 1]},
								"south": {"uv": [29, 26], "uv_size": [1, 1]},
								"west": {"uv": [27, 29], "uv_size": [1, 1]}
							}
						},
						{
							"origin": [-0.6, -0.24179, 9.24179],
							"size": [0.15, 0.1625, 0.1625],
							"pivot": [0, -1.225, 9.2125],
							"rotation": [45, 0, 0],
							"uv": {
								"east": {"uv": [29, 27], "uv_size": [1, 1]},
								"west": {"uv": [28, 29], "uv_size": [1, 1]},
								"down": {"uv": [29, 29], "uv_size": [1, -1]}
							}
						},
						{
							"origin": [-0.6, -0.55, 8.5375],
							"size": [0.15, 0.0875, 0.0375],
							"uv": {
								"east": {"uv": [29, 29], "uv_size": [1, 1]},
								"south": {"uv": [0, 30], "uv_size": [1, 1]},
								"west": {"uv": [30, 0], "uv_size": [1, 1]}
							}
						},
						{
							"origin": [-0.6, -0.24179, 8.74179],
							"size": [0.15, 0.1625, 0.1625],
							"pivot": [0, -1.225, 8.7125],
							"rotation": [45, 0, 0],
							"uv": {
								"east": {"uv": [1, 30], "uv_size": [1, 1]},
								"west": {"uv": [30, 1], "uv_size": [1, 1]},
								"down": {"uv": [2, 31], "uv_size": [1, -1]}
							}
						},
						{
							"origin": [-0.6, -0.55, 8.0375],
							"size": [0.15, 0.0875, 0.0375],
							"uv": {
								"east": {"uv": [30, 2], "uv_size": [1, 1]},
								"south": {"uv": [3, 30], "uv_size": [1, 1]},
								"west": {"uv": [30, 3], "uv_size": [1, 1]}
							}
						},
						{
							"origin": [-0.6, -0.24179, 8.24179],
							"size": [0.15, 0.1625, 0.1625],
							"pivot": [0, -1.225, 8.2125],
							"rotation": [45, 0, 0],
							"uv": {
								"east": {"uv": [4, 30], "uv_size": [1, 1]},
								"west": {"uv": [30, 4], "uv_size": [1, 1]},
								"down": {"uv": [5, 31], "uv_size": [1, -1]}
							}
						},
						{
							"origin": [-0.6, -0.55, 7.5375],
							"size": [0.15, 0.0875, 0.0375],
							"uv": {
								"east": {"uv": [30, 5], "uv_size": [1, 1]},
								"south": {"uv": [6, 30], "uv_size": [1, 1]},
								"west": {"uv": [30, 6], "uv_size": [1, 1]}
							}
						},
						{
							"origin": [-0.6, -0.24179, 7.79179],
							"size": [0.15, 0.0625, 0.1125],
							"pivot": [0, -1.225, 7.7125],
							"rotation": [45, 0, 0],
							"uv": {
								"east": {"uv": [7, 30], "uv_size": [1, 1]},
								"west": {"uv": [30, 7], "uv_size": [1, 1]},
								"down": {"uv": [8, 31], "uv_size": [1, -1]}
							}
						},
						{
							"origin": [-0.6, -0.575, 7],
							"size": [0.15, 0.175, 0.075],
							"uv": {
								"east": {"uv": [30, 8], "uv_size": [1, 1]},
								"south": {"uv": [9, 30], "uv_size": [1, 1]},
								"west": {"uv": [30, 9], "uv_size": [1, 1]}
							}
						},
						{
							"origin": [-0.6, -1.075, 7.825],
							"size": [0.15, 0.075, 0.0375],
							"uv": {
								"north": {"uv": [10, 30], "uv_size": [1, 1]},
								"east": {"uv": [30, 10], "uv_size": [1, 1]},
								"west": {"uv": [11, 30], "uv_size": [1, 1]}
							}
						},
						{
							"origin": [-0.6, -1.00429, 7.92929],
							"size": [0.15, 0.1625, 0.1625],
							"pivot": [0, -1.225, 8.2125],
							"rotation": [45, 0, 0],
							"uv": {
								"east": {"uv": [30, 11], "uv_size": [1, 1]},
								"west": {"uv": [12, 30], "uv_size": [1, 1]},
								"up": {"uv": [30, 12], "uv_size": [1, 1]}
							}
						},
						{
							"origin": [-0.6, -1.075, 8.325],
							"size": [0.15, 0.075, 0.0375],
							"uv": {
								"north": {"uv": [13, 30], "uv_size": [1, 1]},
								"east": {"uv": [30, 13], "uv_size": [1, 1]},
								"west": {"uv": [14, 30], "uv_size": [1, 1]}
							}
						},
						{
							"origin": [-0.6, -1.00429, 8.42929],
							"size": [0.15, 0.1625, 0.1625],
							"pivot": [0, -1.225, 8.7125],
							"rotation": [45, 0, 0],
							"uv": {
								"east": {"uv": [30, 14], "uv_size": [1, 1]},
								"west": {"uv": [15, 30], "uv_size": [1, 1]},
								"up": {"uv": [30, 15], "uv_size": [1, 1]}
							}
						},
						{
							"origin": [-0.6, -1.075, 8.825],
							"size": [0.15, 0.075, 0.0375],
							"uv": {
								"north": {"uv": [16, 30], "uv_size": [1, 1]},
								"east": {"uv": [30, 16], "uv_size": [1, 1]},
								"west": {"uv": [17, 30], "uv_size": [1, 1]}
							}
						},
						{
							"origin": [-0.6, -1.00429, 8.92929],
							"size": [0.15, 0.1625, 0.1625],
							"pivot": [0, -1.225, 9.2125],
							"rotation": [45, 0, 0],
							"uv": {
								"east": {"uv": [30, 17], "uv_size": [1, 1]},
								"west": {"uv": [18, 30], "uv_size": [1, 1]},
								"up": {"uv": [30, 18], "uv_size": [1, 1]}
							}
						},
						{
							"origin": [-0.6, -1.075, 9.325],
							"size": [0.15, 0.075, 0.0375],
							"uv": {
								"north": {"uv": [19, 30], "uv_size": [1, 1]},
								"east": {"uv": [30, 19], "uv_size": [1, 1]},
								"west": {"uv": [20, 30], "uv_size": [1, 1]}
							}
						},
						{
							"origin": [-0.6, -1.00429, 9.42929],
							"size": [0.15, 0.1625, 0.1625],
							"pivot": [0, -1.225, 9.7125],
							"rotation": [45, 0, 0],
							"uv": {
								"east": {"uv": [30, 20], "uv_size": [1, 1]},
								"west": {"uv": [21, 30], "uv_size": [1, 1]},
								"up": {"uv": [30, 21], "uv_size": [1, 1]}
							}
						},
						{
							"origin": [-0.6, -1.075, 9.825],
							"size": [0.15, 0.075, 0.0375],
							"uv": {
								"north": {"uv": [22, 30], "uv_size": [1, 1]},
								"east": {"uv": [30, 22], "uv_size": [1, 1]},
								"west": {"uv": [23, 30], "uv_size": [1, 1]}
							}
						},
						{
							"origin": [-0.6, -0.95429, 9.92929],
							"size": [0.15, 0.1125, 0.1625],
							"pivot": [0, -1.225, 10.2125],
							"rotation": [45, 0, 0],
							"uv": {
								"east": {"uv": [30, 23], "uv_size": [1, 1]},
								"west": {"uv": [24, 30], "uv_size": [1, 1]},
								"up": {"uv": [30, 24], "uv_size": [1, 1]}
							}
						},
						{
							"origin": [-0.6, -0.27929, 10.24179],
							"size": [0.15, 0.2, 0.2],
							"pivot": [0, -1.225, 10.2125],
							"rotation": [45, 0, 0],
							"uv": {
								"east": {"uv": [25, 30], "uv_size": [1, 1]},
								"west": {"uv": [30, 25], "uv_size": [1, 1]},
								"down": {"uv": [26, 31], "uv_size": [1, -1]}
							}
						},
						{
							"origin": [-0.6, -0.75429, 10.24179],
							"size": [0.15, 0.2, 0.2],
							"pivot": [0, -1.225, 10.2125],
							"rotation": [45, 0, 0],
							"uv": {
								"east": {"uv": [30, 26], "uv_size": [1, 1]},
								"west": {"uv": [27, 30], "uv_size": [1, 1]},
								"up": {"uv": [30, 27], "uv_size": [1, 1]}
							}
						},
						{
							"origin": [-0.6, -0.47929, 10.51679],
							"size": [0.15, 0.125, 0.0625],
							"pivot": [0, -1.225, 10.2125],
							"rotation": [45, 0, 0],
							"uv": {
								"north": {"uv": [28, 30], "uv_size": [1, 1]},
								"east": {"uv": [30, 28], "uv_size": [1, 1]},
								"west": {"uv": [29, 30], "uv_size": [1, 1]}
							}
						},
						{
							"origin": [-0.6, -0.7375, 9.7],
							"size": [0.15, 0.0625, 0.125],
							"uv": {
								"east": {"uv": [30, 29], "uv_size": [1, 1]},
								"west": {"uv": [30, 30], "uv_size": [1, 1]},
								"up": {"uv": [0, 31], "uv_size": [1, 1]}
							}
						},
						{
							"origin": [-0.6, -0.6, 9.5625],
							"size": [0.15, 0.125, 0.0625],
							"uv": {
								"east": {"uv": [31, 0], "uv_size": [1, 1]},
								"south": {"uv": [1, 31], "uv_size": [1, 1]},
								"west": {"uv": [31, 1], "uv_size": [1, 1]}
							}
						},
						{
							"origin": [-0.6, -0.72929, 7.25429],
							"size": [0.15, 0.125, 0.0625],
							"pivot": [0, -1.225, 7.7125],
							"rotation": [45, 0, 0],
							"uv": {
								"east": {"uv": [2, 31], "uv_size": [1, 1]},
								"south": {"uv": [31, 2], "uv_size": [1, 1]},
								"west": {"uv": [3, 31], "uv_size": [1, 1]}
							}
						},
						{
							"origin": [-0.6, -1.00429, 7.39179],
							"size": [0.15, 0.2, 0.2],
							"pivot": [0, -1.225, 7.7125],
							"rotation": [45, 0, 0],
							"uv": {
								"east": {"uv": [31, 3], "uv_size": [1, 1]},
								"west": {"uv": [4, 31], "uv_size": [1, 1]},
								"up": {"uv": [31, 4], "uv_size": [1, 1]}
							}
						},
						{
							"origin": [-0.6, -0.52929, 7.39179],
							"size": [0.15, 0.2, 0.2],
							"pivot": [0, -1.225, 7.7125],
							"rotation": [45, 0, 0],
							"uv": {
								"east": {"uv": [5, 31], "uv_size": [1, 1]},
								"west": {"uv": [31, 5], "uv_size": [1, 1]},
								"down": {"uv": [6, 32], "uv_size": [1, -1]}
							}
						},
						{
							"origin": [-0.6, -0.875, 7.075],
							"size": [0.15, 0.0625, 0.125],
							"uv": {
								"east": {"uv": [31, 6], "uv_size": [1, 1]},
								"west": {"uv": [7, 31], "uv_size": [1, 1]},
								"down": {"uv": [31, 8], "uv_size": [1, -1]}
							}
						},
						{
							"origin": [-0.6, -1.075, 7.275],
							"size": [0.15, 0.125, 0.0625],
							"uv": {
								"north": {"uv": [8, 31], "uv_size": [1, 1]},
								"east": {"uv": [31, 8], "uv_size": [1, 1]},
								"west": {"uv": [9, 31], "uv_size": [1, 1]}
							}
						}
					]
				},
				{
					"name": "lock",
					"parent": "ext",
					"pivot": [-0.2, -3.725, 12.3],
					"cubes": [
						{
							"origin": [-0.825, -1.75, 5.075],
							"size": [0.125, 0.75, 0.6375],
							"uv": {
								"north": {"uv": [31, 9], "uv_size": [1, 1]},
								"east": {"uv": [10, 31], "uv_size": [1, 1]},
								"south": {"uv": [31, 10], "uv_size": [1, 1]},
								"west": {"uv": [11, 31], "uv_size": [1, 1]},
								"up": {"uv": [31, 11], "uv_size": [1, 1]},
								"down": {"uv": [12, 32], "uv_size": [1, -1]}
							}
						},
						{
							"origin": [-0.85, -1.8, 5.225],
							"size": [0.2, 1.35, 0.3375],
							"uv": {
								"north": {"uv": [31, 12], "uv_size": [1, 1]},
								"east": {"uv": [13, 31], "uv_size": [1, 1]},
								"south": {"uv": [31, 13], "uv_size": [1, 1]},
								"west": {"uv": [14, 31], "uv_size": [1, 1]},
								"up": {"uv": [31, 14], "uv_size": [1, 1]},
								"down": {"uv": [15, 32], "uv_size": [1, -1]}
							}
						}
					]
				},
				{
					"name": "cheek",
					"parent": "ext",
					"pivot": [0, -5.725, 12.3],
					"cubes": [
						{
							"origin": [-0.8, -0.9, 10.425],
							"size": [0.1, 0.1, 0.4],
							"uv": {
								"east": {"uv": [31, 15], "uv_size": [1, 1]},
								"west": {"uv": [16, 31], "uv_size": [1, 1]},
								"up": {"uv": [31, 16], "uv_size": [1, 1]},
								"down": {"uv": [17, 32], "uv_size": [1, -1]}
							}
						},
						{
							"origin": [-0.8, -0.9, 6.05],
							"size": [0.1, 0.1, 0.4],
							"uv": {
								"east": {"uv": [31, 17], "uv_size": [1, 1]},
								"west": {"uv": [18, 31], "uv_size": [1, 1]},
								"up": {"uv": [31, 18], "uv_size": [1, 1]},
								"down": {"uv": [19, 32], "uv_size": [1, -1]}
							}
						},
						{
							"origin": [-0.8, 1, 10.425],
							"size": [0.1, 0.1, 0.4],
							"uv": {
								"east": {"uv": [31, 19], "uv_size": [1, 1]},
								"west": {"uv": [20, 31], "uv_size": [1, 1]},
								"down": {"uv": [31, 21], "uv_size": [1, -1]}
							}
						},
						{
							"origin": [-0.8, 0.9, 6.65],
							"size": [0.1, 0.2, 3.575],
							"uv": {
								"east": {"uv": [15, 14], "uv_size": [4, 1]},
								"west": {"uv": [15, 15], "uv_size": [4, 1]},
								"down": {"uv": [0, 20], "uv_size": [1, -4]}
							}
						},
						{
							"origin": [-0.8, 0.97071, 10.94179],
							"size": [0.1, 0.2, 0.375],
							"pivot": [-0.55, 1, 11.1375],
							"rotation": [45, 0, 0],
							"uv": {
								"east": {"uv": [21, 31], "uv_size": [1, 1]},
								"west": {"uv": [31, 21], "uv_size": [1, 1]},
								"down": {"uv": [22, 32], "uv_size": [1, -1]}
							}
						},
						{
							"origin": [-0.8, 1, 6.05],
							"size": [0.1, 0.1, 0.4],
							"uv": {
								"east": {"uv": [31, 22], "uv_size": [1, 1]},
								"west": {"uv": [23, 31], "uv_size": [1, 1]},
								"down": {"uv": [31, 24], "uv_size": [1, -1]}
							}
						},
						{
							"origin": [-0.8, -0.9, 10.825],
							"size": [0.1, 2, 0.2],
							"uv": {
								"north": {"uv": [20, 6], "uv_size": [1, 2]},
								"east": {"uv": [20, 8], "uv_size": [1, 2]},
								"south": {"uv": [10, 20], "uv_size": [1, 2]},
								"west": {"uv": [20, 10], "uv_size": [1, 2]},
								"down": {"uv": [24, 32], "uv_size": [1, -1]}
							}
						},
						{
							"origin": [-0.8, -0.9, 10.225],
							"size": [0.1, 2, 0.2],
							"uv": {
								"north": {"uv": [11, 20], "uv_size": [1, 2]},
								"east": {"uv": [20, 12], "uv_size": [1, 2]},
								"south": {"uv": [20, 14], "uv_size": [1, 2]},
								"west": {"uv": [15, 20], "uv_size": [1, 2]},
								"down": {"uv": [31, 25], "uv_size": [1, -1]}
							}
						},
						{
							"origin": [-0.8, -0.9, 5.85],
							"size": [0.1, 2, 0.2],
							"uv": {
								"north": {"uv": [16, 20], "uv_size": [1, 2]},
								"east": {"uv": [20, 16], "uv_size": [1, 2]},
								"south": {"uv": [17, 20], "uv_size": [1, 2]},
								"west": {"uv": [18, 20], "uv_size": [1, 2]},
								"down": {"uv": [25, 32], "uv_size": [1, -1]}
							}
						},
						{
							"origin": [-0.8, -0.9, 6.45],
							"size": [0.1, 2, 0.2],
							"uv": {
								"north": {"uv": [20, 18], "uv_size": [1, 2]},
								"east": {"uv": [19, 20], "uv_size": [1, 2]},
								"south": {"uv": [20, 20], "uv_size": [1, 2]},
								"west": {"uv": [21, 0], "uv_size": [1, 2]},
								"down": {"uv": [31, 26], "uv_size": [1, -1]}
							}
						},
						{
							"origin": [-0.80957, 1.1, 4.125],
							"size": [1.475, 0.3625, 7.4],
							"uv": {
								"north": {"uv": [26, 31], "uv_size": [1, 1]},
								"east": {"uv": [6, 5], "uv_size": [7, 1]},
								"south": {"uv": [31, 26], "uv_size": [1, 1]},
								"west": {"uv": [6, 7], "uv_size": [7, 1]},
								"down": {"uv": [6, 15], "uv_size": [1, -7]}
							}
						},
						{
							"origin": [-0.225, 1.4625, 4.125],
							"size": [0.45, 0.3375, 7.4],
							"uv": {
								"north": {"uv": [27, 31], "uv_size": [1, 1]},
								"south": {"uv": [31, 27], "uv_size": [1, 1]},
								"up": {"uv": [7, 8], "uv_size": [1, 7]}
							}
						},
						{
							"origin": [-0.82895, 1.23484, 4.125],
							"size": [0.675, 0.3, 7.4],
							"pivot": [-0.68428, 1.53484, 4.125],
							"rotation": [0, 0, -30],
							"uv": {
								"north": {"uv": [28, 31], "uv_size": [1, 1]},
								"south": {"uv": [31, 28], "uv_size": [1, 1]},
								"up": {"uv": [8, 8], "uv_size": [1, 7]}
							}
						},
						{
							"origin": [0.15395, 1.23484, 4.125],
							"size": [0.675, 0.3, 7.4],
							"pivot": [0.68428, 1.53484, 4.125],
							"rotation": [0, 0, 30],
							"uv": {
								"north": {"uv": [29, 31], "uv_size": [1, 1]},
								"south": {"uv": [31, 29], "uv_size": [1, 1]},
								"west": {"uv": [9, 6], "uv_size": [7, 1]},
								"up": {"uv": [9, 8], "uv_size": [1, 7]}
							}
						}
					]
				},
				{
					"name": "butt",
					"parent": "ext",
					"pivot": [0.2, -2.125, 12.325],
					"cubes": [
						{
							"origin": [-0.7, -4.75, 11.725],
							"size": [1.4, 5.25, 0.325],
							"uv": {
								"north": {"uv": [12, 14], "uv_size": [1, 5]},
								"east": {"uv": [15, 0], "uv_size": [1, 5]},
								"west": {"uv": [6, 15], "uv_size": [1, 5]},
								"up": {"uv": [30, 31], "uv_size": [1, 1]},
								"down": {"uv": [31, 31], "uv_size": [1, -1]}
							}
						},
						{
							"origin": [-1, -5.15, 12.475],
							"size": [2, 5.9, 0.5],
							"uv": {
								"east": {"uv": [13, 10], "uv_size": [1, 6]},
								"south": {"uv": [0, 0], "uv_size": [2, 6]},
								"west": {"uv": [10, 14], "uv_size": [1, 6]}
							}
						},
						{
							"origin": [-0.75, -5.4, 12.475],
							"size": [1.5, 6.4, 0.499],
							"uv": {
								"south": {"uv": [2, 0], "uv_size": [2, 6]},
								"up": {"uv": [16, 13], "uv_size": [2, 1]},
								"down": {"uv": [17, 4], "uv_size": [2, -1]}
							}
						},
						{
							"origin": [-6.23467, -1.61251, 12.475],
							"size": [0.35355, 0.175, 0.5],
							"pivot": [0.2, -8.65, -7.225],
							"rotation": [0, 0, 45],
							"uv": {
								"north": {"uv": [31, 31], "uv_size": [1, 1]},
								"south": {"uv": [0, 32], "uv_size": [1, 1]},
								"up": {"uv": [32, 0], "uv_size": [1, 1]}
							}
						},
						{
							"origin": [5.99828, -1.32967, 12.475],
							"size": [0.35355, 0.175, 0.5],
							"pivot": [0.2, -8.65, -7.225],
							"rotation": [0, 0, -45],
							"uv": {
								"north": {"uv": [1, 32], "uv_size": [1, 1]},
								"south": {"uv": [32, 1], "uv_size": [1, 1]},
								"up": {"uv": [2, 32], "uv_size": [1, 1]}
							}
						},
						{
							"origin": [-6.23467, -2.96249, 12.475],
							"size": [0.35355, 0.175, 0.5],
							"pivot": [0.2, 4.25, -7.225],
							"rotation": [0, 0, -45],
							"uv": {
								"north": {"uv": [32, 2], "uv_size": [1, 1]},
								"south": {"uv": [3, 32], "uv_size": [1, 1]},
								"down": {"uv": [32, 4], "uv_size": [1, -1]}
							}
						},
						{
							"origin": [5.99828, -3.24533, 12.475],
							"size": [0.35355, 0.175, 0.5],
							"pivot": [0.2, 4.25, -7.225],
							"rotation": [0, 0, 45],
							"uv": {
								"north": {"uv": [4, 32], "uv_size": [1, 1]},
								"south": {"uv": [32, 4], "uv_size": [1, 1]},
								"down": {"uv": [5, 33], "uv_size": [1, -1]}
							}
						},
						{
							"origin": [-0.75, -5.15, 12.04199],
							"size": [1.5, 5.9, 0.4375],
							"uv": {
								"north": {"uv": [4, 0], "uv_size": [2, 6]}
							}
						},
						{
							"origin": [0.57899, -5.15, 12.3713],
							"size": [0.2, 5.9, 0.5],
							"pivot": [0.15, -2.2, 12.26074],
							"rotation": [0, 30, 0],
							"uv": {
								"west": {"uv": [14, 10], "uv_size": [1, 6]},
								"up": {"uv": [32, 5], "uv_size": [1, 1]},
								"down": {"uv": [6, 33], "uv_size": [1, -1]}
							}
						},
						{
							"origin": [-0.72541, -5.15, 12.5713],
							"size": [0.2, 5.9, 0.5],
							"pivot": [0.25, -2.2, 12.26074],
							"rotation": [0, -30, 0],
							"uv": {
								"east": {"uv": [11, 14], "uv_size": [1, 6]},
								"up": {"uv": [32, 6], "uv_size": [1, 1]},
								"down": {"uv": [7, 33], "uv_size": [1, -1]}
							}
						},
						{
							"origin": [-0.75, 0.825, 11.9884],
							"size": [1.5, 0.225, 0.5],
							"pivot": [-0.3, 1, 12.575],
							"rotation": [30, 0, 0],
							"uv": {
								"east": {"uv": [32, 7], "uv_size": [1, 1]},
								"west": {"uv": [8, 32], "uv_size": [1, 1]},
								"up": {"uv": [17, 5], "uv_size": [2, 1]}
							}
						},
						{
							"origin": [-0.75, -5.45, 11.9884],
							"size": [1.5, 0.225, 0.5],
							"pivot": [-0.3, -5.4, 12.575],
							"rotation": [-30, 0, 0],
							"uv": {
								"east": {"uv": [32, 8], "uv_size": [1, 1]},
								"west": {"uv": [9, 32], "uv_size": [1, 1]},
								"down": {"uv": [1, 22], "uv_size": [2, -1]}
							}
						}
					]
				}
			]
		}
	]
}