{
	"format_version": "1.12.0",
	"minecraft:geometry": [
		{
			"description": {
				"identifier": "geometry.grip_shift",
				"texture_width": 16,
				"texture_height": 16,
				"visible_bounds_width": 2,
				"visible_bounds_height": 1.5,
				"visible_bounds_offset": [0, 0.25, 0]
			},
			"bones": [
				{
					"name": "Fortis_Shift",
					"pivot": [0, 0, 0],
					"cubes": [
						{
							"origin": [-0.75, -0.57501, -1.8],
							"size": [1.5, 0.4142, 3.6],
							"uv": {
								"north": {"uv": [4, 7], "uv_size": [-2, 1]},
								"east": {"uv": [6, 4], "uv_size": [-4, 1]},
								"south": {"uv": [8, 2], "uv_size": [-2, 1]},
								"west": {"uv": [8, 3], "uv_size": [-4, 1]},
								"up": {"uv": [0, 4], "uv_size": [2, -4]},
								"down": {"uv": [2, 0], "uv_size": [2, 4]}
							}
						},
						{
							"origin": [-0.75, -0.16081, -0.75],
							"size": [0.37044, 0.4, 1.75],
							"uv": {
								"north": {"uv": [10, 13], "uv_size": [-1, 1]},
								"east": {"uv": [6, 11], "uv_size": [-2, 1]},
								"south": {"uv": [14, 8], "uv_size": [-1, 1]},
								"west": {"uv": [8, 11], "uv_size": [-2, 1]},
								"up": {"uv": [8, 13], "uv_size": [1, -2]}
							}
						},
						{
							"origin": [0.37956, -0.16081, -0.75],
							"size": [0.37044, 0.4, 1.75],
							"uv": {
								"north": {"uv": [11, 13], "uv_size": [-1, 1]},
								"east": {"uv": [13, 8], "uv_size": [-2, 1]},
								"south": {"uv": [14, 9], "uv_size": [-1, 1]},
								"west": {"uv": [11, 11], "uv_size": [-2, 1]},
								"up": {"uv": [11, 13], "uv_size": [1, -2]}
							}
						},
						{
							"origin": [-0.75, -4.21787, 0.92746],
							"size": [1.5, 3.25, 0.2],
							"pivot": [0, -0.01786, -0.02254],
							"rotation": [20.5, 0, 0],
							"uv": {
								"north": {"uv": [6, 0], "uv_size": [-2, 3]},
								"east": {"uv": [1, 7], "uv_size": [-1, 3]},
								"south": {"uv": [2, 4], "uv_size": [-2, 3]},
								"west": {"uv": [2, 7], "uv_size": [-1, 3]}
							}
						},
						{
							"origin": [-0.75, -1.0731, -1.19588],
							"size": [1.5, 0.2, 1.5],
							"pivot": [0, -0.01229, -0.64588],
							"rotation": [-34.5, 0, 0],
							"uv": {
								"east": {"uv": [10, 6], "uv_size": [-2, 1]},
								"west": {"uv": [9, 8], "uv_size": [-2, 1]},
								"up": {"uv": [6, 6], "uv_size": [2, -2]},
								"down": {"uv": [6, 6], "uv_size": [2, 2]}
							}
						},
						{
							"origin": [-0.75, -1.34215, -0.66634],
							"size": [1.5, 0.2, 0.6],
							"pivot": [0, -0.28134, -0.11634],
							"rotation": [10.5, 0, 0],
							"uv": {
								"east": {"uv": [13, 3], "uv_size": [-1, 1]},
								"west": {"uv": [5, 12], "uv_size": [-1, 1]},
								"up": {"uv": [8, 8], "uv_size": [2, -1]},
								"down": {"uv": [9, 0], "uv_size": [2, 1]}
							}
						},
						{
							"origin": [-0.75, -1.37882, 0.06235],
							"size": [1.5, 0.2, 0.3],
							"pivot": [0, -1.27882, 0.36235],
							"rotation": [-12, 0, 0],
							"uv": {
								"east": {"uv": [13, 4], "uv_size": [-1, 1]},
								"west": {"uv": [6, 12], "uv_size": [-1, 1]},
								"up": {"uv": [9, 2], "uv_size": [2, -1]},
								"down": {"uv": [3, 9], "uv_size": [2, 1]}
							}
						},
						{
							"origin": [-0.75, -1.53334, 0.27374],
							"size": [1.5, 0.2, 0.2],
							"pivot": [0, -1.43334, 0.57374],
							"rotation": [-34.5, 0, 0],
							"uv": {
								"east": {"uv": [13, 5], "uv_size": [-1, 1]},
								"west": {"uv": [7, 12], "uv_size": [-1, 1]},
								"up": {"uv": [5, 10], "uv_size": [2, -1]},
								"down": {"uv": [7, 9], "uv_size": [2, 1]}
							}
						},
						{
							"origin": [-0.75, -1.53261, 0.41856],
							"size": [1.5, 0.2, 0.2],
							"pivot": [0, -1.43261, 0.51856],
							"rotation": [-57, 0, 0],
							"uv": {
								"east": {"uv": [13, 6], "uv_size": [-1, 1]},
								"west": {"uv": [8, 12], "uv_size": [-1, 1]},
								"up": {"uv": [9, 9], "uv_size": [2, -1]},
								"down": {"uv": [9, 9], "uv_size": [2, 1]}
							}
						},
						{
							"origin": [-0.75, -1.67856, 0.47679],
							"size": [1.5, 0.2, 0.2],
							"pivot": [0, -1.57856, 0.57679],
							"rotation": [-79.5, 0, 0],
							"uv": {
								"east": {"uv": [13, 7], "uv_size": [-1, 1]},
								"west": {"uv": [10, 12], "uv_size": [-1, 1]},
								"up": {"uv": [0, 11], "uv_size": [2, -1]},
								"down": {"uv": [2, 10], "uv_size": [2, 1]}
							}
						},
						{
							"origin": [-0.75, -1.83569, 0.47473],
							"size": [1.5, 0.2, 0.2],
							"pivot": [0, -1.73569, 0.57473],
							"rotation": [-102, 0, 0],
							"uv": {
								"east": {"uv": [13, 9], "uv_size": [-1, 1]},
								"west": {"uv": [11, 12], "uv_size": [-1, 1]},
								"up": {"uv": [10, 3], "uv_size": [2, -1]},
								"down": {"uv": [10, 3], "uv_size": [2, 1]}
							}
						},
						{
							"origin": [-0.75, -1.98007, 0.4127],
							"size": [1.5, 0.2, 0.2],
							"pivot": [0, -1.88007, 0.5127],
							"rotation": [-124.5, 0, 0],
							"uv": {
								"east": {"uv": [13, 10], "uv_size": [-1, 1]},
								"west": {"uv": [13, 11], "uv_size": [-1, 1]},
								"up": {"uv": [4, 11], "uv_size": [2, -1]},
								"down": {"uv": [10, 4], "uv_size": [2, 1]}
							}
						},
						{
							"origin": [-0.75, -2.08972, 0.30015],
							"size": [1.5, 0.2, 0.25],
							"pivot": [0, -1.98972, 0.40015],
							"rotation": [-147, 0, 0],
							"uv": {
								"east": {"uv": [13, 12], "uv_size": [-1, 1]},
								"west": {"uv": [1, 13], "uv_size": [-1, 1]},
								"up": {"uv": [10, 6], "uv_size": [2, -1]},
								"down": {"uv": [6, 10], "uv_size": [2, 1]}
							}
						},
						{
							"origin": [-0.75, -4.13415, -0.51791],
							"size": [1.5, 0.2, 1.48417],
							"pivot": [0, 0.19086, 0.61626],
							"rotation": [20.5, 0, 0],
							"uv": {
								"east": {"uv": [13, 2], "uv_size": [-1, 1]},
								"west": {"uv": [4, 12], "uv_size": [-1, 1]},
								"down": {"uv": [8, 3], "uv_size": [2, 1]}
							}
						},
						{
							"origin": [-0.75, -3.94612, -0.31575],
							"size": [1.5, 0.2, 1.05],
							"pivot": [0, 0.17889, 0.58425],
							"rotation": [20.5, 0, 0],
							"uv": {
								"east": {"uv": [14, 3], "uv_size": [-1, 1]},
								"west": {"uv": [5, 13], "uv_size": [-1, 1]},
								"up": {"uv": [10, 11], "uv_size": [2, -1]}
							}
						},
						{
							"origin": [-0.75, -3.49612, -0.11575],
							"size": [1.5, 0.2, 0.25],
							"pivot": [0, 0.17889, 0.58425],
							"rotation": [20.5, 0, 0],
							"uv": {
								"east": {"uv": [14, 5], "uv_size": [-1, 1]},
								"west": {"uv": [7, 13], "uv_size": [-1, 1]},
								"down": {"uv": [11, 0], "uv_size": [2, 1]}
							}
						},
						{
							"origin": [-0.75, -3.73415, -0.31791],
							"size": [1.5, 0.6775, 0.2],
							"pivot": [0, 0.19086, 0.61626],
							"rotation": [20.5, 0, 0],
							"uv": {
								"east": {"uv": [14, 4], "uv_size": [-1, 1]},
								"south": {"uv": [2, 11], "uv_size": [-2, 1]},
								"west": {"uv": [6, 13], "uv_size": [-1, 1]}
							}
						},
						{
							"origin": [-0.75, -3.73415, 0.13209],
							"size": [1.5, 0.2525, 0.3],
							"pivot": [0, 0.19086, 0.61626],
							"rotation": [20.5, 0, 0],
							"uv": {
								"north": {"uv": [13, 1], "uv_size": [-2, 1]},
								"east": {"uv": [14, 6], "uv_size": [-1, 1]},
								"west": {"uv": [8, 13], "uv_size": [-1, 1]}
							}
						},
						{
							"origin": [-0.75, -3.93013, -0.71834],
							"size": [1.5, 0.4, 0.4],
							"pivot": [0, 0.19488, 0.63166],
							"rotation": [20.5, 0, 0],
							"uv": {
								"north": {"uv": [12, 6], "uv_size": [-2, 1]},
								"east": {"uv": [14, 0], "uv_size": [-1, 1]},
								"west": {"uv": [2, 13], "uv_size": [-1, 1]}
							}
						},
						{
							"origin": [-0.75, -4.2044, 0.88499],
							"size": [1.5, 0.1414, 0.2828],
							"pivot": [0, -4.0044, 0.99279],
							"rotation": [-24.5, 0, 0],
							"uv": {
								"east": {"uv": [14, 1], "uv_size": [-1, 1]},
								"west": {"uv": [3, 13], "uv_size": [-1, 1]},
								"down": {"uv": [10, 7], "uv_size": [2, 1]}
							}
						},
						{
							"origin": [-0.75, -4.45659, 1.18242],
							"size": [1.5, 0.1414, 0.2828],
							"pivot": [0, -3.85659, 1.29022],
							"rotation": [-114.5, 0, 0],
							"uv": {
								"east": {"uv": [14, 2], "uv_size": [-1, 1]},
								"west": {"uv": [4, 13], "uv_size": [-1, 1]},
								"down": {"uv": [8, 10], "uv_size": [2, 1]}
							}
						},
						{
							"origin": [-0.75, -4.26879, -0.41219],
							"size": [1.5, 1.825, 0.2],
							"pivot": [0, -0.46878, -1.36219],
							"rotation": [20.5, 0, 0],
							"uv": {
								"north": {"uv": [6, 5], "uv_size": [-2, 2]},
								"east": {"uv": [9, 0], "uv_size": [-1, 2]},
								"south": {"uv": [4, 5], "uv_size": [-2, 2]},
								"west": {"uv": [3, 8], "uv_size": [-1, 2]}
							}
						},
						{
							"origin": [-0.75, -2.08341, 0.60915],
							"size": [1.5, 0.2, 1.35],
							"pivot": [0, -1.98341, 1.05915],
							"rotation": [-19.5, 0, 0],
							"uv": {
								"east": {"uv": [2, 12], "uv_size": [-1, 1]},
								"west": {"uv": [3, 12], "uv_size": [-1, 1]},
								"up": {"uv": [8, 3], "uv_size": [2, -1]},
								"down": {"uv": [3, 8], "uv_size": [2, 1]}
							}
						},
						{
							"origin": [-0.75, -3.44299, 0.69375],
							"size": [1.5, 0.2, 1.85],
							"pivot": [0, -3.34299, 1.64375],
							"rotation": [-19.5, 0, 0],
							"uv": {
								"east": {"uv": [7, 8], "uv_size": [-2, 1]},
								"south": {"uv": [10, 4], "uv_size": [-2, 1]},
								"west": {"uv": [10, 5], "uv_size": [-2, 1]},
								"up": {"uv": [6, 2], "uv_size": [2, -2]}
							}
						},
						{
							"origin": [-0.75, -3.49299, 1.09375],
							"size": [1.5, 0.05, 0.85],
							"pivot": [0, -3.34299, 1.64375],
							"rotation": [-19.5, 0, 0],
							"uv": {
								"east": {"uv": [14, 7], "uv_size": [-1, 1]},
								"west": {"uv": [9, 13], "uv_size": [-1, 1]},
								"down": {"uv": [2, 11], "uv_size": [2, 1]}
							}
						},
						{
							"origin": [-0.75, -0.78844, 2.47663],
							"size": [1.5, 0.4, 0.25],
							"pivot": [0, 3.03657, 1.57663],
							"rotation": [-17, 0, 0],
							"uv": {
								"east": {"uv": [12, 9], "uv_size": [-1, 1]},
								"south": {"uv": [6, 7], "uv_size": [-2, 1]},
								"west": {"uv": [1, 12], "uv_size": [-1, 1]}
							}
						}
					]
				}
			]
		}
	]
}