{
	"format_version": "1.12.0",
	"minecraft:geometry": [
		{
			"description": {
				"identifier": "geometry.grip_sf900a",
				"texture_width": 32,
				"texture_height": 32,
				"visible_bounds_width": 2,
				"visible_bounds_height": 1.5,
				"visible_bounds_offset": [0, 0.25, 0]
			},
			"bones": [
				{
					"name": "Surefire_M900A",
					"pivot": [0, 0, 0]
				},
				{
					"name": "base",
					"parent": "Surefire_M900A",
					"pivot": [1, 0.2, 0],
					"cubes": [
						{
							"origin": [-0.49544, -0.40625, -3.175],
							"size": [0.99544, 0.25456, 4.3],
							"uv": {
								"north": {"uv": [5, 4], "uv_size": [1, 1]},
								"south": {"uv": [8, 0], "uv_size": [1, 1]},
								"up": {"uv": [0, 0], "uv_size": [1, 4]},
								"down": {"uv": [1, 4], "uv_size": [1, -4]}
							}
						},
						{
							"origin": [0.32, -0.33169, -3.175],
							"size": [0.3471, 0.36, 4.3],
							"pivot": [0.5, -0.15169, 0.875],
							"rotation": [0, 0, -45],
							"uv": {
								"north": {"uv": [8, 6], "uv_size": [1, 1]},
								"south": {"uv": [7, 8], "uv_size": [1, 1]},
								"up": {"uv": [2, 0], "uv_size": [1, 4]},
								"down": {"uv": [3, 4], "uv_size": [1, -4]}
							}
						},
						{
							"origin": [0.375, -0.16081, -3.175],
							"size": [0.37044, 0.31706, 4.3],
							"uv": {
								"north": {"uv": [8, 7], "uv_size": [1, 1]},
								"east": {"uv": [0, 4], "uv_size": [4, 1]},
								"south": {"uv": [8, 8], "uv_size": [1, 1]},
								"west": {"uv": [4, 0], "uv_size": [4, 1]},
								"up": {"uv": [4, 1], "uv_size": [1, 4]}
							}
						},
						{
							"origin": [-0.6671, -0.33169, -3.175],
							"size": [0.3471, 0.36, 4.3],
							"pivot": [-0.5, -0.15169, 0.875],
							"rotation": [0, 0, 45],
							"uv": {
								"north": {"uv": [0, 9], "uv_size": [1, 1]},
								"south": {"uv": [9, 0], "uv_size": [1, 1]},
								"up": {"uv": [0, 5], "uv_size": [1, 4]},
								"down": {"uv": [1, 9], "uv_size": [1, -4]}
							}
						},
						{
							"origin": [-0.74544, -0.16081, -3.175],
							"size": [0.37044, 0.31706, 4.3],
							"uv": {
								"north": {"uv": [1, 9], "uv_size": [1, 1]},
								"east": {"uv": [5, 1], "uv_size": [4, 1]},
								"south": {"uv": [9, 1], "uv_size": [1, 1]},
								"west": {"uv": [2, 5], "uv_size": [4, 1]},
								"up": {"uv": [2, 6], "uv_size": [1, 4]}
							}
						},
						{
							"origin": [0.55, -0.135, -3.675],
							"size": [0.45, 0.258, 0.9],
							"uv": {
								"north": {"uv": [9, 2], "uv_size": [1, 1]},
								"east": {"uv": [9, 3], "uv_size": [1, 1]},
								"south": {"uv": [9, 4], "uv_size": [1, 1]},
								"west": {"uv": [9, 5], "uv_size": [1, 1]}
							}
						},
						{
							"origin": [0.55, -0.135, -3.675],
							"size": [0.45, 0.258, 0.9],
							"pivot": [0.775, -0.006, -3.225],
							"rotation": [0, 0, 60],
							"uv": {
								"north": {"uv": [9, 6], "uv_size": [1, 1]},
								"east": {"uv": [7, 9], "uv_size": [1, 1]},
								"south": {"uv": [9, 7], "uv_size": [1, 1]},
								"west": {"uv": [8, 9], "uv_size": [1, 1]}
							}
						},
						{
							"origin": [0.55, -0.135, -3.675],
							"size": [0.45, 0.258, 0.9],
							"pivot": [0.775, -0.006, -3.225],
							"rotation": [0, 0, 120],
							"uv": {
								"north": {"uv": [9, 8], "uv_size": [1, 1]},
								"east": {"uv": [9, 9], "uv_size": [1, 1]},
								"south": {"uv": [0, 10], "uv_size": [1, 1]},
								"west": {"uv": [10, 0], "uv_size": [1, 1]}
							}
						},
						{
							"origin": [-1, -0.135, -3.675],
							"size": [0.45, 0.258, 0.9],
							"uv": {
								"north": {"uv": [1, 10], "uv_size": [1, 1]},
								"east": {"uv": [10, 1], "uv_size": [1, 1]},
								"south": {"uv": [2, 10], "uv_size": [1, 1]},
								"west": {"uv": [10, 2], "uv_size": [1, 1]}
							}
						},
						{
							"origin": [-1, -0.135, -3.675],
							"size": [0.45, 0.258, 0.9],
							"pivot": [-0.775, -0.006, -3.225],
							"rotation": [0, 0, -60],
							"uv": {
								"north": {"uv": [3, 10], "uv_size": [1, 1]},
								"east": {"uv": [10, 3], "uv_size": [1, 1]},
								"south": {"uv": [4, 10], "uv_size": [1, 1]},
								"west": {"uv": [10, 4], "uv_size": [1, 1]}
							}
						},
						{
							"origin": [-1, -0.135, -3.675],
							"size": [0.45, 0.258, 0.9],
							"pivot": [-0.775, -0.006, -3.225],
							"rotation": [0, 0, -120],
							"uv": {
								"north": {"uv": [5, 10], "uv_size": [1, 1]},
								"east": {"uv": [10, 5], "uv_size": [1, 1]},
								"south": {"uv": [6, 10], "uv_size": [1, 1]},
								"west": {"uv": [10, 6], "uv_size": [1, 1]}
							}
						}
					]
				},
				{
					"name": "grip",
					"parent": "Surefire_M900A",
					"pivot": [0.00001, -1.88827, 0.11569],
					"cubes": [
						{
							"origin": [-0.29, -0.88125, -0.775],
							"size": [0.58, 0.475, 1.4],
							"uv": {
								"north": {"uv": [16, 11], "uv_size": [1, 1]},
								"south": {"uv": [12, 16], "uv_size": [1, 1]}
							}
						},
						{
							"origin": [-0.29009, -0.45584, -1.148],
							"size": [0.58, 0.675, 0.35],
							"pivot": [-0.00009, -0.21834, -0.448],
							"rotation": [45, 0, 0],
							"uv": {
								"north": {"uv": [2, 17], "uv_size": [1, 1]},
								"east": {"uv": [17, 2], "uv_size": [1, 1]},
								"west": {"uv": [3, 17], "uv_size": [1, 1]}
							}
						},
						{
							"origin": [-0.29, -0.88125, -0.775],
							"size": [0.58, 0.675, 1.4],
							"pivot": [0, -0.64375, -0.075],
							"rotation": [0, -45, 0],
							"uv": {
								"north": {"uv": [16, 15], "uv_size": [1, 1]},
								"south": {"uv": [16, 16], "uv_size": [1, 1]}
							}
						},
						{
							"origin": [-0.29, -0.89555, 0.51109],
							"size": [0.58, 0.05, 0.1],
							"pivot": [0, -0.60805, -0.08891],
							"rotation": [175.40872, -44.90792, -176.75522],
							"uv": {
								"south": {"uv": [17, 16], "uv_size": [1, 1]}
							}
						},
						{
							"origin": [-0.29, -0.89555, -0.78891],
							"size": [0.58, 0.05, 0.1],
							"pivot": [0, -0.60805, -0.08891],
							"rotation": [3.25, 0, 0],
							"uv": {
								"north": {"uv": [16, 17], "uv_size": [1, 1]}
							}
						},
						{
							"origin": [-0.29, -0.89555, -0.78891],
							"size": [0.58, 0.05, 0.1],
							"pivot": [0, -0.60805, -0.08891],
							"rotation": [4.59128, -44.90792, -3.24478],
							"uv": {
								"north": {"uv": [17, 15], "uv_size": [1, 1]}
							}
						},
						{
							"origin": [-0.29, -0.88125, -0.775],
							"size": [0.58, 0.675, 1.4],
							"pivot": [0, -0.64375, -0.075],
							"rotation": [0, -90, 0],
							"uv": {
								"north": {"uv": [0, 17], "uv_size": [1, 1]},
								"south": {"uv": [17, 0], "uv_size": [1, 1]}
							}
						},
						{
							"origin": [-0.165, -0.57385, -0.42432],
							"size": [0.455, 1.025, 1.4],
							"pivot": [0, -0.33635, 0.27568],
							"rotation": [-90, -30, 90],
							"uv": {
								"north": {"uv": [17, 3], "uv_size": [1, 1]},
								"south": {"uv": [4, 17], "uv_size": [1, 1]},
								"west": {"uv": [17, 4], "uv_size": [1, 1]},
								"down": {"uv": [5, 18], "uv_size": [1, -1]}
							}
						},
						{
							"origin": [-0.29, -0.88125, -0.775],
							"size": [0.58, 0.675, 1.4],
							"pivot": [0, -0.64375, -0.075],
							"rotation": [0, -135, 0],
							"uv": {
								"north": {"uv": [1, 17], "uv_size": [1, 1]},
								"south": {"uv": [17, 1], "uv_size": [1, 1]}
							}
						},
						{
							"origin": [-0.29, -1.59554, -0.81011],
							"size": [0.58, 0.75, 1.4],
							"pivot": [0, -0.59554, -0.11011],
							"rotation": [7.5, 0, 0],
							"uv": {
								"north": {"uv": [16, 10], "uv_size": [1, 1]},
								"south": {"uv": [11, 16], "uv_size": [1, 1]}
							}
						},
						{
							"origin": [-0.29, -1.59554, -0.81011],
							"size": [0.58, 0.75, 1.4],
							"pivot": [0, -0.59554, -0.11011],
							"rotation": [10.54684, -44.5119, -7.43656],
							"uv": {
								"north": {"uv": [16, 12], "uv_size": [1, 1]},
								"south": {"uv": [13, 16], "uv_size": [1, 1]}
							}
						},
						{
							"origin": [-0.29004, -1.60038, -0.70519],
							"size": [0.58, 0.1, 0.1],
							"pivot": [-0.00004, -0.60038, -0.00519],
							"rotation": [178.23251, -44.98637, -178.7503],
							"uv": {
								"north": {"uv": [18, 1], "uv_size": [1, 1]}
							}
						},
						{
							"origin": [-0.29004, -1.60038, 0.59481],
							"size": [0.58, 0.1, 0.1],
							"pivot": [-0.00004, -0.60038, -0.00519],
							"rotation": [1.25, 0, 0],
							"uv": {
								"south": {"uv": [1, 18], "uv_size": [1, 1]}
							}
						},
						{
							"origin": [-0.29004, -1.60038, 0.59481],
							"size": [0.58, 0.1, 0.1],
							"pivot": [-0.00004, -0.60038, -0.00519],
							"rotation": [1.76749, -44.98637, -1.2497],
							"uv": {
								"south": {"uv": [0, 18], "uv_size": [1, 1]}
							}
						},
						{
							"origin": [-0.29, -1.59554, -0.81011],
							"size": [0.58, 0.75, 1.4],
							"pivot": [0, -0.59554, -0.11011],
							"rotation": [90, -82.5, -90],
							"uv": {
								"north": {"uv": [16, 13], "uv_size": [1, 1]},
								"south": {"uv": [14, 16], "uv_size": [1, 1]}
							}
						},
						{
							"origin": [-0.29, -1.59554, -0.81011],
							"size": [0.58, 0.75, 1.4],
							"pivot": [0, -0.59554, -0.11011],
							"rotation": [169.45316, -44.5119, -172.56344],
							"uv": {
								"north": {"uv": [16, 14], "uv_size": [1, 1]},
								"south": {"uv": [15, 16], "uv_size": [1, 1]}
							}
						},
						{
							"origin": [-0.29004, -3.52006, -0.76803],
							"size": [0.58, 2, 1.4],
							"pivot": [-0.00004, -2.52006, -0.06803],
							"rotation": [-5, 0, 0],
							"uv": {
								"north": {"uv": [5, 2], "uv_size": [1, 2]},
								"south": {"uv": [6, 2], "uv_size": [1, 2]}
							}
						},
						{
							"origin": [-0.29004, -3.52006, -0.76803],
							"size": [0.58, 2, 1.4],
							"pivot": [-0.00004, -2.52006, -0.06803],
							"rotation": [-7.05323, -44.78238, 4.98107],
							"uv": {
								"north": {"uv": [8, 2], "uv_size": [1, 2]},
								"south": {"uv": [3, 8], "uv_size": [1, 2]}
							}
						},
						{
							"origin": [-0.29004, -3.52006, -0.76803],
							"size": [0.58, 2, 1.4],
							"pivot": [-0.00004, -2.52006, -0.06803],
							"rotation": [-90, -85, 90],
							"uv": {
								"north": {"uv": [4, 8], "uv_size": [1, 2]},
								"south": {"uv": [8, 4], "uv_size": [1, 2]}
							}
						},
						{
							"origin": [-0.29004, -3.52006, -0.76803],
							"size": [0.58, 2, 1.4],
							"pivot": [-0.00004, -2.52006, -0.06803],
							"rotation": [-172.94677, -44.78238, 175.01893],
							"uv": {
								"north": {"uv": [5, 8], "uv_size": [1, 2]},
								"south": {"uv": [6, 8], "uv_size": [1, 2]}
							}
						},
						{
							"origin": [-0.29004, -3.63024, -0.85253],
							"size": [0.58, 0.175, 1.4],
							"uv": {
								"north": {"uv": [7, 10], "uv_size": [1, 1]},
								"south": {"uv": [10, 7], "uv_size": [1, 1]},
								"down": {"uv": [8, 11], "uv_size": [1, -1]}
							}
						},
						{
							"origin": [-0.29004, -3.63024, -0.85253],
							"size": [0.58, 0.175, 1.4],
							"pivot": [-0.00004, -3.54274, -0.15253],
							"rotation": [0, -45, 0],
							"uv": {
								"north": {"uv": [17, 5], "uv_size": [1, 1]},
								"south": {"uv": [6, 17], "uv_size": [1, 1]},
								"down": {"uv": [17, 7], "uv_size": [1, -1]}
							}
						},
						{
							"origin": [-0.29004, -3.63024, -0.85253],
							"size": [0.58, 0.175, 1.4],
							"pivot": [-0.00004, -3.54274, -0.15253],
							"rotation": [0, -90, 0],
							"uv": {
								"north": {"uv": [7, 17], "uv_size": [1, 1]},
								"south": {"uv": [17, 7], "uv_size": [1, 1]},
								"down": {"uv": [8, 18], "uv_size": [1, -1]}
							}
						},
						{
							"origin": [-0.29004, -3.63024, -0.85253],
							"size": [0.58, 0.175, 1.4],
							"pivot": [-0.00004, -3.54274, -0.15253],
							"rotation": [0, -135, 0],
							"uv": {
								"north": {"uv": [17, 8], "uv_size": [1, 1]},
								"south": {"uv": [9, 17], "uv_size": [1, 1]},
								"down": {"uv": [17, 10], "uv_size": [1, -1]}
							}
						},
						{
							"origin": [-0.29004, -4.10541, -0.89731],
							"size": [0.58, 0.425, 0.2],
							"pivot": [-0.00004, -3.76791, -0.19731],
							"rotation": [-22.5, 0, 0],
							"uv": {
								"north": {"uv": [14, 17], "uv_size": [1, 1]},
								"south": {"uv": [17, 14], "uv_size": [1, 1]},
								"down": {"uv": [15, 18], "uv_size": [1, -1]}
							}
						},
						{
							"origin": [-0.29004, -4.10541, -0.89731],
							"size": [0.58, 0.425, 0.2],
							"pivot": [-0.00004, -3.76791, -0.19731],
							"rotation": [-30.36119, -40.78947, 20.94102],
							"uv": {
								"north": {"uv": [12, 17], "uv_size": [1, 1]},
								"south": {"uv": [17, 12], "uv_size": [1, 1]},
								"west": {"uv": [13, 17], "uv_size": [1, 1]},
								"down": {"uv": [17, 14], "uv_size": [1, -1]}
							}
						},
						{
							"origin": [-0.29004, -4.10541, 0.30269],
							"size": [0.58, 0.425, 0.2],
							"pivot": [-0.00004, -3.76791, -0.19731],
							"rotation": [-149.63881, -40.78947, 159.05898],
							"uv": {
								"north": {"uv": [10, 17], "uv_size": [1, 1]},
								"south": {"uv": [17, 10], "uv_size": [1, 1]},
								"west": {"uv": [11, 17], "uv_size": [1, 1]},
								"down": {"uv": [17, 12], "uv_size": [1, -1]}
							}
						}
					]
				},
				{
					"name": "bottom",
					"parent": "Surefire_M900A",
					"pivot": [0, -3.75853, -0.125],
					"cubes": [
						{
							"origin": [-0.1493, -4.65625, -0.525],
							"size": [0.2986, 0.25, 0.8],
							"pivot": [0, -4.52103, -0.125],
							"rotation": [0, -135, 0],
							"uv": {
								"north": {"uv": [10, 8], "uv_size": [1, 1]},
								"south": {"uv": [9, 10], "uv_size": [1, 1]},
								"down": {"uv": [10, 10], "uv_size": [1, -1]}
							}
						},
						{
							"origin": [-0.17727, -4.65625, -0.51341],
							"size": [0.35454, 0.25, 0.77683],
							"pivot": [0, -4.52103, -0.125],
							"rotation": [0, -90, 0],
							"uv": {
								"north": {"uv": [10, 10], "uv_size": [1, 1]},
								"south": {"uv": [0, 11], "uv_size": [1, 1]},
								"down": {"uv": [11, 1], "uv_size": [1, -1]}
							}
						},
						{
							"origin": [-0.1493, -4.65625, -0.525],
							"size": [0.2986, 0.25, 0.8],
							"pivot": [0, -4.52103, -0.125],
							"rotation": [0, -45, 0],
							"uv": {
								"north": {"uv": [1, 11], "uv_size": [1, 1]},
								"south": {"uv": [11, 1], "uv_size": [1, 1]},
								"down": {"uv": [2, 12], "uv_size": [1, -1]}
							}
						},
						{
							"origin": [-0.17727, -4.65625, -0.51341],
							"size": [0.35454, 0.25, 0.77683],
							"uv": {
								"north": {"uv": [11, 2], "uv_size": [1, 1]},
								"south": {"uv": [3, 11], "uv_size": [1, 1]},
								"down": {"uv": [11, 4], "uv_size": [1, -1]}
							}
						},
						{
							"origin": [-0.51349, -4.22817, -0.35622],
							"size": [0.1814, 0.6, 0.35],
							"pivot": [-0.48849, -4.22817, -0.25622],
							"rotation": [-10, 67.5, 0],
							"uv": {
								"north": {"uv": [4, 11], "uv_size": [1, 1]},
								"east": {"uv": [11, 4], "uv_size": [1, 1]},
								"west": {"uv": [5, 11], "uv_size": [1, 1]},
								"up": {"uv": [11, 5], "uv_size": [1, 1]}
							}
						},
						{
							"origin": [0.4132, -4.22817, -0.47762],
							"size": [0.1814, 0.6, 0.35],
							"pivot": [0.4382, -4.22817, -0.37762],
							"rotation": [-10, -67.5, 0],
							"uv": {
								"north": {"uv": [6, 11], "uv_size": [1, 1]},
								"east": {"uv": [11, 6], "uv_size": [1, 1]},
								"west": {"uv": [7, 11], "uv_size": [1, 1]},
								"up": {"uv": [11, 7], "uv_size": [1, 1]}
							}
						},
						{
							"origin": [0.10622, -4.22817, -0.71349],
							"size": [0.1814, 0.6, 0.35],
							"pivot": [0.13122, -4.22817, -0.61349],
							"rotation": [-10, -22.5, 0],
							"uv": {
								"north": {"uv": [8, 11], "uv_size": [1, 1]},
								"east": {"uv": [11, 8], "uv_size": [1, 1]},
								"west": {"uv": [9, 11], "uv_size": [1, 1]},
								"up": {"uv": [11, 9], "uv_size": [1, 1]}
							}
						},
						{
							"origin": [0.22762, -4.22817, 0.2132],
							"size": [0.1814, 0.6, 0.35],
							"pivot": [0.25262, -4.22817, 0.3132],
							"rotation": [170, -22.5, 180],
							"uv": {
								"north": {"uv": [10, 11], "uv_size": [1, 1]},
								"east": {"uv": [11, 10], "uv_size": [1, 1]},
								"west": {"uv": [11, 11], "uv_size": [1, 1]},
								"up": {"uv": [0, 12], "uv_size": [1, 1]}
							}
						},
						{
							"origin": [0.46349, -4.22817, -0.09378],
							"size": [0.1814, 0.6, 0.35],
							"pivot": [0.48849, -4.22817, 0.00622],
							"rotation": [170, -67.5, 180],
							"uv": {
								"north": {"uv": [12, 0], "uv_size": [1, 1]},
								"east": {"uv": [1, 12], "uv_size": [1, 1]},
								"west": {"uv": [12, 1], "uv_size": [1, 1]},
								"up": {"uv": [2, 12], "uv_size": [1, 1]}
							}
						},
						{
							"origin": [-0.4632, -4.22817, 0.02762],
							"size": [0.1814, 0.6, 0.35],
							"pivot": [-0.4382, -4.22817, 0.12762],
							"rotation": [170, 67.5, 180],
							"uv": {
								"north": {"uv": [12, 2], "uv_size": [1, 1]},
								"east": {"uv": [3, 12], "uv_size": [1, 1]},
								"west": {"uv": [12, 3], "uv_size": [1, 1]},
								"up": {"uv": [4, 12], "uv_size": [1, 1]}
							}
						},
						{
							"origin": [-0.15622, -4.22817, 0.26349],
							"size": [0.1814, 0.6, 0.35],
							"pivot": [-0.13122, -4.22817, 0.36349],
							"rotation": [170, 22.5, 180],
							"uv": {
								"north": {"uv": [12, 4], "uv_size": [1, 1]},
								"east": {"uv": [5, 12], "uv_size": [1, 1]},
								"west": {"uv": [12, 5], "uv_size": [1, 1]},
								"up": {"uv": [6, 12], "uv_size": [1, 1]}
							}
						},
						{
							"origin": [-0.27762, -4.22817, -0.6632],
							"size": [0.1814, 0.6, 0.35],
							"pivot": [-0.25262, -4.22817, -0.5632],
							"rotation": [-10, 22.5, 0],
							"uv": {
								"north": {"uv": [12, 6], "uv_size": [1, 1]},
								"east": {"uv": [7, 12], "uv_size": [1, 1]},
								"west": {"uv": [12, 7], "uv_size": [1, 1]},
								"up": {"uv": [8, 12], "uv_size": [1, 1]}
							}
						},
						{
							"origin": [-0.14581, -4.41081, -0.71404],
							"size": [0.29163, 0.2, 1.17807],
							"pivot": [0, -4.31081, -0.125],
							"rotation": [0, -90, 0],
							"uv": {
								"north": {"uv": [12, 8], "uv_size": [1, 1]},
								"south": {"uv": [9, 12], "uv_size": [1, 1]},
								"up": {"uv": [12, 9], "uv_size": [1, 1]},
								"down": {"uv": [10, 13], "uv_size": [1, -1]}
							}
						},
						{
							"origin": [-0.14581, -4.41081, -0.71404],
							"size": [0.29163, 0.2, 1.17807],
							"pivot": [0, -4.31081, -0.125],
							"rotation": [-180, 0, 180],
							"uv": {
								"north": {"uv": [12, 10], "uv_size": [1, 1]},
								"south": {"uv": [11, 12], "uv_size": [1, 1]},
								"up": {"uv": [12, 11], "uv_size": [1, 1]},
								"down": {"uv": [12, 13], "uv_size": [1, -1]}
							}
						},
						{
							"origin": [-0.14581, -4.41081, -0.71404],
							"size": [0.29163, 0.2, 1.17612],
							"pivot": [0, -4.31081, -0.125],
							"rotation": [-180, -45, 180],
							"uv": {
								"north": {"uv": [0, 13], "uv_size": [1, 1]},
								"south": {"uv": [13, 0], "uv_size": [1, 1]},
								"up": {"uv": [1, 13], "uv_size": [1, 1]},
								"down": {"uv": [13, 2], "uv_size": [1, -1]}
							}
						},
						{
							"origin": [-0.14581, -4.41081, -0.71404],
							"size": [0.29163, 0.2, 1.17807],
							"pivot": [0, -4.31081, -0.125],
							"rotation": [0, -45, 0],
							"uv": {
								"north": {"uv": [2, 13], "uv_size": [1, 1]},
								"south": {"uv": [13, 2], "uv_size": [1, 1]},
								"up": {"uv": [3, 13], "uv_size": [1, 1]},
								"down": {"uv": [13, 4], "uv_size": [1, -1]}
							}
						},
						{
							"origin": [-0.0907, -4.41081, -0.725],
							"size": [0.1814, 0.2, 1.2],
							"pivot": [0, -4.31081, -0.125],
							"rotation": [-180, -67.5, 180],
							"uv": {
								"north": {"uv": [4, 13], "uv_size": [1, 1]},
								"south": {"uv": [13, 4], "uv_size": [1, 1]},
								"down": {"uv": [5, 14], "uv_size": [1, -1]}
							}
						},
						{
							"origin": [-0.0907, -4.41081, -0.725],
							"size": [0.1814, 0.2, 1.2],
							"pivot": [0, -4.31081, -0.125],
							"rotation": [0, -67.5, 0],
							"uv": {
								"north": {"uv": [13, 5], "uv_size": [1, 1]},
								"south": {"uv": [6, 13], "uv_size": [1, 1]},
								"down": {"uv": [13, 7], "uv_size": [1, -1]}
							}
						},
						{
							"origin": [-0.0907, -4.41081, -0.725],
							"size": [0.1814, 0.2, 1.2],
							"pivot": [0, -4.31081, -0.125],
							"rotation": [-180, -22.5, 180],
							"uv": {
								"north": {"uv": [7, 13], "uv_size": [1, 1]},
								"south": {"uv": [13, 7], "uv_size": [1, 1]},
								"down": {"uv": [8, 14], "uv_size": [1, -1]}
							}
						},
						{
							"origin": [-0.0907, -4.41081, -0.725],
							"size": [0.1814, 0.2, 1.2],
							"pivot": [0, -4.31081, -0.125],
							"rotation": [0, -22.5, 0],
							"uv": {
								"north": {"uv": [13, 8], "uv_size": [1, 1]},
								"south": {"uv": [9, 13], "uv_size": [1, 1]},
								"down": {"uv": [13, 10], "uv_size": [1, -1]}
							}
						},
						{
							"origin": [-0.17, -4.21081, -0.575],
							"size": [0.34, 0.6, 0.9],
							"pivot": [0, -3.75853, -0.125],
							"rotation": [-180, -45, 180],
							"uv": {
								"north": {"uv": [10, 13], "uv_size": [1, 1]},
								"south": {"uv": [13, 10], "uv_size": [1, 1]},
								"up": {"uv": [11, 13], "uv_size": [1, 1]}
							}
						},
						{
							"origin": [-0.17, -4.21081, -0.575],
							"size": [0.34, 0.6, 0.9],
							"pivot": [0, -3.75853, -0.125],
							"rotation": [0, -90, 0],
							"uv": {
								"north": {"uv": [13, 11], "uv_size": [1, 1]},
								"south": {"uv": [12, 13], "uv_size": [1, 1]},
								"up": {"uv": [13, 12], "uv_size": [1, 1]}
							}
						},
						{
							"origin": [-0.17, -4.21081, -0.575],
							"size": [0.34, 0.6, 0.9],
							"pivot": [0, -3.75853, -0.125],
							"rotation": [0, -45, 0],
							"uv": {
								"north": {"uv": [13, 13], "uv_size": [1, 1]},
								"south": {"uv": [0, 14], "uv_size": [1, 1]},
								"up": {"uv": [14, 0], "uv_size": [1, 1]}
							}
						},
						{
							"origin": [-0.17, -4.21081, -0.575],
							"size": [0.34, 0.6, 0.9],
							"uv": {
								"north": {"uv": [1, 14], "uv_size": [1, 1]},
								"south": {"uv": [14, 1], "uv_size": [1, 1]},
								"up": {"uv": [2, 14], "uv_size": [1, 1]}
							}
						}
					]
				},
				{
					"name": "light",
					"parent": "Surefire_M900A",
					"pivot": [0.00014, -0.78587, -4.85],
					"cubes": [
						{
							"origin": [-0.22782, -1.3358, -3.575],
							"size": [0.45562, 1.1, 1.55],
							"uv": {
								"south": {"uv": [14, 2], "uv_size": [1, 1]},
								"up": {"uv": [3, 6], "uv_size": [1, 2]},
								"down": {"uv": [4, 8], "uv_size": [1, -2]}
							}
						},
						{
							"origin": [-0.22782, -1.3358, -3.575],
							"size": [0.45562, 1.1, 1.55],
							"pivot": [-0.00001, -0.7858, -2.8],
							"rotation": [0, 0, 45],
							"uv": {
								"south": {"uv": [3, 14], "uv_size": [1, 1]},
								"up": {"uv": [6, 4], "uv_size": [1, 2]},
								"down": {"uv": [5, 8], "uv_size": [1, -2]}
							}
						},
						{
							"origin": [-0.22782, -1.3358, -3.575],
							"size": [0.45562, 1.1, 1.55],
							"pivot": [-0.00001, -0.7858, -2.8],
							"rotation": [0, 0, 90],
							"uv": {
								"south": {"uv": [14, 3], "uv_size": [1, 1]},
								"up": {"uv": [6, 6], "uv_size": [1, 2]},
								"down": {"uv": [7, 4], "uv_size": [1, -2]}
							}
						},
						{
							"origin": [-0.22782, -1.3358, -3.575],
							"size": [0.45562, 1.1, 1.55],
							"pivot": [-0.00001, -0.7858, -2.8],
							"rotation": [0, 0, 135],
							"uv": {
								"south": {"uv": [4, 14], "uv_size": [1, 1]},
								"up": {"uv": [7, 4], "uv_size": [1, 2]},
								"down": {"uv": [7, 8], "uv_size": [1, -2]}
							}
						},
						{
							"origin": [-0.1553, -1.16, -2.025],
							"size": [0.3106, 0.75, 0.45],
							"pivot": [-0.00228, -0.78581, -1.8],
							"rotation": [0, 0, 135],
							"uv": {
								"south": {"uv": [14, 4], "uv_size": [1, 1]},
								"up": {"uv": [5, 14], "uv_size": [1, 1]},
								"down": {"uv": [14, 6], "uv_size": [1, -1]}
							}
						},
						{
							"origin": [-0.1554, -1.16185, -2.025],
							"size": [0.3106, 0.75, 0.45],
							"pivot": [-0.0001, -0.78685, -1.8],
							"rotation": [0, 0, 45],
							"uv": {
								"south": {"uv": [6, 14], "uv_size": [1, 1]},
								"up": {"uv": [14, 6], "uv_size": [1, 1]},
								"down": {"uv": [7, 15], "uv_size": [1, -1]}
							}
						},
						{
							"origin": [-0.1553, -1.16, -2.025],
							"size": [0.3106, 0.75, 0.45],
							"uv": {
								"south": {"uv": [14, 7], "uv_size": [1, 1]},
								"up": {"uv": [8, 14], "uv_size": [1, 1]},
								"down": {"uv": [14, 9], "uv_size": [1, -1]}
							}
						},
						{
							"origin": [-0.1553, -1.16, -2.025],
							"size": [0.3106, 0.75, 0.45],
							"pivot": [-0.00228, -0.78581, -1.8],
							"rotation": [0, 0, 90],
							"uv": {
								"south": {"uv": [9, 14], "uv_size": [1, 1]},
								"up": {"uv": [14, 9], "uv_size": [1, 1]},
								"down": {"uv": [10, 15], "uv_size": [1, -1]}
							}
						},
						{
							"origin": [-0.2, -1.385, -3.775],
							"size": [0.4, 1.2, 0.2],
							"pivot": [0, -0.78587, -3.7],
							"rotation": [0, 0, 180],
							"uv": {
								"south": {"uv": [14, 10], "uv_size": [1, 1]},
								"up": {"uv": [11, 14], "uv_size": [1, 1]},
								"down": {"uv": [14, 12], "uv_size": [1, -1]}
							}
						},
						{
							"origin": [-0.04517, -1.41593, -3.775],
							"size": [0.08967, 1.26173, 0.2],
							"pivot": [0, -0.78587, -3.7],
							"rotation": [0, 0, -157.5],
							"uv": {
								"south": {"uv": [12, 14], "uv_size": [1, 1]},
								"up": {"uv": [14, 12], "uv_size": [1, 1]},
								"down": {"uv": [13, 15], "uv_size": [1, -1]}
							}
						},
						{
							"origin": [-0.04517, -1.41593, -3.775],
							"size": [0.08967, 1.26173, 0.2],
							"pivot": [0, -0.78587, -3.7],
							"rotation": [0, 0, -112.5],
							"uv": {
								"south": {"uv": [14, 13], "uv_size": [1, 1]},
								"up": {"uv": [14, 14], "uv_size": [1, 1]},
								"down": {"uv": [0, 16], "uv_size": [1, -1]}
							}
						},
						{
							"origin": [-0.04517, -1.41593, -3.775],
							"size": [0.08967, 1.26173, 0.2],
							"pivot": [0, -0.78587, -3.7],
							"rotation": [0, 0, -67.5],
							"uv": {
								"south": {"uv": [15, 0], "uv_size": [1, 1]},
								"up": {"uv": [1, 15], "uv_size": [1, 1]},
								"down": {"uv": [15, 2], "uv_size": [1, -1]}
							}
						},
						{
							"origin": [-0.04517, -1.41593, -3.775],
							"size": [0.08967, 1.26173, 0.2],
							"pivot": [0, -0.78587, -3.7],
							"rotation": [0, 0, -22.5],
							"uv": {
								"south": {"uv": [2, 15], "uv_size": [1, 1]},
								"up": {"uv": [15, 2], "uv_size": [1, 1]},
								"down": {"uv": [3, 16], "uv_size": [1, -1]}
							}
						},
						{
							"origin": [-0.2, -1.385, -3.775],
							"size": [0.4, 1.2, 0.2],
							"pivot": [0, -0.78587, -3.7],
							"rotation": [0, 0, -90],
							"uv": {
								"south": {"uv": [15, 3], "uv_size": [1, 1]},
								"up": {"uv": [4, 15], "uv_size": [1, 1]},
								"down": {"uv": [15, 5], "uv_size": [1, -1]}
							}
						},
						{
							"origin": [-0.2, -1.385, -3.775],
							"size": [0.4, 1.2, 0.2],
							"pivot": [0, -0.78587, -3.7],
							"rotation": [0, 0, -45],
							"uv": {
								"south": {"uv": [5, 15], "uv_size": [1, 1]},
								"up": {"uv": [15, 5], "uv_size": [1, 1]},
								"down": {"uv": [6, 16], "uv_size": [1, -1]}
							}
						},
						{
							"origin": [-0.2, -1.385, -3.775],
							"size": [0.4, 1.2, 0.2],
							"pivot": [0, -0.78587, -3.7],
							"rotation": [0, 0, -135],
							"uv": {
								"south": {"uv": [15, 6], "uv_size": [1, 1]},
								"up": {"uv": [7, 15], "uv_size": [1, 1]},
								"down": {"uv": [15, 8], "uv_size": [1, -1]}
							}
						},
						{
							"origin": [-0.2278, -1.26, -4.575],
							"size": [0.4556, 0.95, 0.05],
							"pivot": [0.00014, -0.78587, -4.85],
							"rotation": [0, 0, 157.5],
							"uv": {
								"north": {"uv": [8, 15], "uv_size": [1, 1]}
							}
						},
						{
							"origin": [-0.2278, -1.26, -4.575],
							"size": [0.4556, 0.95, 0.05],
							"pivot": [0.00014, -0.78587, -4.85],
							"rotation": [0, 0, 112.5],
							"uv": {
								"north": {"uv": [15, 8], "uv_size": [1, 1]}
							}
						},
						{
							"origin": [-0.2278, -1.26, -4.575],
							"size": [0.4556, 0.95, 0.05],
							"pivot": [0.00014, -0.78587, -4.85],
							"rotation": [0, 0, 67.5],
							"uv": {
								"north": {"uv": [9, 15], "uv_size": [1, 1]}
							}
						},
						{
							"origin": [-0.2278, -1.26, -4.575],
							"size": [0.4556, 0.95, 0.05],
							"pivot": [0.00014, -0.78587, -4.85],
							"rotation": [0, 0, 22.5],
							"uv": {
								"north": {"uv": [15, 9], "uv_size": [1, 1]}
							}
						},
						{
							"origin": [-0.25866, -1.41092, -4.775],
							"size": [0.5176, 0.15, 1],
							"pivot": [0.00014, -0.78505, -5.05],
							"rotation": [0, 0, -67.5],
							"uv": {
								"north": {"uv": [10, 15], "uv_size": [1, 1]},
								"south": {"uv": [15, 10], "uv_size": [1, 1]},
								"up": {"uv": [11, 15], "uv_size": [1, 1]},
								"down": {"uv": [15, 12], "uv_size": [1, -1]}
							}
						},
						{
							"origin": [-0.25866, -0.31, -4.775],
							"size": [0.5176, 0.15, 1],
							"pivot": [0.00014, -0.78587, -5.05],
							"rotation": [0, 0, 67.5],
							"uv": {
								"north": {"uv": [12, 15], "uv_size": [1, 1]},
								"south": {"uv": [15, 12], "uv_size": [1, 1]},
								"up": {"uv": [13, 15], "uv_size": [1, 1]},
								"down": {"uv": [15, 14], "uv_size": [1, -1]}
							}
						},
						{
							"origin": [-0.25866, -1.41092, -4.775],
							"size": [0.5176, 0.15, 1],
							"pivot": [0.00014, -0.78505, -5.05],
							"rotation": [0, 0, -22.5],
							"uv": {
								"north": {"uv": [14, 15], "uv_size": [1, 1]},
								"south": {"uv": [15, 14], "uv_size": [1, 1]},
								"up": {"uv": [15, 15], "uv_size": [1, 1]},
								"down": {"uv": [0, 17], "uv_size": [1, -1]}
							}
						},
						{
							"origin": [-0.25866, -0.31092, -4.775],
							"size": [0.5176, 0.15, 1],
							"pivot": [0.00014, -0.78505, -5.05],
							"rotation": [0, 0, -157.5],
							"uv": {
								"north": {"uv": [16, 0], "uv_size": [1, 1]},
								"south": {"uv": [1, 16], "uv_size": [1, 1]},
								"up": {"uv": [16, 1], "uv_size": [1, 1]},
								"down": {"uv": [2, 17], "uv_size": [1, -1]}
							}
						},
						{
							"origin": [-0.25866, -0.31, -4.775],
							"size": [0.5176, 0.15, 1],
							"pivot": [0.00014, -0.78587, -5.05],
							"rotation": [0, 0, 22.5],
							"uv": {
								"north": {"uv": [16, 2], "uv_size": [1, 1]},
								"south": {"uv": [3, 16], "uv_size": [1, 1]},
								"up": {"uv": [16, 3], "uv_size": [1, 1]},
								"down": {"uv": [4, 17], "uv_size": [1, -1]}
							}
						},
						{
							"origin": [-0.25866, -1.41, -4.775],
							"size": [0.5176, 0.15, 1],
							"pivot": [0.00014, -0.78587, -5.05],
							"rotation": [0, 0, 157.5],
							"uv": {
								"north": {"uv": [16, 4], "uv_size": [1, 1]},
								"south": {"uv": [5, 16], "uv_size": [1, 1]},
								"up": {"uv": [16, 5], "uv_size": [1, 1]},
								"down": {"uv": [6, 17], "uv_size": [1, -1]}
							}
						},
						{
							"origin": [-0.25866, -0.31092, -4.775],
							"size": [0.5176, 0.15, 1],
							"pivot": [0.00014, -0.78505, -5.05],
							"rotation": [0, 0, -112.5],
							"uv": {
								"north": {"uv": [16, 6], "uv_size": [1, 1]},
								"south": {"uv": [7, 16], "uv_size": [1, 1]},
								"up": {"uv": [16, 7], "uv_size": [1, 1]},
								"down": {"uv": [8, 17], "uv_size": [1, -1]}
							}
						},
						{
							"origin": [-0.25866, -1.41, -4.775],
							"size": [0.5176, 0.15, 1],
							"pivot": [0.00014, -0.78587, -5.05],
							"rotation": [0, 0, 112.5],
							"uv": {
								"north": {"uv": [16, 8], "uv_size": [1, 1]},
								"south": {"uv": [9, 16], "uv_size": [1, 1]},
								"up": {"uv": [16, 9], "uv_size": [1, 1]},
								"down": {"uv": [10, 17], "uv_size": [1, -1]}
							}
						}
					]
				}
			]
		}
	]
}