{
	"format_version": "1.12.0",
	"minecraft:geometry": [
		{
			"description": {
				"identifier": "geometry.grip_vector - Converted",
				"texture_width": 16,
				"texture_height": 16,
				"visible_bounds_width": 4,
				"visible_bounds_height": 2.5,
				"visible_bounds_offset": [0, 0.75, 0]
			},
			"bones": [
				{
					"name": "KRISS_Grip",
					"pivot": [0.00001, -1.88827, 3.84069],
					"cubes": [
						{
							"origin": [-0.45, -0.36081, -1.15],
							"size": [0.9, 0.3, 4],
							"uv": {
								"north": {"uv": [10, 6], "uv_size": [1, 0.25]},
								"south": {"uv": [5, 11], "uv_size": [1, 0.25]},
								"up": {"uv": [0, 4], "uv_size": [1, 4]},
								"down": {"uv": [4, 4], "uv_size": [1, -4]}
							}
						},
						{
							"origin": [-0.71475, 0.12165, -1.15],
							"size": [0.42426, 0.42426, 4],
							"pivot": [0, 0.2, 3.725],
							"rotation": [0, 0, -45],
							"uv": {
								"north": {"uv": [11, 6], "uv_size": [0.5, 0.5]},
								"east": {"uv": [5, 2], "uv_size": [4, 0.5]},
								"south": {"uv": [11, 7], "uv_size": [0.5, 0.5]},
								"west": {"uv": [5, 3], "uv_size": [4, 0.5]}
							}
						},
						{
							"origin": [0.29049, 0.12165, -1.15],
							"size": [0.42426, 0.42426, 4],
							"pivot": [0, 0.2, 3.725],
							"rotation": [0, 0, 45],
							"uv": {
								"north": {"uv": [11, 8], "uv_size": [0.5, 0.5]},
								"east": {"uv": [5, 4], "uv_size": [4, 0.5]},
								"south": {"uv": [11, 9], "uv_size": [0.5, 0.5]},
								"west": {"uv": [5, 5], "uv_size": [4, 0.5]}
							}
						},
						{
							"origin": [-0.45, -0.88581, -1.15],
							"size": [0.9, 0.525, 0.2],
							"uv": {
								"north": {"uv": [4, 10], "uv_size": [1, 0.5]},
								"east": {"uv": [10, 12], "uv_size": [0.25, 0.5]},
								"west": {"uv": [12, 10], "uv_size": [0.25, 0.5]}
							}
						},
						{
							"origin": [-0.24932, -1.46047, -1.15],
							"size": [0.49864, 0.57466, 0.2],
							"uv": {
								"north": {"uv": [10, 11], "uv_size": [0.5, 0.5]},
								"down": {"uv": [11, 12.25], "uv_size": [0.5, -0.25]}
							}
						},
						{
							"origin": [0.26054, -1.4945, -1.15],
							"size": [0.18946, 0.60869, 0.2],
							"pivot": [0.45, -0.88581, -0.95],
							"rotation": [0, 0, 19.25],
							"uv": {
								"north": {"uv": [12, 11], "uv_size": [0.25, 0.5]},
								"south": {"uv": [12, 12], "uv_size": [0.25, 0.5]},
								"west": {"uv": [0, 13], "uv_size": [0.25, 0.5]}
							}
						},
						{
							"origin": [-0.45, -1.4945, -1.15],
							"size": [0.18946, 0.60869, 0.2],
							"pivot": [-0.45, -0.88581, -0.95],
							"rotation": [0, 0, -19.25],
							"uv": {
								"north": {"uv": [13, 0], "uv_size": [0.25, 0.5]},
								"east": {"uv": [1, 13], "uv_size": [0.25, 0.5]},
								"south": {"uv": [13, 1], "uv_size": [0.25, 0.5]}
							}
						},
						{
							"origin": [-0.25, -1.38068, -0.87214],
							"size": [0.5, 1.05, 0.125],
							"pivot": [0, -0.91081, -1.05],
							"rotation": [-22.5, 0, 0],
							"uv": {
								"east": {"uv": [11, 10], "uv_size": [0.25, 1]},
								"south": {"uv": [10, 4], "uv_size": [0.5, 1]},
								"west": {"uv": [11, 11], "uv_size": [0.25, 1]}
							}
						},
						{
							"origin": [-0.35, -1.05568, -0.84714],
							"size": [0.7, 0.8375, 0.1],
							"pivot": [0, -0.58581, -1.05],
							"rotation": [-22.5, 0, 0],
							"uv": {
								"east": {"uv": [12, 4], "uv_size": [0.25, 0.75]},
								"south": {"uv": [10, 3], "uv_size": [0.75, 0.75]},
								"west": {"uv": [5, 12], "uv_size": [0.25, 0.75]}
							}
						},
						{
							"origin": [-0.45, -0.80568, -0.94714],
							"size": [0.9, 0.575, 0.2],
							"pivot": [0, -0.33581, -1.05],
							"rotation": [-22.5, 0, 0],
							"uv": {
								"east": {"uv": [2, 13], "uv_size": [0.25, 0.5]},
								"south": {"uv": [5, 10], "uv_size": [1, 0.5]},
								"west": {"uv": [13, 2], "uv_size": [0.25, 0.5]}
							}
						},
						{
							"origin": [-0.25, -0.15568, -0.95964],
							"size": [0.5, 0.4, 0.2125],
							"pivot": [0, -0.51081, -1.05],
							"rotation": [-57.5, 0, 0],
							"uv": {
								"east": {"uv": [3, 13], "uv_size": [0.25, 0.5]},
								"south": {"uv": [12, 0], "uv_size": [0.5, 0.5]},
								"west": {"uv": [13, 3], "uv_size": [0.25, 0.5]}
							}
						},
						{
							"origin": [0.37956, -0.06081, -1.15],
							"size": [0.37044, 0.4, 4],
							"uv": {
								"north": {"uv": [4, 13], "uv_size": [0.25, 0.5]},
								"east": {"uv": [3, 6], "uv_size": [4, 0.5]},
								"south": {"uv": [13, 4], "uv_size": [0.25, 0.5]},
								"west": {"uv": [7, 0], "uv_size": [4, 0.5]},
								"up": {"uv": [9, 3], "uv_size": [0.25, 4]}
							}
						},
						{
							"origin": [-0.75, -0.06081, -1.15],
							"size": [0.37044, 0.4, 4],
							"uv": {
								"north": {"uv": [5, 13], "uv_size": [0.25, 0.5]},
								"east": {"uv": [7, 1], "uv_size": [4, 0.5]},
								"south": {"uv": [13, 5], "uv_size": [0.25, 0.5]},
								"west": {"uv": [3, 7], "uv_size": [4, 0.5]},
								"up": {"uv": [7, 9], "uv_size": [0.25, 4]}
							}
						},
						{
							"origin": [-0.85, -0.26081, 1.35],
							"size": [1.7, 0.4, 0.4],
							"pivot": [0, -0.06081, 1.55],
							"rotation": [-45, 0, 0],
							"uv": {
								"north": {"uv": [9, 7], "uv_size": [1.75, 0.5]},
								"east": {"uv": [12, 1], "uv_size": [0.5, 0.5]},
								"south": {"uv": [8, 9], "uv_size": [1.75, 0.5]},
								"west": {"uv": [12, 2], "uv_size": [0.5, 0.5]},
								"up": {"uv": [9, 8], "uv_size": [1.75, 0.5]},
								"down": {"uv": [0, 10.5], "uv_size": [1.75, -0.5]}
							}
						},
						{
							"origin": [-0.45, -4.36081, 0.7],
							"size": [0.9, 4, 1.6],
							"uv": {
								"north": {"uv": [1, 4], "uv_size": [1, 4]},
								"east": {"uv": [0, 0], "uv_size": [1.5, 4]},
								"south": {"uv": [2, 4], "uv_size": [1, 4]},
								"west": {"uv": [2, 0], "uv_size": [1.5, 4]},
								"down": {"uv": [4, 9.5], "uv_size": [1, -1.5]}
							}
						},
						{
							"origin": [-0.45, -1.12331, 0.6],
							"size": [0.9, 0.25, 0.5125],
							"pivot": [-0.23, -0.42331, 1.4],
							"rotation": [-45, 0, 0],
							"uv": {
								"east": {"uv": [6, 13], "uv_size": [0.5, 0.25]},
								"west": {"uv": [13, 6], "uv_size": [0.5, 0.25]},
								"down": {"uv": [10, 5.5], "uv_size": [1, -0.5]}
							}
						},
						{
							"origin": [-0.45, 0.15169, 1.9625],
							"size": [0.9, 0.325, 0.1625],
							"pivot": [-0.23, -0.42331, 1.325],
							"rotation": [-45, 0, 0],
							"uv": {
								"east": {"uv": [11, 13], "uv_size": [0.25, 0.25]},
								"south": {"uv": [12, 3], "uv_size": [1, 0.25]},
								"west": {"uv": [13, 11], "uv_size": [0.25, 0.25]}
							}
						},
						{
							"origin": [-0.45, -3.66081, 0.5],
							"size": [0.9, 1.8, 2],
							"uv": {
								"north": {"uv": [2, 8], "uv_size": [1, 1.75]},
								"south": {"uv": [3, 8], "uv_size": [1, 1.75]}
							}
						},
						{
							"origin": [1.67938, -3.66081, -0.12638],
							"size": [0.28284, 1.8, 0.2],
							"pivot": [1.51222, 0, 3.09862],
							"rotation": [0, 45, 0],
							"uv": {
								"north": {"uv": [6, 10], "uv_size": [0.25, 1.75]}
							}
						},
						{
							"origin": [-0.65, -1.86081, 0.7],
							"size": [0.28284, 0.6, 0.2],
							"pivot": [-0.65, -1.86081, 0.7],
							"rotation": [-14.25, 45, 0],
							"uv": {
								"north": {"uv": [7, 13], "uv_size": [0.25, 0.5]}
							}
						},
						{
							"origin": [-0.65, -4.03581, 0.7],
							"size": [0.28284, 0.375, 0.2],
							"pivot": [-0.65, -3.66081, 0.7],
							"rotation": [22.25, 45, 0],
							"uv": {
								"north": {"uv": [13, 7], "uv_size": [0.25, 0.5]}
							}
						},
						{
							"origin": [-0.65, -1.86081, 2.1],
							"size": [0.28284, 0.6, 0.2],
							"pivot": [-0.65, -1.86081, 2.3],
							"rotation": [14.25, -45, 0],
							"uv": {
								"south": {"uv": [8, 13], "uv_size": [0.25, 0.5]}
							}
						},
						{
							"origin": [0.36716, -4.03581, 0.7],
							"size": [0.28284, 0.375, 0.2],
							"pivot": [0.65, -3.66081, 0.7],
							"rotation": [22.25, -45, 0],
							"uv": {
								"north": {"uv": [13, 8], "uv_size": [0.25, 0.5]}
							}
						},
						{
							"origin": [0.36716, -1.86081, 0.7],
							"size": [0.28284, 0.6, 0.2],
							"pivot": [0.65, -1.86081, 0.7],
							"rotation": [-14.25, -45, 0],
							"uv": {
								"north": {"uv": [9, 13], "uv_size": [0.25, 0.5]}
							}
						},
						{
							"origin": [0.36716, -4.03581, 2.1],
							"size": [0.28284, 0.375, 0.2],
							"pivot": [0.65, -3.66081, 2.3],
							"rotation": [-22.25, 45, 0],
							"uv": {
								"south": {"uv": [13, 9], "uv_size": [0.25, 0.5]}
							}
						},
						{
							"origin": [0.36716, -1.86081, 2.1],
							"size": [0.28284, 0.6, 0.2],
							"pivot": [0.65, -1.86081, 2.3],
							"rotation": [14.25, 45, 0],
							"uv": {
								"south": {"uv": [10, 13], "uv_size": [0.25, 0.5]}
							}
						},
						{
							"origin": [-0.65, -4.03581, 2.1],
							"size": [0.28284, 0.375, 0.2],
							"pivot": [-0.65, -3.66081, 2.3],
							"rotation": [-22.25, -45, 0],
							"uv": {
								"south": {"uv": [13, 10], "uv_size": [0.25, 0.5]}
							}
						},
						{
							"origin": [1.67938, -3.66081, 2.92638],
							"size": [0.28284, 1.8, 0.2],
							"pivot": [1.51222, 0, -0.09862],
							"rotation": [0, -45, 0],
							"uv": {
								"south": {"uv": [8, 10], "uv_size": [0.25, 1.75]}
							}
						},
						{
							"origin": [-1.96222, -3.66081, -0.12638],
							"size": [0.28284, 1.8, 0.2],
							"pivot": [-1.51222, 0, 3.09862],
							"rotation": [0, -45, 0],
							"uv": {
								"north": {"uv": [9, 10], "uv_size": [0.25, 1.75]}
							}
						},
						{
							"origin": [-1.96222, -3.66081, 2.92638],
							"size": [0.28284, 1.8, 0.2],
							"pivot": [-1.51222, 0, -0.09862],
							"rotation": [0, 45, 0],
							"uv": {
								"south": {"uv": [10, 9], "uv_size": [0.25, 1.75]}
							}
						},
						{
							"origin": [-0.65, -3.66081, 0.7],
							"size": [1.3, 1.8, 1.6],
							"uv": {
								"east": {"uv": [3, 4], "uv_size": [1.5, 1.75]},
								"west": {"uv": [5, 0], "uv_size": [1.5, 1.75]}
							}
						},
						{
							"origin": [-0.45, -2.04813, 2.44109],
							"size": [0.9, 1.14982, 0.2],
							"pivot": [-0.23, -2.76081, 1.5],
							"rotation": [10, 0, 0],
							"uv": {
								"east": {"uv": [0, 11], "uv_size": [0.25, 1.25]},
								"south": {"uv": [5, 8], "uv_size": [1, 1.25]},
								"west": {"uv": [11, 0], "uv_size": [0.25, 1.25]}
							}
						},
						{
							"origin": [-0.45, -4.38882, 0.5],
							"size": [0.9, 0.72801, 0.2],
							"pivot": [-0.45, -3.66081, 0.5],
							"rotation": [16, 0, 0],
							"uv": {
								"north": {"uv": [2, 10], "uv_size": [1, 0.75]},
								"east": {"uv": [12, 5], "uv_size": [0.25, 0.75]},
								"west": {"uv": [6, 12], "uv_size": [0.25, 0.75]}
							}
						},
						{
							"origin": [0.48486, -4.14075, 0.7],
							"size": [0.2, 0.72801, 1.6],
							"pivot": [-0.21514, -3.41274, 0.7],
							"rotation": [0, 0, 16],
							"uv": {
								"north": {"uv": [12, 6], "uv_size": [0.25, 0.75]},
								"south": {"uv": [12, 7], "uv_size": [0.25, 0.75]},
								"west": {"uv": [7, 8], "uv_size": [1.5, 0.75]}
							}
						},
						{
							"origin": [-0.45, -2.04813, 0.35891],
							"size": [0.9, 1.14982, 0.2],
							"pivot": [-0.23, -2.76081, 1.5],
							"rotation": [-10, 0, 0],
							"uv": {
								"north": {"uv": [6, 8], "uv_size": [1, 1.25]},
								"east": {"uv": [1, 11], "uv_size": [0.25, 1.25]},
								"west": {"uv": [2, 11], "uv_size": [0.25, 1.25]}
							}
						},
						{
							"origin": [-0.7771, -1.88819, 0.7],
							"size": [0.2, 1.14982, 1.6],
							"pivot": [-0.5571, -2.60086, 1.84109],
							"rotation": [0, 0, 10],
							"uv": {
								"north": {"uv": [11, 2], "uv_size": [0.25, 1.25]},
								"east": {"uv": [7, 6], "uv_size": [1.5, 1.25]},
								"south": {"uv": [3, 11], "uv_size": [0.25, 1.25]}
							}
						},
						{
							"origin": [-0.68486, -4.14075, 0.7],
							"size": [0.2, 0.72801, 1.6],
							"pivot": [0.21514, -3.41274, 0.7],
							"rotation": [0, 0, -16],
							"uv": {
								"north": {"uv": [8, 12], "uv_size": [0.25, 0.75]},
								"east": {"uv": [9, 2], "uv_size": [1.5, 0.75]},
								"south": {"uv": [12, 8], "uv_size": [0.25, 0.75]}
							}
						},
						{
							"origin": [0.5771, -1.88819, 0.7],
							"size": [0.2, 1.14982, 1.6],
							"pivot": [0.5571, -2.60086, 1.84109],
							"rotation": [0, 0, -10],
							"uv": {
								"north": {"uv": [4, 11], "uv_size": [0.25, 1.25]},
								"south": {"uv": [11, 4], "uv_size": [0.25, 1.25]},
								"west": {"uv": [0, 8], "uv_size": [1.5, 1.25]}
							}
						},
						{
							"origin": [-0.45, -4.38882, 2.3],
							"size": [0.9, 0.72801, 0.2],
							"pivot": [-0.45, -3.66081, 2.5],
							"rotation": [-16, 0, 0],
							"uv": {
								"east": {"uv": [9, 12], "uv_size": [0.25, 0.75]},
								"south": {"uv": [3, 10], "uv_size": [1, 0.75]},
								"west": {"uv": [12, 9], "uv_size": [0.25, 0.75]}
							}
						}
					]
				}
			]
		}
	]
}