{
	"format_version": "1.12.0",
	"minecraft:geometry": [
		{
			"description": {
				"identifier": "geometry.grip_zolfaqar_gh",
				"texture_width": 32,
				"texture_height": 32,
				"visible_bounds_width": 2,
				"visible_bounds_height": 2,
				"visible_bounds_offset": [0, 0, 0]
			},
			"bones": [
				{
					"name": "Zolfaqar_angledgrip",
					"pivot": [0, 4.06846, 2.35706],
					"cubes": [
						{
							"origin": [-0.7499, -0.87501, -0.4],
							"size": [1.4998, 0.825, 3.75],
							"pivot": [0.75, -0.87501, -0.4],
							"rotation": [-30, 0, 0],
							"uv": {
								"east": {"uv": [1, 10], "uv_size": [4, 1]},
								"west": {"uv": [10, 4], "uv_size": [4, 1]},
								"down": {"uv": [5, 14], "uv_size": [1, -4]}
							}
						},
						{
							"origin": [-0.75, -1.625, -2],
							"size": [1.5, 0.74999, 0.2],
							"uv": {
								"north": {"uv": [12, 9], "uv_size": [2, 1]},
								"east": {"uv": [23, 5], "uv_size": [1, 1]},
								"south": {"uv": [6, 13], "uv_size": [2, 1]},
								"west": {"uv": [6, 23], "uv_size": [1, 1]},
								"down": {"uv": [13, 8], "uv_size": [2, -1]}
							}
						},
						{
							"origin": [-0.7499, -2.75001, 2.8476],
							"size": [1.4998, 0.49999, 1.5],
							"uv": {
								"east": {"uv": [13, 8], "uv_size": [2, 1]},
								"south": {"uv": [23, 6], "uv_size": [1, 1]},
								"west": {"uv": [13, 10], "uv_size": [2, 1]},
								"down": {"uv": [13, 13], "uv_size": [1, -2]}
							}
						},
						{
							"origin": [-0.7499, -2.25001, 2.2726],
							"size": [1.4998, 1.37499, 1.5],
							"uv": {
								"east": {"uv": [13, 13], "uv_size": [2, 1]},
								"west": {"uv": [14, 0], "uv_size": [2, 1]}
							}
						},
						{
							"origin": [-0.7499, -1.47501, 1.2476],
							"size": [1.4998, 0.59999, 1.025],
							"uv": {
								"east": {"uv": [7, 23], "uv_size": [1, 1]},
								"west": {"uv": [23, 7], "uv_size": [1, 1]}
							}
						},
						{
							"origin": [-0.7499, -2.75001, 3.2476],
							"size": [1.4998, 0.49999, 1.1],
							"pivot": [0.7499, -2.25001, 4.3476],
							"rotation": [-60, 0, 0],
							"uv": {
								"east": {"uv": [8, 23], "uv_size": [1, 1]},
								"west": {"uv": [23, 8], "uv_size": [1, 1]},
								"up": {"uv": [9, 23], "uv_size": [1, 1]}
							}
						},
						{
							"origin": [-0.7499, -2.43752, 2.6153],
							"size": [1.4998, 0.49999, 0.75],
							"pivot": [0.75, -1.93752, 3.7153],
							"rotation": [-105, 0, 0],
							"uv": {
								"east": {"uv": [23, 9], "uv_size": [1, 1]},
								"west": {"uv": [10, 23], "uv_size": [1, 1]},
								"up": {"uv": [23, 10], "uv_size": [1, 1]}
							}
						},
						{
							"origin": [-0.7499, -1.39496, -1.79388],
							"size": [1.4998, 0.50322, 0.25928],
							"pivot": [0.25006, -0.98549, -1.4721],
							"rotation": [-45, 0, 0],
							"uv": {
								"east": {"uv": [11, 23], "uv_size": [1, 1]},
								"south": {"uv": [23, 11], "uv_size": [1, 1]},
								"west": {"uv": [12, 23], "uv_size": [1, 1]}
							}
						},
						{
							"origin": [-0.75, -0.87501, -2],
							"size": [1.5, 0.7142, 6],
							"uv": {
								"north": {"uv": [14, 1], "uv_size": [2, 1]},
								"east": {"uv": [4, 0], "uv_size": [6, 1]},
								"south": {"uv": [2, 14], "uv_size": [2, 1]},
								"west": {"uv": [4, 1], "uv_size": [6, 1]},
								"up": {"uv": [0, 0], "uv_size": [2, 6]},
								"down": {"uv": [2, 6], "uv_size": [2, -6]}
							}
						},
						{
							"origin": [-0.7499, -0.16081, -2],
							"size": [0.0999, 1, 2.25],
							"uv": {
								"north": {"uv": [23, 12], "uv_size": [1, 1]},
								"east": {"uv": [14, 2], "uv_size": [2, 1]},
								"west": {"uv": [14, 3], "uv_size": [2, 1]},
								"up": {"uv": [0, 14], "uv_size": [1, 2]}
							}
						},
						{
							"origin": [-0.65, -0.16081, -2],
							"size": [0.27044, 0.3, 2.95],
							"uv": {
								"north": {"uv": [13, 23], "uv_size": [1, 1]},
								"west": {"uv": [10, 5], "uv_size": [3, 1]},
								"up": {"uv": [6, 10], "uv_size": [1, 3]}
							}
						},
						{
							"origin": [-0.7499, -0.32339, -0.40014],
							"size": [0.0999, 0.707, 1.414],
							"pivot": [-0.56478, -0.17339, 0.47486],
							"rotation": [-45, 0, 0],
							"uv": {
								"east": {"uv": [23, 13], "uv_size": [1, 1]},
								"west": {"uv": [14, 23], "uv_size": [1, 1]},
								"up": {"uv": [23, 14], "uv_size": [1, 1]}
							}
						},
						{
							"origin": [-0.65, 0.17845, 0.60548],
							"size": [0.27044, 0.207, 0.414],
							"pivot": [-0.56478, -0.15355, 0.48048],
							"rotation": [-45, 0, 0],
							"uv": {
								"west": {"uv": [15, 23], "uv_size": [1, 1]},
								"up": {"uv": [23, 15], "uv_size": [1, 1]}
							}
						},
						{
							"origin": [0.65, -0.32339, -0.40014],
							"size": [0.0999, 0.707, 1.414],
							"pivot": [0.56478, -0.17339, 0.47486],
							"rotation": [-45, 0, 0],
							"uv": {
								"east": {"uv": [16, 23], "uv_size": [1, 1]},
								"west": {"uv": [23, 16], "uv_size": [1, 1]},
								"up": {"uv": [17, 23], "uv_size": [1, 1]}
							}
						},
						{
							"origin": [0.65, -0.16081, -2],
							"size": [0.0999, 1, 2.25],
							"uv": {
								"north": {"uv": [23, 17], "uv_size": [1, 1]},
								"east": {"uv": [14, 4], "uv_size": [2, 1]},
								"west": {"uv": [5, 14], "uv_size": [2, 1]},
								"up": {"uv": [14, 5], "uv_size": [1, 2]}
							}
						},
						{
							"origin": [0.37956, -0.16081, -2],
							"size": [0.27044, 0.3, 2.95],
							"uv": {
								"north": {"uv": [18, 23], "uv_size": [1, 1]},
								"east": {"uv": [10, 6], "uv_size": [3, 1]},
								"up": {"uv": [7, 10], "uv_size": [1, 3]}
							}
						},
						{
							"origin": [0.37956, 0.17845, 0.60548],
							"size": [0.27044, 0.207, 0.414],
							"pivot": [0.56478, -0.15355, 0.48048],
							"rotation": [-45, 0, 0],
							"uv": {
								"east": {"uv": [23, 18], "uv_size": [1, 1]},
								"up": {"uv": [19, 23], "uv_size": [1, 1]}
							}
						}
					]
				}
			]
		}
	]
}