{
	"format_version": "1.12.0",
	"minecraft:geometry": [
		{
			"description": {
				"identifier": "geometry.laser_ogl",
				"texture_width": 32,
				"texture_height": 32,
				"visible_bounds_width": 193,
				"visible_bounds_height": 10,
				"visible_bounds_offset": [0, 0, 0]
			},
			"bones": [
				{
					"name": "scope_view",
					"pivot": [-3, 4, 7],
					"rotation": [0, 0, -45]
				},
				{
					"name": "scope_body",
					"pivot": [0, 0, 2]
				},
				{
					"name": "EOTech_OGL",
					"parent": "scope_body",
					"pivot": [0, 0, 1]
				},
				{
					"name": "core",
					"parent": "EOTech_OGL",
					"pivot": [0, 0, 1],
					"cubes": [
						{
							"origin": [-1.05, 0.8, -4.175],
							"size": [2.1, 0.475, 3.9],
							"uv": {
								"east": {"uv": [0, 4], "uv_size": [4, 1]},
								"south": {"uv": [6, 7], "uv_size": [2, 1]},
								"west": {"uv": [4, 0], "uv_size": [4, 1]},
								"up": {"uv": [0, 0], "uv_size": [2, 4]}
							}
						},
						{
							"origin": [-1.05, 1.275, -4.175],
							"size": [2.1, 0.1, 2.075],
							"uv": {
								"south": {"uv": [10, 3], "uv_size": [2, 1]},
								"up": {"uv": [0, 5], "uv_size": [2, 2]}
							}
						},
						{
							"origin": [-1.05, 1.275, -2.1],
							"size": [0.8, 0.1, 0.25],
							"uv": {
								"west": {"uv": [9, 23], "uv_size": [1, 1]},
								"up": {"uv": [23, 9], "uv_size": [1, 1]}
							}
						},
						{
							"origin": [0.25, 1.275, -2.1],
							"size": [0.8, 0.1, 0.25],
							"uv": {
								"east": {"uv": [10, 23], "uv_size": [1, 1]},
								"up": {"uv": [23, 10], "uv_size": [1, 1]}
							}
						},
						{
							"origin": [-1.05, 1.275, -1.85],
							"size": [2.1, 0.1, 1.575],
							"uv": {
								"north": {"uv": [10, 4], "uv_size": [2, 1]},
								"east": {"uv": [10, 5], "uv_size": [2, 1]},
								"south": {"uv": [6, 10], "uv_size": [2, 1]},
								"west": {"uv": [10, 9], "uv_size": [2, 1]},
								"up": {"uv": [2, 5], "uv_size": [2, 2]}
							}
						},
						{
							"origin": [-1.225, 0.2, -4.175],
							"size": [2.45, 0.7, 3.9],
							"uv": {
								"east": {"uv": [4, 1], "uv_size": [4, 1]},
								"south": {"uv": [0, 8], "uv_size": [2, 1]},
								"west": {"uv": [4, 2], "uv_size": [4, 1]},
								"down": {"uv": [2, 4], "uv_size": [2, -4]}
							}
						},
						{
							"origin": [-1.125, -0.075, -1.725],
							"size": [2.35, 0.175, 0.175],
							"pivot": [0, 0.0125, -1.6375],
							"rotation": [-45, 0, 0],
							"uv": {
								"north": {"uv": [8, 0], "uv_size": [2, 1]},
								"east": {"uv": [11, 1], "uv_size": [1, 1]},
								"south": {"uv": [8, 1], "uv_size": [2, 1]},
								"west": {"uv": [2, 11], "uv_size": [1, 1]},
								"up": {"uv": [2, 8], "uv_size": [2, 1]},
								"down": {"uv": [8, 3], "uv_size": [2, -1]}
							}
						},
						{
							"origin": [-1.125, -0.225, -0.9],
							"size": [0.75, 0.425, 0.625],
							"uv": {
								"east": {"uv": [11, 2], "uv_size": [1, 1]},
								"south": {"uv": [3, 11], "uv_size": [1, 1]},
								"west": {"uv": [4, 11], "uv_size": [1, 1]},
								"down": {"uv": [5, 12], "uv_size": [1, -1]}
							}
						},
						{
							"origin": [-1.025, -0.225, -2.45],
							"size": [0.65, 0.425, 1.55],
							"uv": {
								"east": {"uv": [9, 7], "uv_size": [2, 1]},
								"west": {"uv": [9, 8], "uv_size": [2, 1]},
								"down": {"uv": [9, 11], "uv_size": [1, -2]}
							}
						},
						{
							"origin": [-1.125, -0.225, -3.725],
							"size": [0.75, 0.425, 1.275],
							"uv": {
								"east": {"uv": [2, 23], "uv_size": [1, 1]},
								"west": {"uv": [23, 2], "uv_size": [1, 1]},
								"down": {"uv": [3, 24], "uv_size": [1, -1]}
							}
						},
						{
							"origin": [-1.225, -0.225, -4.425],
							"size": [0.85, 0.425, 0.7],
							"uv": {
								"north": {"uv": [23, 3], "uv_size": [1, 1]},
								"east": {"uv": [4, 23], "uv_size": [1, 1]},
								"south": {"uv": [23, 4], "uv_size": [1, 1]},
								"west": {"uv": [5, 23], "uv_size": [1, 1]},
								"down": {"uv": [23, 6], "uv_size": [1, -1]}
							}
						},
						{
							"origin": [-1.22992, -0.10155, -0.575],
							"size": [0.10492, 0.30155, 0.3],
							"uv": {
								"north": {"uv": [23, 0], "uv_size": [1, 1]},
								"south": {"uv": [1, 23], "uv_size": [1, 1]},
								"down": {"uv": [23, 2], "uv_size": [1, -1]}
							}
						},
						{
							"origin": [0.375, -0.225, -0.925],
							"size": [0.95, 0.425, 0.65],
							"uv": {
								"east": {"uv": [6, 11], "uv_size": [1, 1]},
								"south": {"uv": [11, 6], "uv_size": [1, 1]},
								"west": {"uv": [7, 11], "uv_size": [1, 1]},
								"down": {"uv": [11, 8], "uv_size": [1, -1]}
							}
						},
						{
							"origin": [0.375, -0.225, -2.35],
							"size": [0.75, 0.425, 1.425],
							"uv": {
								"east": {"uv": [6, 23], "uv_size": [1, 1]},
								"west": {"uv": [23, 6], "uv_size": [1, 1]},
								"down": {"uv": [7, 24], "uv_size": [1, -1]}
							}
						},
						{
							"origin": [0.375, -0.225, -2.55],
							"size": [0.75, 0.425, 0.2],
							"uv": {
								"east": {"uv": [23, 7], "uv_size": [1, 1]},
								"down": {"uv": [8, 24], "uv_size": [1, -1]}
							}
						},
						{
							"origin": [0.375, -0.225, -4.425],
							"size": [0.85, 0.425, 1.875],
							"uv": {
								"north": {"uv": [23, 8], "uv_size": [1, 1]},
								"east": {"uv": [10, 0], "uv_size": [2, 1]},
								"west": {"uv": [1, 10], "uv_size": [2, 1]},
								"down": {"uv": [10, 3], "uv_size": [1, -2]}
							}
						},
						{
							"origin": [-0.375, 0.05, -4.425],
							"size": [0.75, 0.15, 4.15],
							"uv": {
								"north": {"uv": [8, 11], "uv_size": [1, 1]},
								"south": {"uv": [11, 8], "uv_size": [1, 1]},
								"down": {"uv": [4, 7], "uv_size": [1, -4]}
							}
						},
						{
							"origin": [-1.325, 0.2, -2.4],
							"size": [2.65, 0.775, 0.8],
							"uv": {
								"north": {"uv": [5, 3], "uv_size": [3, 1]},
								"east": {"uv": [9, 11], "uv_size": [1, 1]},
								"south": {"uv": [5, 4], "uv_size": [3, 1]},
								"west": {"uv": [10, 11], "uv_size": [1, 1]},
								"up": {"uv": [5, 5], "uv_size": [3, 1]},
								"down": {"uv": [5, 7], "uv_size": [3, -1]}
							}
						}
					]
				},
				{
					"name": "frame",
					"parent": "EOTech_OGL",
					"pivot": [0, 0, 1],
					"cubes": [
						{
							"origin": [-1.325, 0.2, -4.425],
							"size": [2.65, 0.8, 0.375],
							"uv": {
								"north": {"uv": [0, 7], "uv_size": [3, 1]},
								"east": {"uv": [11, 10], "uv_size": [1, 1]},
								"south": {"uv": [3, 7], "uv_size": [3, 1]},
								"west": {"uv": [11, 11], "uv_size": [1, 1]}
							}
						},
						{
							"origin": [-1.075, 0.3, -4.475],
							"size": [0.05, 0.7, 0.05],
							"uv": {
								"north": {"uv": [0, 12], "uv_size": [1, 1]},
								"east": {"uv": [12, 0], "uv_size": [1, 1]},
								"west": {"uv": [1, 12], "uv_size": [1, 1]}
							}
						},
						{
							"origin": [-0.65, 0.3, -4.475],
							"size": [0.05, 0.7, 0.05],
							"uv": {
								"north": {"uv": [12, 1], "uv_size": [1, 1]},
								"east": {"uv": [2, 12], "uv_size": [1, 1]},
								"west": {"uv": [12, 2], "uv_size": [1, 1]}
							}
						},
						{
							"origin": [-0.95, 1.075, -4.475],
							"size": [0.225, 0.05, 0.05],
							"uv": {
								"north": {"uv": [3, 12], "uv_size": [1, 1]},
								"up": {"uv": [12, 3], "uv_size": [1, 1]},
								"down": {"uv": [4, 13], "uv_size": [1, -1]}
							}
						},
						{
							"origin": [-0.76553, 0.25214, -4.475],
							"size": [0.175, 0.05, 0.05],
							"pivot": [-0.65303, 0.26464, -4.4375],
							"rotation": [0, 0, -45],
							"uv": {
								"north": {"uv": [12, 4], "uv_size": [1, 1]},
								"up": {"uv": [5, 12], "uv_size": [1, 1]},
								"down": {"uv": [12, 6], "uv_size": [1, -1]}
							}
						},
						{
							"origin": [-1.0966, 0.21679, -4.475],
							"size": [0.175, 0.05, 0.05],
							"pivot": [-0.9841, 0.22929, -4.4375],
							"rotation": [0, 0, 45],
							"uv": {
								"north": {"uv": [6, 12], "uv_size": [1, 1]},
								"up": {"uv": [12, 6], "uv_size": [1, 1]},
								"down": {"uv": [7, 13], "uv_size": [1, -1]}
							}
						},
						{
							"origin": [-0.94874, 0.17626, -4.475],
							"size": [0.225, 0.05, 0.05],
							"uv": {
								"north": {"uv": [12, 7], "uv_size": [1, 1]},
								"up": {"uv": [8, 12], "uv_size": [1, 1]},
								"down": {"uv": [12, 9], "uv_size": [1, -1]}
							}
						},
						{
							"origin": [-0.76679, 0.99911, -4.475],
							"size": [0.175, 0.05, 0.05],
							"pivot": [-0.65429, 1.03661, -4.4375],
							"rotation": [0, 0, 45],
							"uv": {
								"north": {"uv": [9, 12], "uv_size": [1, 1]},
								"up": {"uv": [12, 9], "uv_size": [1, 1]},
								"down": {"uv": [10, 13], "uv_size": [1, -1]}
							}
						},
						{
							"origin": [-1.09786, 1.03447, -4.475],
							"size": [0.175, 0.05, 0.05],
							"pivot": [-0.98536, 1.07197, -4.4375],
							"rotation": [0, 0, -45],
							"uv": {
								"north": {"uv": [12, 10], "uv_size": [1, 1]},
								"up": {"uv": [11, 12], "uv_size": [1, 1]},
								"down": {"uv": [12, 12], "uv_size": [1, -1]}
							}
						},
						{
							"origin": [-1, 1, -4.425],
							"size": [2, 0.2, 0.25],
							"uv": {
								"north": {"uv": [8, 3], "uv_size": [2, 1]}
							}
						},
						{
							"origin": [0.3, 1.2, -4.425],
							"size": [0.175, 0.2, 0.25],
							"uv": {
								"north": {"uv": [12, 12], "uv_size": [1, 1]},
								"east": {"uv": [0, 13], "uv_size": [1, 1]},
								"south": {"uv": [13, 0], "uv_size": [1, 1]},
								"west": {"uv": [1, 13], "uv_size": [1, 1]},
								"up": {"uv": [13, 1], "uv_size": [1, 1]}
							}
						},
						{
							"origin": [0.475, 1.2, -4.425],
							"size": [0.525, 0.175, 0.25],
							"uv": {
								"north": {"uv": [2, 13], "uv_size": [1, 1]},
								"up": {"uv": [13, 2], "uv_size": [1, 1]}
							}
						},
						{
							"origin": [-0.475, 1.2, -4.425],
							"size": [0.175, 0.2, 0.25],
							"uv": {
								"north": {"uv": [3, 13], "uv_size": [1, 1]},
								"east": {"uv": [13, 3], "uv_size": [1, 1]},
								"south": {"uv": [4, 13], "uv_size": [1, 1]},
								"west": {"uv": [13, 4], "uv_size": [1, 1]},
								"up": {"uv": [5, 13], "uv_size": [1, 1]}
							}
						},
						{
							"origin": [-0.3, 1.2, -4.425],
							"size": [0.6, 0.31, 0.1],
							"pivot": [0.3, 1.2, -4.425],
							"rotation": [-54.5, 0, 0],
							"uv": {
								"north": {"uv": [13, 5], "uv_size": [1, 1]}
							}
						},
						{
							"origin": [-1, 1.2, -4.425],
							"size": [0.525, 0.175, 0.25],
							"uv": {
								"north": {"uv": [6, 13], "uv_size": [1, 1]},
								"up": {"uv": [13, 6], "uv_size": [1, 1]}
							}
						},
						{
							"origin": [-1.1, 1, -4.425],
							"size": [0.1, 0.38971, 0.375],
							"uv": {
								"north": {"uv": [7, 13], "uv_size": [1, 1]},
								"south": {"uv": [13, 7], "uv_size": [1, 1]},
								"west": {"uv": [8, 13], "uv_size": [1, 1]},
								"up": {"uv": [13, 8], "uv_size": [1, 1]}
							}
						},
						{
							"origin": [0.9, 0.93971, -4.425],
							"size": [0.2, 0.45, 0.375],
							"pivot": [1.1, 1.38971, -4.375],
							"rotation": [0, 0, -30],
							"uv": {
								"north": {"uv": [9, 13], "uv_size": [1, 1]},
								"south": {"uv": [13, 9], "uv_size": [1, 1]},
								"west": {"uv": [10, 13], "uv_size": [1, 1]}
							}
						},
						{
							"origin": [0.8375, 0.82966, -4.05],
							"size": [0.2, 0.525, 1.65],
							"pivot": [1.0375, 1.35466, -4],
							"rotation": [0, 0, -30],
							"uv": {
								"west": {"uv": [4, 8], "uv_size": [2, 1]}
							}
						},
						{
							"origin": [-1.0625, 0.82966, -4.075],
							"size": [0.2, 0.525, 1.675],
							"pivot": [-1.0625, 1.35466, -4.025],
							"rotation": [0, 0, 30],
							"uv": {
								"east": {"uv": [8, 4], "uv_size": [2, 1]}
							}
						},
						{
							"origin": [1, 1, -4.425],
							"size": [0.1, 0.38971, 0.375],
							"uv": {
								"north": {"uv": [13, 10], "uv_size": [1, 1]},
								"east": {"uv": [11, 13], "uv_size": [1, 1]},
								"south": {"uv": [13, 11], "uv_size": [1, 1]},
								"up": {"uv": [12, 13], "uv_size": [1, 1]}
							}
						},
						{
							"origin": [-1.1, 0.93971, -4.425],
							"size": [0.2, 0.45, 0.375],
							"pivot": [-1.1, 1.38971, -4.375],
							"rotation": [0, 0, 30],
							"uv": {
								"north": {"uv": [13, 12], "uv_size": [1, 1]},
								"east": {"uv": [13, 13], "uv_size": [1, 1]},
								"south": {"uv": [0, 14], "uv_size": [1, 1]}
							}
						},
						{
							"origin": [0.575, 1.375, -4.35],
							"size": [0.3, 0.175, 0.6],
							"uv": {
								"north": {"uv": [14, 0], "uv_size": [1, 1]},
								"east": {"uv": [1, 14], "uv_size": [1, 1]},
								"south": {"uv": [14, 1], "uv_size": [1, 1]},
								"west": {"uv": [2, 14], "uv_size": [1, 1]},
								"up": {"uv": [14, 2], "uv_size": [1, 1]}
							}
						},
						{
							"origin": [0.65, 1.55, -3.925],
							"size": [0.15, 0.025, 0.15],
							"pivot": [0.725, 1.5875, -3.85],
							"rotation": [0, 45, 0],
							"uv": {
								"north": {"uv": [3, 14], "uv_size": [1, 1]},
								"east": {"uv": [14, 3], "uv_size": [1, 1]},
								"south": {"uv": [4, 14], "uv_size": [1, 1]},
								"west": {"uv": [14, 4], "uv_size": [1, 1]}
							}
						},
						{
							"origin": [0.625, 1.575, -3.95],
							"size": [0.2, 0.075, 0.2],
							"pivot": [0.725, 1.5875, -3.85],
							"rotation": [0, 45, 0],
							"uv": {
								"north": {"uv": [5, 14], "uv_size": [1, 1]},
								"east": {"uv": [14, 5], "uv_size": [1, 1]},
								"south": {"uv": [6, 14], "uv_size": [1, 1]},
								"west": {"uv": [14, 6], "uv_size": [1, 1]},
								"up": {"uv": [7, 14], "uv_size": [1, 1]},
								"down": {"uv": [14, 8], "uv_size": [1, -1]}
							}
						},
						{
							"origin": [-0.875, 1.375, -4.35],
							"size": [0.3, 0.175, 0.6],
							"uv": {
								"north": {"uv": [8, 14], "uv_size": [1, 1]},
								"east": {"uv": [14, 8], "uv_size": [1, 1]},
								"south": {"uv": [9, 14], "uv_size": [1, 1]},
								"west": {"uv": [14, 9], "uv_size": [1, 1]},
								"up": {"uv": [10, 14], "uv_size": [1, 1]}
							}
						},
						{
							"origin": [-0.8, 1.55, -3.925],
							"size": [0.15, 0.025, 0.15],
							"pivot": [-0.725, 1.5875, -3.85],
							"rotation": [0, -45, 0],
							"uv": {
								"north": {"uv": [14, 10], "uv_size": [1, 1]},
								"east": {"uv": [11, 14], "uv_size": [1, 1]},
								"south": {"uv": [14, 11], "uv_size": [1, 1]},
								"west": {"uv": [12, 14], "uv_size": [1, 1]}
							}
						},
						{
							"origin": [-0.825, 1.575, -3.95],
							"size": [0.2, 0.075, 0.2],
							"pivot": [-0.725, 1.5875, -3.85],
							"rotation": [0, -45, 0],
							"uv": {
								"north": {"uv": [14, 12], "uv_size": [1, 1]},
								"east": {"uv": [13, 14], "uv_size": [1, 1]},
								"south": {"uv": [14, 13], "uv_size": [1, 1]},
								"west": {"uv": [14, 14], "uv_size": [1, 1]},
								"up": {"uv": [0, 15], "uv_size": [1, 1]},
								"down": {"uv": [15, 1], "uv_size": [1, -1]}
							}
						},
						{
							"origin": [-1.1, 1.225, -1.6],
							"size": [0.075, 0.1, 1.175],
							"uv": {
								"east": {"uv": [1, 15], "uv_size": [1, 1]},
								"up": {"uv": [15, 1], "uv_size": [1, 1]}
							}
						},
						{
							"origin": [-1.075, -0.15, -1.925],
							"size": [0.05, 0.35, 0.575],
							"uv": {
								"north": {"uv": [2, 15], "uv_size": [1, 1]},
								"east": {"uv": [15, 2], "uv_size": [1, 1]},
								"south": {"uv": [3, 15], "uv_size": [1, 1]},
								"down": {"uv": [15, 4], "uv_size": [1, -1]}
							}
						},
						{
							"origin": [-1.325, 0.975, -2.4],
							"size": [0.3, 0.425, 0.1],
							"pivot": [-1.325, 0.975, -2.3],
							"rotation": [0, 0, 30],
							"uv": {
								"north": {"uv": [4, 15], "uv_size": [1, 1]},
								"east": {"uv": [15, 4], "uv_size": [1, 1]},
								"south": {"uv": [5, 15], "uv_size": [1, 1]}
							}
						},
						{
							"origin": [-1.275, 0.975, -1.6],
							"size": [0.3, 0.375, 1.025],
							"pivot": [-1.275, 0.975, -1.6],
							"rotation": [0, 0, 30],
							"uv": {
								"east": {"uv": [15, 5], "uv_size": [1, 1]}
							}
						},
						{
							"origin": [-1.325, 0.975, -1.7],
							"size": [0.3, 0.425, 0.1],
							"pivot": [-1.325, 0.975, -1.6],
							"rotation": [0, 0, 30],
							"uv": {
								"north": {"uv": [6, 15], "uv_size": [1, 1]},
								"east": {"uv": [15, 6], "uv_size": [1, 1]},
								"south": {"uv": [7, 15], "uv_size": [1, 1]}
							}
						},
						{
							"origin": [-1.125, 1.275, -2.4],
							"size": [0.075, 0.1, 0.8],
							"uv": {
								"north": {"uv": [15, 7], "uv_size": [1, 1]},
								"east": {"uv": [8, 15], "uv_size": [1, 1]},
								"south": {"uv": [15, 8], "uv_size": [1, 1]},
								"up": {"uv": [9, 15], "uv_size": [1, 1]},
								"down": {"uv": [15, 10], "uv_size": [1, -1]}
							}
						},
						{
							"origin": [-1.325, 0.2, -0.575],
							"size": [0.1, 0.775, 0.3],
							"uv": {
								"north": {"uv": [10, 15], "uv_size": [1, 1]},
								"east": {"uv": [15, 10], "uv_size": [1, 1]},
								"south": {"uv": [11, 15], "uv_size": [1, 1]}
							}
						},
						{
							"origin": [-1.125, -0.225, -2.45],
							"size": [0.1, 0.425, 0.525],
							"uv": {
								"east": {"uv": [15, 11], "uv_size": [1, 1]},
								"south": {"uv": [12, 15], "uv_size": [1, 1]},
								"down": {"uv": [15, 13], "uv_size": [1, -1]}
							}
						},
						{
							"origin": [-1.125, -0.225, -1.35],
							"size": [0.1, 0.425, 0.45],
							"uv": {
								"north": {"uv": [13, 15], "uv_size": [1, 1]},
								"east": {"uv": [15, 13], "uv_size": [1, 1]},
								"down": {"uv": [14, 16], "uv_size": [1, -1]}
							}
						},
						{
							"origin": [-1.325, -0.1, -4.425],
							"size": [0.1, 0.3, 0.375],
							"uv": {
								"north": {"uv": [15, 14], "uv_size": [1, 1]},
								"east": {"uv": [15, 15], "uv_size": [1, 1]},
								"south": {"uv": [0, 16], "uv_size": [1, 1]},
								"down": {"uv": [16, 1], "uv_size": [1, -1]}
							}
						},
						{
							"origin": [-1.325, 0.2, -4.05],
							"size": [0.1, 0.1, 1.65],
							"uv": {
								"east": {"uv": [8, 5], "uv_size": [2, 1]},
								"up": {"uv": [6, 8], "uv_size": [1, 2]},
								"down": {"uv": [8, 8], "uv_size": [1, -2]}
							}
						},
						{
							"origin": [-1.325, 0.8, -4.05],
							"size": [0.1, 0.1, 1.65],
							"uv": {
								"east": {"uv": [7, 8], "uv_size": [2, 1]},
								"down": {"uv": [0, 11], "uv_size": [1, -2]}
							}
						},
						{
							"origin": [-1.325, 0.55, -1.6],
							"size": [0.1, 0.1, 1.025],
							"uv": {
								"east": {"uv": [1, 16], "uv_size": [1, 1]},
								"up": {"uv": [16, 1], "uv_size": [1, 1]},
								"down": {"uv": [2, 17], "uv_size": [1, -1]}
							}
						},
						{
							"origin": [-1.325, 0.875, -1.6],
							"size": [0.1, 0.1, 1.025],
							"uv": {
								"east": {"uv": [16, 2], "uv_size": [1, 1]},
								"up": {"uv": [3, 16], "uv_size": [1, 1]},
								"down": {"uv": [16, 4], "uv_size": [1, -1]}
							}
						},
						{
							"origin": [-1.325, 0.975, -0.575],
							"size": [0.225, 0.525, 0.3],
							"pivot": [-1.325, 0.975, -0.275],
							"rotation": [0, 0, 30],
							"uv": {
								"north": {"uv": [4, 16], "uv_size": [1, 1]},
								"east": {"uv": [16, 4], "uv_size": [1, 1]},
								"south": {"uv": [5, 16], "uv_size": [1, 1]}
							}
						},
						{
							"origin": [-1.0625, 1.36136, -0.575],
							"size": [0.2, 0.0683, 0.3],
							"uv": {
								"north": {"uv": [16, 5], "uv_size": [1, 1]},
								"south": {"uv": [6, 16], "uv_size": [1, 1]},
								"west": {"uv": [16, 6], "uv_size": [1, 1]},
								"up": {"uv": [7, 16], "uv_size": [1, 1]}
							}
						},
						{
							"origin": [0.975, 0.925, -0.85],
							"size": [0.3, 0.375, 0.425],
							"pivot": [1.275, 0.925, -1.45],
							"rotation": [0, 0, -30],
							"uv": {
								"west": {"uv": [16, 7], "uv_size": [1, 1]}
							}
						},
						{
							"origin": [1.05, 0.825, -1.6],
							"size": [0.275, 0.1, 1.225],
							"uv": {
								"west": {"uv": [8, 16], "uv_size": [1, 1]},
								"up": {"uv": [16, 8], "uv_size": [1, 1]},
								"down": {"uv": [9, 17], "uv_size": [1, -1]}
							}
						},
						{
							"origin": [1.025, 1, -1.5],
							"size": [0.15, 0.175, 0.175],
							"pivot": [-0.125, 1.0875, -1.4125],
							"rotation": [22.5, 0, 0],
							"uv": {
								"north": {"uv": [16, 9], "uv_size": [1, 1]},
								"south": {"uv": [10, 16], "uv_size": [1, 1]},
								"west": {"uv": [16, 10], "uv_size": [1, 1]},
								"up": {"uv": [11, 16], "uv_size": [1, 1]},
								"down": {"uv": [16, 12], "uv_size": [1, -1]}
							}
						},
						{
							"origin": [1.025, 1, -1.2],
							"size": [0.15, 0.175, 0.175],
							"pivot": [-0.125, 1.0875, -1.1125],
							"rotation": [22.5, 0, 0],
							"uv": {
								"north": {"uv": [12, 16], "uv_size": [1, 1]},
								"south": {"uv": [16, 12], "uv_size": [1, 1]},
								"west": {"uv": [13, 16], "uv_size": [1, 1]},
								"up": {"uv": [16, 13], "uv_size": [1, 1]},
								"down": {"uv": [14, 17], "uv_size": [1, -1]}
							}
						},
						{
							"origin": [1.075, 0.925, -0.95],
							"size": [0.25, 0.45, 0.1],
							"pivot": [1.325, 0.925, -0.275],
							"rotation": [0, 0, -30],
							"uv": {
								"north": {"uv": [16, 14], "uv_size": [1, 1]},
								"south": {"uv": [15, 16], "uv_size": [1, 1]},
								"west": {"uv": [16, 15], "uv_size": [1, 1]}
							}
						},
						{
							"origin": [1.025, 1.225, -1.6],
							"size": [0.075, 0.1, 1.175],
							"uv": {
								"west": {"uv": [16, 16], "uv_size": [1, 1]},
								"up": {"uv": [0, 17], "uv_size": [1, 1]},
								"down": {"uv": [17, 1], "uv_size": [1, -1]}
							}
						},
						{
							"origin": [1.025, 0.975, -1.7],
							"size": [0.3, 0.425, 0.1],
							"pivot": [1.325, 0.975, -1.6],
							"rotation": [0, 0, -30],
							"uv": {
								"north": {"uv": [1, 17], "uv_size": [1, 1]},
								"south": {"uv": [17, 1], "uv_size": [1, 1]},
								"west": {"uv": [2, 17], "uv_size": [1, 1]}
							}
						},
						{
							"origin": [1.025, 0.975, -2.4],
							"size": [0.3, 0.425, 0.1],
							"pivot": [1.325, 0.975, -2.4],
							"rotation": [0, 0, -30],
							"uv": {
								"north": {"uv": [17, 2], "uv_size": [1, 1]},
								"south": {"uv": [3, 17], "uv_size": [1, 1]},
								"west": {"uv": [17, 3], "uv_size": [1, 1]}
							}
						},
						{
							"origin": [1.05, 1.275, -2.4],
							"size": [0.075, 0.1, 0.8],
							"uv": {
								"north": {"uv": [4, 17], "uv_size": [1, 1]},
								"south": {"uv": [17, 4], "uv_size": [1, 1]},
								"west": {"uv": [5, 17], "uv_size": [1, 1]},
								"up": {"uv": [17, 5], "uv_size": [1, 1]},
								"down": {"uv": [6, 18], "uv_size": [1, -1]}
							}
						},
						{
							"origin": [1.225, 0.8, -4.05],
							"size": [0.1, 0.1, 1.65],
							"uv": {
								"west": {"uv": [1, 9], "uv_size": [2, 1]},
								"up": {"uv": [3, 9], "uv_size": [1, 2]},
								"down": {"uv": [4, 11], "uv_size": [1, -2]}
							}
						},
						{
							"origin": [1.225, -0.1, -4.425],
							"size": [0.1, 0.3, 0.375],
							"uv": {
								"north": {"uv": [17, 6], "uv_size": [1, 1]},
								"south": {"uv": [7, 17], "uv_size": [1, 1]},
								"west": {"uv": [17, 7], "uv_size": [1, 1]},
								"down": {"uv": [8, 18], "uv_size": [1, -1]}
							}
						},
						{
							"origin": [-1.32476, -0.11774, -4.05],
							"size": [0.09484, 0.31619, 0.325],
							"pivot": [-1.32992, 0.19845, -3.725],
							"rotation": [0, 0, -17.5],
							"uv": {
								"east": {"uv": [18, 22], "uv_size": [1, 1]},
								"south": {"uv": [22, 18], "uv_size": [1, 1]},
								"down": {"uv": [19, 23], "uv_size": [1, -1]}
							}
						},
						{
							"origin": [-1.22476, -0.15155, -3.725],
							"size": [0.09484, 0.35, 1.275],
							"pivot": [-1.22992, 0.19845, -3.35],
							"rotation": [0, 0, -17.5],
							"uv": {
								"east": {"uv": [22, 19], "uv_size": [1, 1]},
								"south": {"uv": [20, 22], "uv_size": [1, 1]}
							}
						},
						{
							"origin": [-1.32476, -0.11774, -0.575],
							"size": [0.09484, 0.31619, 0.3],
							"pivot": [-1.32992, 0.19845, -1.225],
							"rotation": [0, 0, -17.5],
							"uv": {
								"north": {"uv": [22, 20], "uv_size": [1, 1]},
								"east": {"uv": [21, 22], "uv_size": [1, 1]},
								"south": {"uv": [22, 21], "uv_size": [1, 1]}
							}
						},
						{
							"origin": [-1.22476, -0.15155, -0.9],
							"size": [0.09484, 0.35, 0.325],
							"pivot": [-1.22992, 0.19845, -1.525],
							"rotation": [0, 0, -17.5],
							"uv": {
								"north": {"uv": [22, 22], "uv_size": [1, 1]},
								"east": {"uv": [0, 23], "uv_size": [1, 1]}
							}
						},
						{
							"origin": [1.1817, -0.0884, -4.05],
							"size": [0.1, 0.2, 1.5],
							"pivot": [1.2317, 0.0116, -3.4625],
							"rotation": [0, 0, 30],
							"uv": {
								"west": {"uv": [9, 6], "uv_size": [2, 1]}
							}
						},
						{
							"origin": [1.225, 0.07321, -4.05],
							"size": [0.1, 0.12679, 1.5],
							"uv": {
								"west": {"uv": [7, 9], "uv_size": [2, 1]},
								"up": {"uv": [5, 9], "uv_size": [1, 2]}
							}
						},
						{
							"origin": [1.125, -0.225, -2.55],
							"size": [0.2, 0.425, 0.2],
							"uv": {
								"north": {"uv": [17, 8], "uv_size": [1, 1]},
								"west": {"uv": [9, 17], "uv_size": [1, 1]},
								"up": {"uv": [17, 9], "uv_size": [1, 1]},
								"down": {"uv": [10, 18], "uv_size": [1, -1]}
							}
						},
						{
							"origin": [1.15179, -0.225, -2.35],
							"size": [0.17321, 0.425, 0.4],
							"pivot": [1.325, -0.225, -2.35],
							"rotation": [0, -30, 0],
							"uv": {
								"west": {"uv": [17, 10], "uv_size": [1, 1]},
								"down": {"uv": [11, 18], "uv_size": [1, -1]}
							}
						},
						{
							"origin": [1.225, 0.2, -1.6],
							"size": [0.1, 0.15, 1.325],
							"uv": {
								"west": {"uv": [17, 11], "uv_size": [1, 1]},
								"up": {"uv": [12, 17], "uv_size": [1, 1]},
								"down": {"uv": [17, 13], "uv_size": [1, -1]}
							}
						},
						{
							"origin": [1.075, 0.2, -0.275],
							"size": [0.25, 0.15, 0.425],
							"uv": {
								"east": {"uv": [23, 23], "uv_size": [1, 1]},
								"south": {"uv": [0, 24], "uv_size": [1, 1]},
								"west": {"uv": [24, 0], "uv_size": [1, 1]},
								"up": {"uv": [1, 24], "uv_size": [1, 1]},
								"down": {"uv": [24, 2], "uv_size": [1, -1]}
							}
						},
						{
							"origin": [1.15179, -0.225, -1.325],
							"size": [0.17321, 0.425, 0.4],
							"pivot": [1.325, -0.225, -0.925],
							"rotation": [0, 30, 0],
							"uv": {
								"west": {"uv": [13, 17], "uv_size": [1, 1]},
								"down": {"uv": [17, 14], "uv_size": [1, -1]}
							}
						},
						{
							"origin": [1.225, 0.35, -0.375],
							"size": [0.1, 0.575, 0.1],
							"uv": {
								"north": {"uv": [14, 17], "uv_size": [1, 1]},
								"south": {"uv": [17, 14], "uv_size": [1, 1]},
								"west": {"uv": [15, 17], "uv_size": [1, 1]}
							}
						},
						{
							"origin": [1.1, 0.925, -0.425],
							"size": [0.225, 0.525, 0.15],
							"pivot": [1.325, 0.925, -0.275],
							"rotation": [0, 0, -30],
							"uv": {
								"north": {"uv": [17, 15], "uv_size": [1, 1]},
								"south": {"uv": [16, 17], "uv_size": [1, 1]},
								"west": {"uv": [17, 16], "uv_size": [1, 1]}
							}
						},
						{
							"origin": [0.8375, 1.35466, -0.425],
							"size": [0.225, 0.025, 0.15],
							"uv": {
								"north": {"uv": [17, 17], "uv_size": [1, 1]},
								"east": {"uv": [0, 18], "uv_size": [1, 1]},
								"south": {"uv": [18, 0], "uv_size": [1, 1]},
								"up": {"uv": [1, 18], "uv_size": [1, 1]}
							}
						}
					]
				},
				{
					"name": "IRI_glass",
					"parent": "EOTech_OGL",
					"pivot": [0.8404, 0.75, -6.575],
					"cubes": [
						{
							"origin": [0.7058, 0.45, -4.45],
							"size": [0.2692, 0.6, 0.025],
							"uv": {
								"north": {"uv": [18, 1], "uv_size": [1, 1]}
							}
						},
						{
							"origin": [0.7058, 0.45, -4.45],
							"size": [0.2692, 0.6, 0.025],
							"pivot": [0.8404, 0.75, -4.525],
							"rotation": [0, 0, 45],
							"uv": {
								"north": {"uv": [2, 18], "uv_size": [1, 1]}
							}
						},
						{
							"origin": [0.7058, 1.05, -4.475],
							"size": [0.2692, 0.025, 0.05],
							"pivot": [0.8404, 0.75, -4.525],
							"rotation": [0, 0, 90],
							"uv": {
								"north": {"uv": [23, 15], "uv_size": [1, 1]},
								"up": {"uv": [16, 23], "uv_size": [1, 1]},
								"down": {"uv": [23, 17], "uv_size": [1, -1]}
							}
						},
						{
							"origin": [0.7058, 1.05, -4.475],
							"size": [0.2692, 0.025, 0.05],
							"pivot": [0.8404, 0.75, -4.525],
							"rotation": [0, 0, 135],
							"uv": {
								"north": {"uv": [14, 23], "uv_size": [1, 1]},
								"up": {"uv": [23, 14], "uv_size": [1, 1]},
								"down": {"uv": [15, 24], "uv_size": [1, -1]}
							}
						},
						{
							"origin": [0.7058, 1.05, -4.475],
							"size": [0.2692, 0.025, 0.05],
							"uv": {
								"north": {"uv": [23, 12], "uv_size": [1, 1]},
								"up": {"uv": [13, 23], "uv_size": [1, 1]},
								"down": {"uv": [23, 14], "uv_size": [1, -1]}
							}
						},
						{
							"origin": [0.7058, 1.05, -4.475],
							"size": [0.2692, 0.025, 0.05],
							"pivot": [0.8404, 0.75, -4.525],
							"rotation": [0, 0, 45],
							"uv": {
								"north": {"uv": [11, 23], "uv_size": [1, 1]},
								"up": {"uv": [23, 11], "uv_size": [1, 1]},
								"down": {"uv": [12, 24], "uv_size": [1, -1]}
							}
						},
						{
							"origin": [0.7058, 1.05, -4.475],
							"size": [0.2692, 0.025, 0.05],
							"pivot": [0.8404, 0.75, -4.525],
							"rotation": [0, 0, -90],
							"uv": {
								"north": {"uv": [20, 23], "uv_size": [1, 1]},
								"up": {"uv": [23, 20], "uv_size": [1, 1]},
								"down": {"uv": [21, 24], "uv_size": [1, -1]}
							}
						},
						{
							"origin": [0.7058, 1.05, -4.475],
							"size": [0.2692, 0.025, 0.05],
							"pivot": [0.8404, 0.75, -4.525],
							"rotation": [0, 0, -45],
							"uv": {
								"north": {"uv": [23, 21], "uv_size": [1, 1]},
								"up": {"uv": [22, 23], "uv_size": [1, 1]},
								"down": {"uv": [23, 23], "uv_size": [1, -1]}
							}
						},
						{
							"origin": [0.7058, 1.05, -4.475],
							"size": [0.2692, 0.025, 0.05],
							"pivot": [0.8404, 0.75, -4.525],
							"rotation": [0, 0, -135],
							"uv": {
								"north": {"uv": [23, 18], "uv_size": [1, 1]},
								"up": {"uv": [19, 23], "uv_size": [1, 1]},
								"down": {"uv": [23, 20], "uv_size": [1, -1]}
							}
						},
						{
							"origin": [0.7058, 1.05, -4.475],
							"size": [0.2692, 0.025, 0.05],
							"pivot": [0.8404, 0.75, -4.525],
							"rotation": [0, 0, -180],
							"uv": {
								"north": {"uv": [17, 23], "uv_size": [1, 1]},
								"up": {"uv": [23, 17], "uv_size": [1, 1]},
								"down": {"uv": [18, 24], "uv_size": [1, -1]}
							}
						},
						{
							"origin": [0.7058, 0.45, -4.45],
							"size": [0.2692, 0.6, 0.025],
							"pivot": [0.8404, 0.75, -4.525],
							"rotation": [0, 0, 90],
							"uv": {
								"north": {"uv": [18, 2], "uv_size": [1, 1]}
							}
						},
						{
							"origin": [0.7058, 0.45, -4.45],
							"size": [0.2692, 0.6, 0.025],
							"pivot": [0.8404, 0.75, -4.525],
							"rotation": [0, 0, 135],
							"uv": {
								"north": {"uv": [3, 18], "uv_size": [1, 1]}
							}
						}
					]
				},
				{
					"name": "IRL_glass",
					"parent": "EOTech_OGL",
					"pivot": [-0.8125, 0.9, -6.575],
					"cubes": [
						{
							"origin": [-0.8991, 0.75, -4.45],
							"size": [0.1243, 0.3, 0.025],
							"uv": {
								"north": {"uv": [18, 3], "uv_size": [1, 1]},
								"up": {"uv": [4, 18], "uv_size": [1, 1]},
								"down": {"uv": [18, 5], "uv_size": [1, -1]}
							}
						},
						{
							"origin": [-0.8991, 0.75, -4.45],
							"size": [0.1243, 0.3, 0.025],
							"pivot": [-0.83695, 0.9, -4.525],
							"rotation": [0, 0, 45],
							"uv": {
								"north": {"uv": [5, 18], "uv_size": [1, 1]},
								"up": {"uv": [18, 5], "uv_size": [1, 1]},
								"down": {"uv": [6, 19], "uv_size": [1, -1]}
							}
						},
						{
							"origin": [-0.8991, 0.75, -4.45],
							"size": [0.1243, 0.3, 0.025],
							"pivot": [-0.83695, 0.9, -4.525],
							"rotation": [0, 0, 90],
							"uv": {
								"north": {"uv": [18, 6], "uv_size": [1, 1]},
								"up": {"uv": [7, 18], "uv_size": [1, 1]},
								"down": {"uv": [18, 8], "uv_size": [1, -1]}
							}
						},
						{
							"origin": [-0.8991, 0.75, -4.45],
							"size": [0.1243, 0.3, 0.025],
							"pivot": [-0.83695, 0.9, -4.525],
							"rotation": [0, 0, 135],
							"uv": {
								"north": {"uv": [8, 18], "uv_size": [1, 1]},
								"up": {"uv": [18, 8], "uv_size": [1, 1]},
								"down": {"uv": [9, 19], "uv_size": [1, -1]}
							}
						}
					]
				},
				{
					"name": "VAL_glass",
					"parent": "EOTech_OGL",
					"pivot": [-0.8125, 0.9, -6.575],
					"cubes": [
						{
							"origin": [-0.8991, 0.25, -4.45],
							"size": [0.1243, 0.3, 0.025],
							"uv": {
								"north": {"uv": [18, 9], "uv_size": [1, 1]},
								"up": {"uv": [10, 18], "uv_size": [1, 1]},
								"down": {"uv": [18, 11], "uv_size": [1, -1]}
							}
						},
						{
							"origin": [-0.8991, 0.25, -4.45],
							"size": [0.1243, 0.3, 0.025],
							"pivot": [-0.83695, 0.4, -4.525],
							"rotation": [0, 0, 45],
							"uv": {
								"north": {"uv": [11, 18], "uv_size": [1, 1]},
								"up": {"uv": [18, 11], "uv_size": [1, 1]},
								"down": {"uv": [12, 19], "uv_size": [1, -1]}
							}
						},
						{
							"origin": [-0.8991, 0.25, -4.45],
							"size": [0.1243, 0.3, 0.025],
							"pivot": [-0.83695, 0.4, -4.525],
							"rotation": [0, 0, 90],
							"uv": {
								"north": {"uv": [18, 12], "uv_size": [1, 1]},
								"up": {"uv": [13, 18], "uv_size": [1, 1]},
								"down": {"uv": [18, 14], "uv_size": [1, -1]}
							}
						},
						{
							"origin": [-0.8991, 0.25, -4.45],
							"size": [0.1243, 0.3, 0.025],
							"pivot": [-0.83695, 0.4, -4.525],
							"rotation": [0, 0, 135],
							"uv": {
								"north": {"uv": [14, 18], "uv_size": [1, 1]},
								"up": {"uv": [18, 14], "uv_size": [1, 1]},
								"down": {"uv": [15, 19], "uv_size": [1, -1]}
							}
						}
					]
				},
				{
					"name": "ability",
					"parent": "EOTech_OGL",
					"pivot": [0, 0, 2]
				},
				{
					"name": "batterycap",
					"parent": "ability",
					"pivot": [0, 0.7625, -1.425],
					"cubes": [
						{
							"origin": [-0.8137, 0.15, -0.275],
							"size": [0.5074, 1.225, 0.75],
							"uv": {
								"south": {"uv": [18, 15], "uv_size": [1, 1]},
								"up": {"uv": [16, 18], "uv_size": [1, 1]},
								"down": {"uv": [18, 17], "uv_size": [1, -1]}
							}
						},
						{
							"origin": [-0.8137, 0.15, -0.275],
							"size": [0.5074, 1.225, 0.75],
							"pivot": [-0.56, 0.7625, 0.1],
							"rotation": [0, 0, -45],
							"uv": {
								"south": {"uv": [17, 18], "uv_size": [1, 1]},
								"up": {"uv": [18, 17], "uv_size": [1, 1]},
								"down": {"uv": [18, 19], "uv_size": [1, -1]}
							}
						},
						{
							"origin": [-0.8137, 0.15, -0.275],
							"size": [0.5074, 1.225, 0.75],
							"pivot": [-0.56, 0.7625, 0.1],
							"rotation": [0, 0, -90],
							"uv": {
								"south": {"uv": [0, 19], "uv_size": [1, 1]},
								"up": {"uv": [19, 0], "uv_size": [1, 1]},
								"down": {"uv": [1, 20], "uv_size": [1, -1]}
							}
						},
						{
							"origin": [-0.8137, 0.15, -0.275],
							"size": [0.5074, 1.225, 0.75],
							"pivot": [-0.56, 0.7625, 0.1],
							"rotation": [0, 0, -135],
							"uv": {
								"south": {"uv": [19, 1], "uv_size": [1, 1]},
								"up": {"uv": [2, 19], "uv_size": [1, 1]},
								"down": {"uv": [19, 3], "uv_size": [1, -1]}
							}
						},
						{
							"origin": [-0.648, 0.55, 0.475],
							"size": [0.176, 0.425, 0.2],
							"uv": {
								"south": {"uv": [3, 19], "uv_size": [1, 1]},
								"up": {"uv": [19, 3], "uv_size": [1, 1]},
								"down": {"uv": [4, 20], "uv_size": [1, -1]}
							}
						},
						{
							"origin": [-0.648, 0.55, 0.475],
							"size": [0.176, 0.425, 0.2],
							"pivot": [-0.56, 0.7625, 0.575],
							"rotation": [0, 0, -45],
							"uv": {
								"south": {"uv": [19, 4], "uv_size": [1, 1]},
								"up": {"uv": [5, 19], "uv_size": [1, 1]},
								"down": {"uv": [19, 6], "uv_size": [1, -1]}
							}
						},
						{
							"origin": [-0.648, 0.55, 0.475],
							"size": [0.176, 0.425, 0.2],
							"pivot": [-0.56, 0.7625, 0.575],
							"rotation": [0, 0, -90],
							"uv": {
								"south": {"uv": [6, 19], "uv_size": [1, 1]},
								"up": {"uv": [19, 6], "uv_size": [1, 1]},
								"down": {"uv": [7, 20], "uv_size": [1, -1]}
							}
						},
						{
							"origin": [-0.648, 0.55, 0.475],
							"size": [0.176, 0.425, 0.2],
							"pivot": [-0.56, 0.7625, 0.575],
							"rotation": [0, 0, -135],
							"uv": {
								"south": {"uv": [19, 7], "uv_size": [1, 1]},
								"up": {"uv": [8, 19], "uv_size": [1, 1]},
								"down": {"uv": [19, 9], "uv_size": [1, -1]}
							}
						},
						{
							"origin": [-0.81, 0.525, 0.5],
							"size": [0.475, 0.475, 0.05],
							"uv": {
								"north": {"uv": [9, 19], "uv_size": [1, 1]},
								"east": {"uv": [19, 9], "uv_size": [1, 1]},
								"south": {"uv": [10, 19], "uv_size": [1, 1]},
								"west": {"uv": [19, 10], "uv_size": [1, 1]},
								"up": {"uv": [11, 19], "uv_size": [1, 1]},
								"down": {"uv": [19, 12], "uv_size": [1, -1]}
							}
						},
						{
							"origin": [-1.285, 0.625, 0.5],
							"size": [0.475, 0.275, 0.05],
							"uv": {
								"north": {"uv": [12, 19], "uv_size": [1, 1]},
								"south": {"uv": [19, 12], "uv_size": [1, 1]},
								"up": {"uv": [13, 19], "uv_size": [1, 1]},
								"down": {"uv": [19, 14], "uv_size": [1, -1]}
							}
						},
						{
							"origin": [-1.51596, 0.625, 0.33938],
							"size": [0.3182, 0.275, 0.05],
							"pivot": [-1.43526, 0.7625, 0.36438],
							"rotation": [0, -45, 0],
							"uv": {
								"north": {"uv": [14, 19], "uv_size": [1, 1]},
								"south": {"uv": [19, 14], "uv_size": [1, 1]},
								"up": {"uv": [15, 19], "uv_size": [1, 1]},
								"down": {"uv": [19, 16], "uv_size": [1, -1]}
							}
						},
						{
							"origin": [-1.51, 0.625, -0.025],
							"size": [0.05, 0.275, 0.35],
							"uv": {
								"east": {"uv": [16, 19], "uv_size": [1, 1]},
								"west": {"uv": [19, 16], "uv_size": [1, 1]},
								"up": {"uv": [17, 19], "uv_size": [1, 1]},
								"down": {"uv": [19, 18], "uv_size": [1, -1]}
							}
						},
						{
							"origin": [-1.51596, 0.625, -0.08938],
							"size": [0.3182, 0.275, 0.05],
							"pivot": [-1.43526, 0.7625, -0.06438],
							"rotation": [0, 45, 0],
							"uv": {
								"north": {"uv": [18, 19], "uv_size": [1, 1]},
								"south": {"uv": [19, 18], "uv_size": [1, 1]},
								"up": {"uv": [19, 19], "uv_size": [1, 1]},
								"down": {"uv": [0, 21], "uv_size": [1, -1]}
							}
						},
						{
							"origin": [-1.285, 0.625, -0.25],
							"size": [0.475, 0.275, 0.05],
							"uv": {
								"north": {"uv": [20, 0], "uv_size": [1, 1]},
								"south": {"uv": [1, 20], "uv_size": [1, 1]},
								"up": {"uv": [20, 1], "uv_size": [1, 1]},
								"down": {"uv": [2, 21], "uv_size": [1, -1]}
							}
						}
					]
				},
				{
					"name": "FIREbutton",
					"parent": "ability",
					"pivot": [0, 1.475, -3.15],
					"cubes": [
						{
							"origin": [-0.2071, 1.375, -1.65],
							"size": [0.4142, 0.15, 1],
							"pivot": [0, 1.45, -1.15],
							"rotation": [0, 45, 0],
							"uv": {
								"north": {"uv": [20, 2], "uv_size": [1, 1]},
								"south": {"uv": [3, 20], "uv_size": [1, 1]},
								"up": {"uv": [20, 3], "uv_size": [1, 1]}
							}
						},
						{
							"origin": [-0.2071, 1.375, -1.65],
							"size": [0.4142, 0.15, 1],
							"uv": {
								"north": {"uv": [4, 20], "uv_size": [1, 1]},
								"south": {"uv": [20, 4], "uv_size": [1, 1]},
								"up": {"uv": [5, 20], "uv_size": [1, 1]}
							}
						},
						{
							"origin": [-0.2071, 1.375, -1.65],
							"size": [0.4142, 0.15, 1],
							"pivot": [0, 1.45, -1.15],
							"rotation": [0, 135, 0],
							"uv": {
								"north": {"uv": [20, 5], "uv_size": [1, 1]},
								"south": {"uv": [6, 20], "uv_size": [1, 1]},
								"up": {"uv": [20, 6], "uv_size": [1, 1]}
							}
						},
						{
							"origin": [-0.2071, 1.375, -1.65],
							"size": [0.4142, 0.15, 1],
							"pivot": [0, 1.45, -1.15],
							"rotation": [0, 90, 0],
							"uv": {
								"north": {"uv": [7, 20], "uv_size": [1, 1]},
								"south": {"uv": [20, 7], "uv_size": [1, 1]},
								"up": {"uv": [8, 20], "uv_size": [1, 1]}
							}
						}
					]
				},
				{
					"name": "IRI_focus",
					"parent": "ability",
					"pivot": [0, 1.475, -5.0875],
					"cubes": [
						{
							"origin": [-0.075, 1.375, -2.775],
							"size": [0.15, 0.225, 0.475],
							"uv": {
								"north": {"uv": [20, 8], "uv_size": [1, 1]},
								"east": {"uv": [9, 20], "uv_size": [1, 1]},
								"south": {"uv": [20, 9], "uv_size": [1, 1]},
								"west": {"uv": [10, 20], "uv_size": [1, 1]},
								"up": {"uv": [20, 10], "uv_size": [1, 1]}
							}
						},
						{
							"origin": [-0.1605, 1.375, -3.475],
							"size": [0.321, 0.15, 0.775],
							"uv": {
								"north": {"uv": [11, 20], "uv_size": [1, 1]},
								"south": {"uv": [20, 11], "uv_size": [1, 1]},
								"up": {"uv": [12, 20], "uv_size": [1, 1]}
							}
						},
						{
							"origin": [-0.1605, 1.375, -3.475],
							"size": [0.321, 0.15, 0.775],
							"pivot": [0, 1.45, -3.0875],
							"rotation": [0, 135, 0],
							"uv": {
								"north": {"uv": [20, 12], "uv_size": [1, 1]},
								"south": {"uv": [13, 20], "uv_size": [1, 1]},
								"up": {"uv": [20, 13], "uv_size": [1, 1]}
							}
						},
						{
							"origin": [-0.1605, 1.375, -3.475],
							"size": [0.321, 0.15, 0.775],
							"pivot": [0, 1.45, -3.0875],
							"rotation": [0, 90, 0],
							"uv": {
								"north": {"uv": [14, 20], "uv_size": [1, 1]},
								"south": {"uv": [20, 14], "uv_size": [1, 1]},
								"up": {"uv": [15, 20], "uv_size": [1, 1]}
							}
						},
						{
							"origin": [-0.1605, 1.375, -3.475],
							"size": [0.321, 0.15, 0.775],
							"pivot": [0, 1.45, -3.0875],
							"rotation": [0, 45, 0],
							"uv": {
								"north": {"uv": [20, 15], "uv_size": [1, 1]},
								"south": {"uv": [16, 20], "uv_size": [1, 1]},
								"up": {"uv": [20, 16], "uv_size": [1, 1]}
							}
						}
					]
				},
				{
					"name": "IR_elevation",
					"parent": "ability",
					"pivot": [0, 1.475, -5.0875],
					"cubes": [
						{
							"origin": [0.5162, 1.375, -2.3],
							"size": [0.2588, 0.1, 0.625],
							"pivot": [0.6456, 1.425, -1.9875],
							"rotation": [0, -45, 0],
							"uv": {
								"north": {"uv": [17, 20], "uv_size": [1, 1]},
								"south": {"uv": [20, 17], "uv_size": [1, 1]},
								"up": {"uv": [18, 20], "uv_size": [1, 1]}
							}
						},
						{
							"origin": [0.5162, 1.375, -2.3],
							"size": [0.2588, 0.1, 0.625],
							"uv": {
								"north": {"uv": [20, 18], "uv_size": [1, 1]},
								"south": {"uv": [19, 20], "uv_size": [1, 1]},
								"up": {"uv": [20, 19], "uv_size": [1, 1]}
							}
						},
						{
							"origin": [0.5162, 1.375, -2.3],
							"size": [0.2588, 0.1, 0.625],
							"pivot": [0.6456, 1.425, -1.9875],
							"rotation": [0, -135, 0],
							"uv": {
								"north": {"uv": [20, 20], "uv_size": [1, 1]},
								"south": {"uv": [0, 21], "uv_size": [1, 1]},
								"up": {"uv": [21, 0], "uv_size": [1, 1]}
							}
						},
						{
							"origin": [0.5162, 1.375, -2.3],
							"size": [0.2588, 0.1, 0.625],
							"pivot": [0.6456, 1.425, -1.9875],
							"rotation": [0, -90, 0],
							"uv": {
								"north": {"uv": [1, 21], "uv_size": [1, 1]},
								"south": {"uv": [21, 1], "uv_size": [1, 1]},
								"up": {"uv": [2, 21], "uv_size": [1, 1]}
							}
						}
					]
				},
				{
					"name": "IR_windage",
					"parent": "ability",
					"pivot": [1.375, 0.5875, -3.9875],
					"cubes": [
						{
							"origin": [1.325, 0.4581, -2.3],
							"size": [0.1, 0.2588, 0.625],
							"pivot": [1.375, 0.5875, -1.9875],
							"rotation": [-135, 0, 0],
							"uv": {
								"north": {"uv": [21, 2], "uv_size": [1, 1]},
								"south": {"uv": [3, 21], "uv_size": [1, 1]},
								"west": {"uv": [21, 3], "uv_size": [1, 1]}
							}
						},
						{
							"origin": [1.325, 0.4581, -2.3],
							"size": [0.1, 0.2588, 0.625],
							"pivot": [1.375, 0.5875, -1.9875],
							"rotation": [-90, 0, 0],
							"uv": {
								"north": {"uv": [4, 21], "uv_size": [1, 1]},
								"south": {"uv": [21, 4], "uv_size": [1, 1]},
								"west": {"uv": [5, 21], "uv_size": [1, 1]}
							}
						},
						{
							"origin": [1.325, 0.4581, -2.3],
							"size": [0.1, 0.2588, 0.625],
							"pivot": [1.375, 0.5875, -1.9875],
							"rotation": [-45, 0, 0],
							"uv": {
								"north": {"uv": [21, 5], "uv_size": [1, 1]},
								"south": {"uv": [6, 21], "uv_size": [1, 1]},
								"west": {"uv": [21, 6], "uv_size": [1, 1]}
							}
						},
						{
							"origin": [1.325, 0.4581, -2.3],
							"size": [0.1, 0.2588, 0.625],
							"uv": {
								"north": {"uv": [7, 21], "uv_size": [1, 1]},
								"south": {"uv": [21, 7], "uv_size": [1, 1]},
								"west": {"uv": [8, 21], "uv_size": [1, 1]}
							}
						}
					]
				},
				{
					"name": "VA_elevation",
					"parent": "ability",
					"pivot": [0, 1.475, -5.0875],
					"cubes": [
						{
							"origin": [-0.775, 1.375, -2.3],
							"size": [0.2588, 0.1, 0.625],
							"pivot": [-0.6456, 1.425, -1.9875],
							"rotation": [0, 45, 0],
							"uv": {
								"north": {"uv": [21, 8], "uv_size": [1, 1]},
								"south": {"uv": [9, 21], "uv_size": [1, 1]},
								"up": {"uv": [21, 9], "uv_size": [1, 1]}
							}
						},
						{
							"origin": [-0.775, 1.375, -2.3],
							"size": [0.2588, 0.1, 0.625],
							"uv": {
								"north": {"uv": [10, 21], "uv_size": [1, 1]},
								"south": {"uv": [21, 10], "uv_size": [1, 1]},
								"up": {"uv": [11, 21], "uv_size": [1, 1]}
							}
						},
						{
							"origin": [-0.775, 1.375, -2.3],
							"size": [0.2588, 0.1, 0.625],
							"pivot": [-0.6456, 1.425, -1.9875],
							"rotation": [0, 135, 0],
							"uv": {
								"north": {"uv": [21, 11], "uv_size": [1, 1]},
								"south": {"uv": [12, 21], "uv_size": [1, 1]},
								"up": {"uv": [21, 12], "uv_size": [1, 1]}
							}
						},
						{
							"origin": [-0.775, 1.375, -2.3],
							"size": [0.2588, 0.1, 0.625],
							"pivot": [-0.6456, 1.425, -1.9875],
							"rotation": [0, 90, 0],
							"uv": {
								"north": {"uv": [13, 21], "uv_size": [1, 1]},
								"south": {"uv": [21, 13], "uv_size": [1, 1]},
								"up": {"uv": [14, 21], "uv_size": [1, 1]}
							}
						}
					]
				},
				{
					"name": "VA_windage",
					"parent": "ability",
					"pivot": [-1.375, 0.5875, -3.9875],
					"cubes": [
						{
							"origin": [-1.425, 0.4581, -2.3],
							"size": [0.1, 0.2588, 0.625],
							"pivot": [-1.375, 0.5875, -1.9875],
							"rotation": [-135, 0, 0],
							"uv": {
								"north": {"uv": [21, 14], "uv_size": [1, 1]},
								"east": {"uv": [15, 21], "uv_size": [1, 1]},
								"south": {"uv": [21, 15], "uv_size": [1, 1]}
							}
						},
						{
							"origin": [-1.425, 0.4581, -2.3],
							"size": [0.1, 0.2588, 0.625],
							"pivot": [-1.375, 0.5875, -1.9875],
							"rotation": [-90, 0, 0],
							"uv": {
								"north": {"uv": [16, 21], "uv_size": [1, 1]},
								"east": {"uv": [21, 16], "uv_size": [1, 1]},
								"south": {"uv": [17, 21], "uv_size": [1, 1]}
							}
						},
						{
							"origin": [-1.425, 0.4581, -2.3],
							"size": [0.1, 0.2588, 0.625],
							"pivot": [-1.375, 0.5875, -1.9875],
							"rotation": [-45, 0, 0],
							"uv": {
								"north": {"uv": [21, 17], "uv_size": [1, 1]},
								"east": {"uv": [18, 21], "uv_size": [1, 1]},
								"south": {"uv": [21, 18], "uv_size": [1, 1]}
							}
						},
						{
							"origin": [-1.425, 0.4581, -2.3],
							"size": [0.1, 0.2588, 0.625],
							"uv": {
								"north": {"uv": [19, 21], "uv_size": [1, 1]},
								"east": {"uv": [21, 19], "uv_size": [1, 1]},
								"south": {"uv": [20, 21], "uv_size": [1, 1]}
							}
						}
					]
				},
				{
					"name": "modeswitch",
					"parent": "ability",
					"pivot": [0.525, 0.875, -1.775],
					"cubes": [
						{
							"origin": [0.55, 0.8, 0.125],
							"size": [0.3, 0.1, 0.225],
							"pivot": [0.5, 0.85, 0.225],
							"rotation": [0, 0, -45],
							"uv": {
								"east": {"uv": [21, 20], "uv_size": [1, 1]},
								"south": {"uv": [21, 21], "uv_size": [1, 1]},
								"west": {"uv": [0, 22], "uv_size": [1, 1]},
								"up": {"uv": [22, 0], "uv_size": [1, 1]},
								"down": {"uv": [1, 23], "uv_size": [1, -1]}
							}
						},
						{
							"origin": [0.35, 0.7, 0.125],
							"size": [0.3, 0.3, 0.2],
							"uv": {
								"east": {"uv": [22, 1], "uv_size": [1, 1]},
								"south": {"uv": [2, 22], "uv_size": [1, 1]},
								"west": {"uv": [22, 2], "uv_size": [1, 1]},
								"up": {"uv": [3, 22], "uv_size": [1, 1]},
								"down": {"uv": [22, 4], "uv_size": [1, -1]}
							}
						}
					]
				},
				{
					"name": "plugin",
					"parent": "ability",
					"pivot": [0.525, 0.875, -1.775],
					"cubes": [
						{
							"origin": [0.8, 0.3, 0.125],
							"size": [0.2, 0.2, 0.3],
							"pivot": [0.9, 0.4, 0.225],
							"rotation": [0, 0, -45],
							"uv": {
								"east": {"uv": [4, 22], "uv_size": [1, 1]},
								"south": {"uv": [22, 4], "uv_size": [1, 1]},
								"west": {"uv": [5, 22], "uv_size": [1, 1]},
								"up": {"uv": [22, 5], "uv_size": [1, 1]},
								"down": {"uv": [6, 23], "uv_size": [1, -1]}
							}
						},
						{
							"origin": [0.775, 0.275, 0.125],
							"size": [0.25, 0.25, 0.05],
							"uv": {
								"east": {"uv": [22, 6], "uv_size": [1, 1]},
								"south": {"uv": [7, 22], "uv_size": [1, 1]},
								"west": {"uv": [22, 7], "uv_size": [1, 1]},
								"up": {"uv": [8, 22], "uv_size": [1, 1]},
								"down": {"uv": [22, 9], "uv_size": [1, -1]}
							}
						}
					]
				},
				{
					"name": "mode",
					"parent": "ability",
					"pivot": [0, 0, 2],
					"cubes": [
						{
							"origin": [0.075, 0.525, -0.275],
							"size": [1, 0.7, 0.4],
							"uv": {
								"east": {"uv": [9, 22], "uv_size": [1, 1]},
								"south": {"uv": [22, 9], "uv_size": [1, 1]}
							}
						},
						{
							"origin": [0.375, 0.225, -0.275],
							"size": [0.7, 0.3, 0.4],
							"uv": {
								"south": {"uv": [10, 22], "uv_size": [1, 1]},
								"down": {"uv": [22, 11], "uv_size": [1, -1]}
							}
						},
						{
							"origin": [0.19396, 0.23787, -0.275],
							"size": [0.2121, 0.4242, 0.4],
							"pivot": [0.30001, 0.44997, -0.075],
							"rotation": [0, 0, -45],
							"uv": {
								"east": {"uv": [11, 22], "uv_size": [1, 1]},
								"south": {"uv": [22, 11], "uv_size": [1, 1]}
							}
						},
						{
							"origin": [1.075, 0.35, -0.275],
							"size": [0.15, 0.875, 0.425],
							"uv": {
								"north": {"uv": [12, 22], "uv_size": [1, 1]},
								"east": {"uv": [22, 12], "uv_size": [1, 1]},
								"south": {"uv": [13, 22], "uv_size": [1, 1]},
								"west": {"uv": [22, 13], "uv_size": [1, 1]}
							}
						},
						{
							"origin": [0.075, 1.225, -0.275],
							"size": [1, 0.15, 0.425],
							"uv": {
								"east": {"uv": [14, 22], "uv_size": [1, 1]},
								"south": {"uv": [22, 14], "uv_size": [1, 1]},
								"up": {"uv": [15, 22], "uv_size": [1, 1]},
								"down": {"uv": [22, 16], "uv_size": [1, -1]}
							}
						},
						{
							"origin": [1.07503, 1.225, -0.275],
							"size": [0.2121, 0.15, 0.425],
							"pivot": [1.075, 1.375, 0.15],
							"rotation": [0, 0, 45],
							"uv": {
								"north": {"uv": [16, 22], "uv_size": [1, 1]},
								"south": {"uv": [22, 16], "uv_size": [1, 1]},
								"up": {"uv": [17, 22], "uv_size": [1, 1]},
								"down": {"uv": [22, 18], "uv_size": [1, -1]}
							}
						}
					]
				},
				{
					"name": "laserbeam_illuminated",
					"parent": "EOTech_OGL",
					"pivot": [1.8, 0.43514, -2.03581],
					"cubes": [
						{
							"origin": [-0.887, 0.85, -1028.45],
							"size": [0.1, 0.1, 1024],
							"uv": {
								"east": {"uv": [8, 10], "uv_size": [1, 1]},
								"west": {"uv": [10, 10], "uv_size": [1, 1]},
								"up": {"uv": [0, 11], "uv_size": [1, 1]},
								"down": {"uv": [1, 12], "uv_size": [1, -1]}
							}
						}
					]
				}
			]
		}
	]
}