{
	"format_version": "1.12.0",
	"minecraft:geometry": [
		{
			"description": {
				"identifier": "geometry.muzzle_vector14 - Converted",
				"texture_width": 64,
				"texture_height": 64,
				"visible_bounds_width": 4,
				"visible_bounds_height": 2.5,
				"visible_bounds_offset": [0, 0.75, 0]
			},
			"bones": [
				{
					"name": "KRISS_14inch",
					"pivot": [-4, 0, 0],
					"cubes": [
						{
							"origin": [-0.625, -0.2589, -11.825],
							"size": [0.4, 0.5178, 12.8],
							"uv": {
								"north": {"uv": [13, 22], "uv_size": [1, 1]},
								"east": {"uv": [0, 0], "uv_size": [13, 1]},
								"south": {"uv": [27, 23], "uv_size": [1, 1]},
								"west": {"uv": [0, 1], "uv_size": [13, 1]}
							}
						},
						{
							"origin": [-0.625, -0.2589, -11.825],
							"size": [0.4, 0.5178, 12.8],
							"pivot": [0, 0, -5.475],
							"rotation": [0, 0, 45],
							"uv": {
								"north": {"uv": [24, 27], "uv_size": [1, 1]},
								"east": {"uv": [0, 2], "uv_size": [13, 1]},
								"south": {"uv": [27, 24], "uv_size": [1, 1]},
								"west": {"uv": [0, 3], "uv_size": [13, 1]}
							}
						},
						{
							"origin": [-0.625, -0.2589, -11.825],
							"size": [0.4, 0.5178, 12.8],
							"pivot": [0, 0, -5.475],
							"rotation": [0, 0, 90],
							"uv": {
								"north": {"uv": [25, 27], "uv_size": [1, 1]},
								"east": {"uv": [0, 4], "uv_size": [13, 1]},
								"south": {"uv": [27, 25], "uv_size": [1, 1]},
								"west": {"uv": [0, 5], "uv_size": [13, 1]}
							}
						},
						{
							"origin": [-0.625, -0.2589, -11.825],
							"size": [0.4, 0.5178, 12.8],
							"pivot": [0, 0, -5.475],
							"rotation": [0, 0, 135],
							"uv": {
								"north": {"uv": [26, 27], "uv_size": [1, 1]},
								"east": {"uv": [0, 6], "uv_size": [13, 1]},
								"south": {"uv": [27, 26], "uv_size": [1, 1]},
								"west": {"uv": [0, 7], "uv_size": [13, 1]}
							}
						},
						{
							"origin": [-0.625, -0.2589, -11.825],
							"size": [0.4, 0.5178, 12.8],
							"pivot": [0, 0, -5.475],
							"rotation": [0, 0, -45],
							"uv": {
								"north": {"uv": [27, 27], "uv_size": [1, 1]},
								"east": {"uv": [0, 8], "uv_size": [13, 1]},
								"south": {"uv": [28, 0], "uv_size": [1, 1]},
								"west": {"uv": [0, 9], "uv_size": [13, 1]}
							}
						},
						{
							"origin": [-0.625, -0.2589, -11.825],
							"size": [0.4, 0.5178, 12.8],
							"pivot": [0, 0, -5.475],
							"rotation": [0, 0, -90],
							"uv": {
								"north": {"uv": [28, 1], "uv_size": [1, 1]},
								"east": {"uv": [0, 10], "uv_size": [13, 1]},
								"south": {"uv": [4, 28], "uv_size": [1, 1]},
								"west": {"uv": [0, 11], "uv_size": [13, 1]}
							}
						},
						{
							"origin": [-0.625, -0.2589, -11.825],
							"size": [0.4, 0.5178, 12.8],
							"pivot": [0, 0, -5.475],
							"rotation": [0, 0, -135],
							"uv": {
								"north": {"uv": [5, 28], "uv_size": [1, 1]},
								"east": {"uv": [0, 12], "uv_size": [13, 1]},
								"south": {"uv": [28, 5], "uv_size": [1, 1]},
								"west": {"uv": [0, 13], "uv_size": [13, 1]}
							}
						},
						{
							"origin": [-0.625, -0.2589, -11.825],
							"size": [0.4, 0.5178, 12.8],
							"pivot": [0, 0, -5.475],
							"rotation": [0, 0, 180],
							"uv": {
								"north": {"uv": [6, 28], "uv_size": [1, 1]},
								"east": {"uv": [13, 0], "uv_size": [13, 1]},
								"south": {"uv": [7, 28], "uv_size": [1, 1]},
								"west": {"uv": [13, 1], "uv_size": [13, 1]}
							}
						}
					]
				},
				{
					"name": "KRISS_MK3",
					"pivot": [0, 0.61224, -2.38755],
					"cubes": [
						{
							"origin": [-0.475, 2, -7.25],
							"size": [0.95, 0.2, 8.25],
							"uv": {
								"north": {"uv": [28, 8], "uv_size": [1, 1]},
								"south": {"uv": [28, 9], "uv_size": [1, 1]},
								"up": {"uv": [11, 14], "uv_size": [1, 8]},
								"down": {"uv": [12, 22], "uv_size": [1, -8]}
							}
						},
						{
							"origin": [-0.6, -0.9, -7.75],
							"size": [1.2, 0.2, 8.55],
							"uv": {
								"north": {"uv": [28, 10], "uv_size": [1, 1]},
								"south": {"uv": [11, 28], "uv_size": [1, 1]},
								"up": {"uv": [13, 2], "uv_size": [1, 9]},
								"down": {"uv": [13, 20], "uv_size": [1, -9]}
							}
						},
						{
							"origin": [-0.5297, 2.35078, -7.25],
							"size": [0.28284, 0.2, 8.25],
							"pivot": [0.0625, 2.1, -3.125],
							"rotation": [0, 0, -45],
							"uv": {
								"north": {"uv": [12, 28], "uv_size": [1, 1]},
								"south": {"uv": [21, 28], "uv_size": [1, 1]},
								"up": {"uv": [14, 15], "uv_size": [1, 8]},
								"down": {"uv": [15, 23], "uv_size": [1, -8]}
							}
						},
						{
							"origin": [-1.1, -0.4, 4.0625],
							"size": [0.2, 0.3, 0.3],
							"pivot": [-0.9, -0.25, 4.2125],
							"rotation": [45, 0, 0],
							"uv": {
								"north": {"uv": [28, 21], "uv_size": [1, 1]},
								"east": {"uv": [22, 28], "uv_size": [1, 1]},
								"south": {"uv": [28, 22], "uv_size": [1, 1]},
								"up": {"uv": [28, 23], "uv_size": [1, 1]},
								"down": {"uv": [24, 29], "uv_size": [1, -1]}
							}
						},
						{
							"origin": [-1.1, -0.4, 1.9375],
							"size": [0.2, 0.3, 0.3],
							"pivot": [-0.9, -0.25, 2.0875],
							"rotation": [45, 0, 0],
							"uv": {
								"north": {"uv": [28, 24], "uv_size": [1, 1]},
								"east": {"uv": [25, 28], "uv_size": [1, 1]},
								"south": {"uv": [28, 25], "uv_size": [1, 1]},
								"up": {"uv": [26, 28], "uv_size": [1, 1]},
								"down": {"uv": [28, 27], "uv_size": [1, -1]}
							}
						},
						{
							"origin": [-0.91729, 0.90899, -7.75],
							"size": [0.2, 0.56569, 8.55],
							"pivot": [1.425, 0.3875, 5.4],
							"rotation": [0, 0, -45],
							"uv": {
								"north": {"uv": [24, 32], "uv_size": [1, 1]},
								"east": {"uv": [15, 3], "uv_size": [9, 1]},
								"west": {"uv": [15, 4], "uv_size": [9, 1]}
							}
						},
						{
							"origin": [-0.91729, 1.30899, 0.8],
							"size": [0.2, 0.16569, 3.95],
							"pivot": [1.425, 0.3875, 5.4],
							"rotation": [0, 0, -45],
							"uv": {
								"east": {"uv": [24, 21], "uv_size": [4, 1]},
								"south": {"uv": [27, 28], "uv_size": [1, 1]},
								"west": {"uv": [24, 22], "uv_size": [4, 1]},
								"down": {"uv": [1, 29], "uv_size": [1, -4]}
							}
						},
						{
							"origin": [-0.91729, 1.10899, 0.8],
							"size": [0.2, 0.2, 0.2],
							"pivot": [1.425, 0.3875, 5.4],
							"rotation": [0, 0, -45],
							"uv": {
								"east": {"uv": [28, 27], "uv_size": [1, 1]},
								"west": {"uv": [28, 28], "uv_size": [1, 1]}
							}
						},
						{
							"origin": [-0.86464, -0.98839, 0.95984],
							"size": [0.2, 0.56569, 0.14142],
							"pivot": [-0.76464, -0.59393, 1.025],
							"rotation": [-45, 0, -45],
							"uv": {
								"east": {"uv": [29, 0], "uv_size": [1, 1]},
								"south": {"uv": [1, 29], "uv_size": [1, 1]},
								"west": {"uv": [29, 1], "uv_size": [1, 1]}
							}
						},
						{
							"origin": [-1, -0.5, -7.75],
							"size": [0.2, 0.225, 7.9],
							"uv": {
								"north": {"uv": [2, 29], "uv_size": [1, 1]},
								"east": {"uv": [15, 11], "uv_size": [8, 1]},
								"west": {"uv": [0, 16], "uv_size": [8, 1]},
								"up": {"uv": [8, 16], "uv_size": [1, 8]}
							}
						},
						{
							"origin": [-1, 0.075, -7.75],
							"size": [0.2, 0.2, 8.75],
							"uv": {
								"north": {"uv": [3, 29], "uv_size": [1, 1]},
								"east": {"uv": [0, 14], "uv_size": [9, 1]},
								"west": {"uv": [14, 2], "uv_size": [9, 1]},
								"down": {"uv": [14, 12], "uv_size": [1, -9]}
							}
						},
						{
							"origin": [-0.78024, -0.64445, -7.75],
							"size": [0.19937, 0.54309, 8.75],
							"pivot": [0.21976, 0.08055, 0],
							"rotation": [0, 0, 45],
							"uv": {
								"north": {"uv": [4, 29], "uv_size": [1, 1]},
								"east": {"uv": [14, 12], "uv_size": [9, 1]},
								"south": {"uv": [29, 4], "uv_size": [1, 1]},
								"west": {"uv": [14, 13], "uv_size": [9, 1]}
							}
						},
						{
							"origin": [-0.675, 0.51805, 0.35],
							"size": [0.2, 1.48195, 0.65],
							"uv": {
								"north": {"uv": [5, 29], "uv_size": [1, 1]},
								"east": {"uv": [29, 5], "uv_size": [1, 1]},
								"south": {"uv": [6, 29], "uv_size": [1, 1]},
								"west": {"uv": [29, 6], "uv_size": [1, 1]}
							}
						},
						{
							"origin": [-0.675, 0.8, -7.25],
							"size": [0.2, 1.2, 0.25],
							"uv": {
								"east": {"uv": [7, 29], "uv_size": [1, 1]},
								"south": {"uv": [29, 7], "uv_size": [1, 1]},
								"west": {"uv": [8, 29], "uv_size": [1, 1]}
							}
						},
						{
							"origin": [-0.675, 0.8, -7.475],
							"size": [0.2, 0.55, 0.225],
							"uv": {
								"east": {"uv": [29, 8], "uv_size": [1, 1]},
								"west": {"uv": [9, 29], "uv_size": [1, 1]}
							}
						},
						{
							"origin": [-0.675, 0.7, -7.25],
							"size": [0.2, 1.3, 0.25],
							"pivot": [-0.675, 2, -7.25],
							"rotation": [-22.5, 0, 0],
							"uv": {
								"north": {"uv": [29, 9], "uv_size": [1, 1]},
								"east": {"uv": [10, 29], "uv_size": [1, 1]},
								"west": {"uv": [29, 10], "uv_size": [1, 1]}
							}
						},
						{
							"origin": [-0.675, 0.8, -0.65],
							"size": [0.2, 0.225, 1],
							"uv": {
								"north": {"uv": [11, 29], "uv_size": [1, 1]},
								"east": {"uv": [12, 29], "uv_size": [1, 1]},
								"west": {"uv": [29, 18], "uv_size": [1, 1]}
							}
						},
						{
							"origin": [-0.675, 1.175, -1.7],
							"size": [0.2, 0.225, 0.7],
							"uv": {
								"north": {"uv": [29, 19], "uv_size": [1, 1]},
								"east": {"uv": [20, 29], "uv_size": [1, 1]},
								"south": {"uv": [29, 20], "uv_size": [1, 1]},
								"west": {"uv": [21, 29], "uv_size": [1, 1]}
							}
						},
						{
							"origin": [-0.675, 1.175, -3.7],
							"size": [0.2, 0.225, 0.7],
							"uv": {
								"north": {"uv": [29, 21], "uv_size": [1, 1]},
								"east": {"uv": [22, 29], "uv_size": [1, 1]},
								"south": {"uv": [29, 22], "uv_size": [1, 1]},
								"west": {"uv": [23, 29], "uv_size": [1, 1]}
							}
						},
						{
							"origin": [-0.675, 1.175, -5.7],
							"size": [0.2, 0.225, 0.7],
							"uv": {
								"north": {"uv": [29, 23], "uv_size": [1, 1]},
								"east": {"uv": [24, 29], "uv_size": [1, 1]},
								"south": {"uv": [29, 24], "uv_size": [1, 1]},
								"west": {"uv": [25, 29], "uv_size": [1, 1]}
							}
						},
						{
							"origin": [-0.675, 0.51805, -7.75],
							"size": [0.2, 0.28195, 8.1],
							"uv": {
								"north": {"uv": [29, 25], "uv_size": [1, 1]},
								"east": {"uv": [16, 15], "uv_size": [8, 1]},
								"west": {"uv": [16, 16], "uv_size": [8, 1]},
								"up": {"uv": [0, 17], "uv_size": [1, 8]}
							}
						},
						{
							"origin": [-0.675, 1.55, -0.65],
							"size": [0.2, 0.225, 1],
							"uv": {
								"north": {"uv": [26, 29], "uv_size": [1, 1]},
								"east": {"uv": [29, 26], "uv_size": [1, 1]},
								"west": {"uv": [27, 29], "uv_size": [1, 1]}
							}
						},
						{
							"origin": [-0.675, 0.8, -7],
							"size": [0.2, 0.225, 1],
							"uv": {
								"east": {"uv": [29, 27], "uv_size": [1, 1]},
								"south": {"uv": [28, 29], "uv_size": [1, 1]},
								"west": {"uv": [29, 28], "uv_size": [1, 1]}
							}
						},
						{
							"origin": [-0.675, 1.55, -7],
							"size": [0.2, 0.225, 1],
							"uv": {
								"east": {"uv": [29, 29], "uv_size": [1, 1]},
								"south": {"uv": [0, 30], "uv_size": [1, 1]},
								"west": {"uv": [30, 0], "uv_size": [1, 1]}
							}
						},
						{
							"origin": [-0.675, 1.55, -2.7],
							"size": [0.2, 0.225, 0.7],
							"uv": {
								"north": {"uv": [1, 30], "uv_size": [1, 1]},
								"east": {"uv": [30, 1], "uv_size": [1, 1]},
								"south": {"uv": [2, 30], "uv_size": [1, 1]},
								"west": {"uv": [30, 2], "uv_size": [1, 1]}
							}
						},
						{
							"origin": [-0.675, 1.55, -4.7],
							"size": [0.2, 0.225, 0.7],
							"uv": {
								"north": {"uv": [3, 30], "uv_size": [1, 1]},
								"east": {"uv": [4, 30], "uv_size": [1, 1]},
								"south": {"uv": [30, 4], "uv_size": [1, 1]},
								"west": {"uv": [5, 30], "uv_size": [1, 1]}
							}
						},
						{
							"origin": [-0.675, 0.8, -2.7],
							"size": [0.2, 0.225, 0.7],
							"uv": {
								"north": {"uv": [30, 5], "uv_size": [1, 1]},
								"east": {"uv": [6, 30], "uv_size": [1, 1]},
								"south": {"uv": [30, 6], "uv_size": [1, 1]},
								"west": {"uv": [7, 30], "uv_size": [1, 1]}
							}
						},
						{
							"origin": [-0.675, 0.8, -4.7],
							"size": [0.2, 0.225, 0.7],
							"uv": {
								"north": {"uv": [30, 7], "uv_size": [1, 1]},
								"east": {"uv": [8, 30], "uv_size": [1, 1]},
								"south": {"uv": [30, 8], "uv_size": [1, 1]},
								"west": {"uv": [9, 30], "uv_size": [1, 1]}
							}
						},
						{
							"origin": [-0.675, 1.775, -7],
							"size": [0.2, 0.225, 7.35],
							"uv": {
								"east": {"uv": [23, 2], "uv_size": [7, 1]},
								"west": {"uv": [9, 23], "uv_size": [7, 1]},
								"down": {"uv": [6, 24], "uv_size": [1, -7]}
							}
						},
						{
							"origin": [-0.675, 1.4, -7],
							"size": [0.2, 0.15, 7.35],
							"uv": {
								"east": {"uv": [23, 11], "uv_size": [7, 1]},
								"west": {"uv": [23, 12], "uv_size": [7, 1]},
								"up": {"uv": [7, 17], "uv_size": [1, 7]},
								"down": {"uv": [16, 30], "uv_size": [1, -7]}
							}
						},
						{
							"origin": [-0.675, 1.025, -7],
							"size": [0.2, 0.15, 7.35],
							"uv": {
								"east": {"uv": [23, 13], "uv_size": [7, 1]},
								"west": {"uv": [23, 14], "uv_size": [7, 1]},
								"up": {"uv": [17, 23], "uv_size": [1, 7]},
								"down": {"uv": [18, 30], "uv_size": [1, -7]}
							}
						},
						{
							"origin": [-1, 0.10179, 1],
							"size": [0.2, 0.17321, 0.4],
							"pivot": [-1, 0.275, 1],
							"rotation": [-30, 0, 0],
							"uv": {
								"east": {"uv": [30, 9], "uv_size": [1, 1]},
								"west": {"uv": [10, 30], "uv_size": [1, 1]},
								"up": {"uv": [30, 10], "uv_size": [1, 1]}
							}
						},
						{
							"origin": [-1, -0.275, -1.75],
							"size": [0.2, 0.35, 0.35],
							"uv": {
								"north": {"uv": [11, 30], "uv_size": [1, 1]},
								"east": {"uv": [30, 11], "uv_size": [1, 1]},
								"south": {"uv": [12, 30], "uv_size": [1, 1]},
								"west": {"uv": [30, 12], "uv_size": [1, 1]}
							}
						},
						{
							"origin": [-1, -0.275, -3.65],
							"size": [0.2, 0.35, 0.35],
							"uv": {
								"north": {"uv": [30, 13], "uv_size": [1, 1]},
								"east": {"uv": [30, 14], "uv_size": [1, 1]},
								"south": {"uv": [16, 30], "uv_size": [1, 1]},
								"west": {"uv": [17, 30], "uv_size": [1, 1]}
							}
						},
						{
							"origin": [-1, -0.275, -5.55],
							"size": [0.2, 0.35, 0.35],
							"uv": {
								"north": {"uv": [18, 30], "uv_size": [1, 1]},
								"east": {"uv": [30, 18], "uv_size": [1, 1]},
								"south": {"uv": [30, 19], "uv_size": [1, 1]},
								"west": {"uv": [20, 30], "uv_size": [1, 1]}
							}
						},
						{
							"origin": [-1, -0.275, -7.75],
							"size": [0.2, 0.35, 0.65],
							"uv": {
								"north": {"uv": [30, 20], "uv_size": [1, 1]},
								"east": {"uv": [21, 30], "uv_size": [1, 1]},
								"south": {"uv": [30, 21], "uv_size": [1, 1]},
								"west": {"uv": [22, 30], "uv_size": [1, 1]}
							}
						},
						{
							"origin": [-1, -0.5, 0.15],
							"size": [0.2, 0.575, 4.6],
							"uv": {
								"north": {"uv": [30, 22], "uv_size": [1, 1]},
								"east": {"uv": [24, 18], "uv_size": [5, 1]},
								"west": {"uv": [24, 19], "uv_size": [5, 1]},
								"up": {"uv": [20, 24], "uv_size": [1, 5]}
							}
						},
						{
							"origin": [-1, -0.4, 4.75],
							"size": [0.2, 0.3, 0.175],
							"uv": {
								"east": {"uv": [23, 30], "uv_size": [1, 1]},
								"south": {"uv": [30, 23], "uv_size": [1, 1]},
								"west": {"uv": [24, 30], "uv_size": [1, 1]}
							}
						},
						{
							"origin": [-1, -0.20581, 4.88169],
							"size": [0.2, 0.24749, 0.12374],
							"pivot": [-0.9, -0.25, 4.8375],
							"rotation": [45, 0, 0],
							"uv": {
								"east": {"uv": [30, 24], "uv_size": [1, 1]},
								"south": {"uv": [25, 30], "uv_size": [1, 1]},
								"west": {"uv": [30, 25], "uv_size": [1, 1]}
							}
						},
						{
							"origin": [-1, -0.54168, 4.88169],
							"size": [0.2, 0.24749, 0.12374],
							"pivot": [-0.9, -0.25, 4.8375],
							"rotation": [-45, 0, 0],
							"uv": {
								"east": {"uv": [26, 30], "uv_size": [1, 1]},
								"south": {"uv": [30, 26], "uv_size": [1, 1]},
								"west": {"uv": [27, 30], "uv_size": [1, 1]},
								"down": {"uv": [30, 28], "uv_size": [1, -1]}
							}
						},
						{
							"origin": [0.71729, 0.90899, -7.75],
							"size": [0.2, 0.56569, 8.55],
							"pivot": [-1.425, 0.3875, 5.4],
							"rotation": [0, 0, 45],
							"uv": {
								"north": {"uv": [11, 34], "uv_size": [1, 1]},
								"east": {"uv": [15, 9], "uv_size": [9, 1]},
								"west": {"uv": [15, 10], "uv_size": [9, 1]}
							}
						},
						{
							"origin": [0.8, -0.54168, 4.88169],
							"size": [0.2, 0.24749, 0.12374],
							"pivot": [0.9, -0.25, 4.8375],
							"rotation": [-45, 0, 0],
							"uv": {
								"east": {"uv": [9, 34], "uv_size": [1, 1]},
								"south": {"uv": [34, 9], "uv_size": [1, 1]},
								"west": {"uv": [10, 34], "uv_size": [1, 1]},
								"down": {"uv": [34, 11], "uv_size": [1, -1]}
							}
						},
						{
							"origin": [0.8, -0.20581, 4.88169],
							"size": [0.2, 0.24749, 0.12374],
							"pivot": [0.9, -0.25, 4.8375],
							"rotation": [45, 0, 0],
							"uv": {
								"east": {"uv": [34, 7], "uv_size": [1, 1]},
								"south": {"uv": [8, 34], "uv_size": [1, 1]},
								"west": {"uv": [34, 8], "uv_size": [1, 1]}
							}
						},
						{
							"origin": [0.8, -0.4, 4.75],
							"size": [0.2, 0.3, 0.175],
							"uv": {
								"east": {"uv": [6, 34], "uv_size": [1, 1]},
								"south": {"uv": [34, 6], "uv_size": [1, 1]},
								"west": {"uv": [7, 34], "uv_size": [1, 1]}
							}
						},
						{
							"origin": [0.8, -0.5, 0.15],
							"size": [0.2, 0.575, 4.6],
							"uv": {
								"north": {"uv": [34, 5], "uv_size": [1, 1]},
								"east": {"uv": [24, 20], "uv_size": [5, 1]},
								"west": {"uv": [21, 24], "uv_size": [5, 1]},
								"up": {"uv": [0, 25], "uv_size": [1, 5]}
							}
						},
						{
							"origin": [0.8, -0.275, -7.75],
							"size": [0.2, 0.35, 0.65],
							"uv": {
								"north": {"uv": [34, 3], "uv_size": [1, 1]},
								"east": {"uv": [4, 34], "uv_size": [1, 1]},
								"south": {"uv": [34, 4], "uv_size": [1, 1]},
								"west": {"uv": [5, 34], "uv_size": [1, 1]}
							}
						},
						{
							"origin": [0.8, -0.275, -5.55],
							"size": [0.2, 0.35, 0.35],
							"uv": {
								"north": {"uv": [34, 1], "uv_size": [1, 1]},
								"east": {"uv": [2, 34], "uv_size": [1, 1]},
								"south": {"uv": [34, 2], "uv_size": [1, 1]},
								"west": {"uv": [3, 34], "uv_size": [1, 1]}
							}
						},
						{
							"origin": [0.8, -0.275, -3.65],
							"size": [0.2, 0.35, 0.35],
							"uv": {
								"north": {"uv": [33, 33], "uv_size": [1, 1]},
								"east": {"uv": [0, 34], "uv_size": [1, 1]},
								"south": {"uv": [34, 0], "uv_size": [1, 1]},
								"west": {"uv": [1, 34], "uv_size": [1, 1]}
							}
						},
						{
							"origin": [0.8, -0.275, -1.75],
							"size": [0.2, 0.35, 0.35],
							"uv": {
								"north": {"uv": [31, 33], "uv_size": [1, 1]},
								"east": {"uv": [33, 31], "uv_size": [1, 1]},
								"south": {"uv": [32, 33], "uv_size": [1, 1]},
								"west": {"uv": [33, 32], "uv_size": [1, 1]}
							}
						},
						{
							"origin": [0.8, 0.10179, 1],
							"size": [0.2, 0.17321, 0.4],
							"pivot": [1, 0.275, 1],
							"rotation": [-30, 0, 0],
							"uv": {
								"east": {"uv": [33, 29], "uv_size": [1, 1]},
								"west": {"uv": [30, 33], "uv_size": [1, 1]},
								"up": {"uv": [33, 30], "uv_size": [1, 1]}
							}
						},
						{
							"origin": [0.475, 1.025, -7],
							"size": [0.2, 0.15, 7.35],
							"uv": {
								"east": {"uv": [24, 16], "uv_size": [7, 1]},
								"west": {"uv": [24, 17], "uv_size": [7, 1]},
								"up": {"uv": [15, 24], "uv_size": [1, 7]},
								"down": {"uv": [19, 31], "uv_size": [1, -7]}
							}
						},
						{
							"origin": [0.475, 1.4, -7],
							"size": [0.2, 0.15, 7.35],
							"uv": {
								"east": {"uv": [6, 24], "uv_size": [7, 1]},
								"west": {"uv": [24, 15], "uv_size": [7, 1]},
								"up": {"uv": [13, 24], "uv_size": [1, 7]},
								"down": {"uv": [14, 31], "uv_size": [1, -7]}
							}
						},
						{
							"origin": [0.475, 1.775, -7],
							"size": [0.2, 0.225, 7.35],
							"uv": {
								"east": {"uv": [19, 23], "uv_size": [7, 1]},
								"west": {"uv": [24, 3], "uv_size": [7, 1]},
								"down": {"uv": [24, 11], "uv_size": [1, -7]}
							}
						},
						{
							"origin": [0.475, 0.8, -4.7],
							"size": [0.2, 0.225, 0.7],
							"uv": {
								"north": {"uv": [33, 27], "uv_size": [1, 1]},
								"east": {"uv": [28, 33], "uv_size": [1, 1]},
								"south": {"uv": [33, 28], "uv_size": [1, 1]},
								"west": {"uv": [29, 33], "uv_size": [1, 1]}
							}
						},
						{
							"origin": [0.475, 0.8, -2.7],
							"size": [0.2, 0.225, 0.7],
							"uv": {
								"north": {"uv": [33, 25], "uv_size": [1, 1]},
								"east": {"uv": [26, 33], "uv_size": [1, 1]},
								"south": {"uv": [33, 26], "uv_size": [1, 1]},
								"west": {"uv": [27, 33], "uv_size": [1, 1]}
							}
						},
						{
							"origin": [0.475, 1.55, -4.7],
							"size": [0.2, 0.225, 0.7],
							"uv": {
								"north": {"uv": [33, 23], "uv_size": [1, 1]},
								"east": {"uv": [24, 33], "uv_size": [1, 1]},
								"south": {"uv": [33, 24], "uv_size": [1, 1]},
								"west": {"uv": [25, 33], "uv_size": [1, 1]}
							}
						},
						{
							"origin": [0.475, 1.55, -2.7],
							"size": [0.2, 0.225, 0.7],
							"uv": {
								"north": {"uv": [33, 21], "uv_size": [1, 1]},
								"east": {"uv": [22, 33], "uv_size": [1, 1]},
								"south": {"uv": [33, 22], "uv_size": [1, 1]},
								"west": {"uv": [23, 33], "uv_size": [1, 1]}
							}
						},
						{
							"origin": [0.475, 1.55, -7],
							"size": [0.2, 0.225, 1],
							"uv": {
								"east": {"uv": [20, 33], "uv_size": [1, 1]},
								"south": {"uv": [33, 20], "uv_size": [1, 1]},
								"west": {"uv": [21, 33], "uv_size": [1, 1]}
							}
						},
						{
							"origin": [0.475, 0.8, -7],
							"size": [0.2, 0.225, 1],
							"uv": {
								"east": {"uv": [33, 18], "uv_size": [1, 1]},
								"south": {"uv": [19, 33], "uv_size": [1, 1]},
								"west": {"uv": [33, 19], "uv_size": [1, 1]}
							}
						},
						{
							"origin": [0.475, 1.55, -0.65],
							"size": [0.2, 0.225, 1],
							"uv": {
								"north": {"uv": [17, 33], "uv_size": [1, 1]},
								"east": {"uv": [33, 17], "uv_size": [1, 1]},
								"west": {"uv": [18, 33], "uv_size": [1, 1]}
							}
						},
						{
							"origin": [0.475, 0.51805, -7.75],
							"size": [0.2, 0.28195, 8.1],
							"uv": {
								"north": {"uv": [33, 16], "uv_size": [1, 1]},
								"east": {"uv": [16, 21], "uv_size": [8, 1]},
								"west": {"uv": [16, 22], "uv_size": [8, 1]},
								"up": {"uv": [5, 17], "uv_size": [1, 8]}
							}
						},
						{
							"origin": [0.475, 1.175, -5.7],
							"size": [0.2, 0.225, 0.7],
							"uv": {
								"north": {"uv": [33, 14], "uv_size": [1, 1]},
								"east": {"uv": [15, 33], "uv_size": [1, 1]},
								"south": {"uv": [33, 15], "uv_size": [1, 1]},
								"west": {"uv": [16, 33], "uv_size": [1, 1]}
							}
						},
						{
							"origin": [0.475, 1.175, -3.7],
							"size": [0.2, 0.225, 0.7],
							"uv": {
								"north": {"uv": [33, 12], "uv_size": [1, 1]},
								"east": {"uv": [13, 33], "uv_size": [1, 1]},
								"south": {"uv": [33, 13], "uv_size": [1, 1]},
								"west": {"uv": [14, 33], "uv_size": [1, 1]}
							}
						},
						{
							"origin": [0.475, 1.175, -1.7],
							"size": [0.2, 0.225, 0.7],
							"uv": {
								"north": {"uv": [33, 10], "uv_size": [1, 1]},
								"east": {"uv": [11, 33], "uv_size": [1, 1]},
								"south": {"uv": [33, 11], "uv_size": [1, 1]},
								"west": {"uv": [12, 33], "uv_size": [1, 1]}
							}
						},
						{
							"origin": [0.475, 0.8, -0.65],
							"size": [0.2, 0.225, 1],
							"uv": {
								"north": {"uv": [9, 33], "uv_size": [1, 1]},
								"east": {"uv": [33, 9], "uv_size": [1, 1]},
								"west": {"uv": [10, 33], "uv_size": [1, 1]}
							}
						},
						{
							"origin": [0.475, 0.7, -7.25],
							"size": [0.2, 1.3, 0.25],
							"pivot": [0.675, 2, -7.25],
							"rotation": [-22.5, 0, 0],
							"uv": {
								"north": {"uv": [33, 7], "uv_size": [1, 1]},
								"east": {"uv": [8, 33], "uv_size": [1, 1]},
								"west": {"uv": [33, 8], "uv_size": [1, 1]}
							}
						},
						{
							"origin": [0.475, 0.8, -7.475],
							"size": [0.2, 0.55, 0.225],
							"uv": {
								"east": {"uv": [33, 6], "uv_size": [1, 1]},
								"west": {"uv": [7, 33], "uv_size": [1, 1]}
							}
						},
						{
							"origin": [0.475, 0.8, -7.25],
							"size": [0.2, 1.2, 0.25],
							"uv": {
								"east": {"uv": [5, 33], "uv_size": [1, 1]},
								"south": {"uv": [33, 5], "uv_size": [1, 1]},
								"west": {"uv": [6, 33], "uv_size": [1, 1]}
							}
						},
						{
							"origin": [0.475, 0.51805, 0.35],
							"size": [0.2, 1.48195, 0.65],
							"uv": {
								"north": {"uv": [3, 33], "uv_size": [1, 1]},
								"east": {"uv": [33, 3], "uv_size": [1, 1]},
								"south": {"uv": [4, 33], "uv_size": [1, 1]},
								"west": {"uv": [33, 4], "uv_size": [1, 1]}
							}
						},
						{
							"origin": [0.58087, -0.64445, -7.75],
							"size": [0.19937, 0.54309, 8.75],
							"pivot": [-0.21976, 0.08055, 0],
							"rotation": [0, 0, -45],
							"uv": {
								"north": {"uv": [2, 33], "uv_size": [1, 1]},
								"east": {"uv": [15, 7], "uv_size": [9, 1]},
								"south": {"uv": [33, 2], "uv_size": [1, 1]},
								"west": {"uv": [15, 8], "uv_size": [9, 1]}
							}
						},
						{
							"origin": [0.8, 0.075, -7.75],
							"size": [0.2, 0.2, 8.75],
							"uv": {
								"north": {"uv": [33, 1], "uv_size": [1, 1]},
								"east": {"uv": [15, 5], "uv_size": [9, 1]},
								"west": {"uv": [15, 6], "uv_size": [9, 1]},
								"down": {"uv": [10, 23], "uv_size": [1, -9]}
							}
						},
						{
							"origin": [0.8, -0.5, -7.75],
							"size": [0.2, 0.225, 7.9],
							"uv": {
								"north": {"uv": [1, 33], "uv_size": [1, 1]},
								"east": {"uv": [16, 19], "uv_size": [8, 1]},
								"west": {"uv": [16, 20], "uv_size": [8, 1]},
								"up": {"uv": [4, 17], "uv_size": [1, 8]}
							}
						},
						{
							"origin": [0.66464, -0.98839, 0.95984],
							"size": [0.2, 0.56569, 0.14142],
							"pivot": [0.76464, -0.59393, 1.025],
							"rotation": [-45, 0, 45],
							"uv": {
								"east": {"uv": [32, 32], "uv_size": [1, 1]},
								"south": {"uv": [0, 33], "uv_size": [1, 1]},
								"west": {"uv": [33, 0], "uv_size": [1, 1]}
							}
						},
						{
							"origin": [0.71729, 1.10899, 0.8],
							"size": [0.2, 0.2, 0.2],
							"pivot": [-1.425, 0.3875, 5.4],
							"rotation": [0, 0, 45],
							"uv": {
								"east": {"uv": [31, 32], "uv_size": [1, 1]},
								"west": {"uv": [32, 31], "uv_size": [1, 1]}
							}
						},
						{
							"origin": [0.71729, 1.30899, 0.8],
							"size": [0.2, 0.16569, 3.95],
							"pivot": [-1.425, 0.3875, 5.4],
							"rotation": [0, 0, 45],
							"uv": {
								"east": {"uv": [2, 25], "uv_size": [4, 1]},
								"south": {"uv": [32, 30], "uv_size": [1, 1]},
								"west": {"uv": [25, 4], "uv_size": [4, 1]},
								"down": {"uv": [25, 9], "uv_size": [1, -4]}
							}
						},
						{
							"origin": [0.9, -0.4, 1.9375],
							"size": [0.2, 0.3, 0.3],
							"pivot": [0.9, -0.25, 2.0875],
							"rotation": [45, 0, 0],
							"uv": {
								"north": {"uv": [28, 32], "uv_size": [1, 1]},
								"south": {"uv": [32, 28], "uv_size": [1, 1]},
								"west": {"uv": [29, 32], "uv_size": [1, 1]},
								"up": {"uv": [32, 29], "uv_size": [1, 1]},
								"down": {"uv": [30, 33], "uv_size": [1, -1]}
							}
						},
						{
							"origin": [0.9, -0.4, 4.0625],
							"size": [0.2, 0.3, 0.3],
							"pivot": [0.9, -0.25, 4.2125],
							"rotation": [45, 0, 0],
							"uv": {
								"north": {"uv": [32, 25], "uv_size": [1, 1]},
								"south": {"uv": [26, 32], "uv_size": [1, 1]},
								"west": {"uv": [32, 26], "uv_size": [1, 1]},
								"up": {"uv": [27, 32], "uv_size": [1, 1]},
								"down": {"uv": [32, 28], "uv_size": [1, -1]}
							}
						},
						{
							"origin": [0.24686, 2.35078, -7.25],
							"size": [0.28284, 0.2, 8.25],
							"pivot": [-0.0625, 2.1, -3.125],
							"rotation": [0, 0, 45],
							"uv": {
								"north": {"uv": [32, 24], "uv_size": [1, 1]},
								"south": {"uv": [25, 32], "uv_size": [1, 1]},
								"up": {"uv": [2, 17], "uv_size": [1, 8]},
								"down": {"uv": [3, 25], "uv_size": [1, -8]}
							}
						},
						{
							"origin": [-0.40625, 2.1875, -7.25],
							"size": [0.8125, 0.25, 8.25],
							"uv": {
								"north": {"uv": [28, 30], "uv_size": [1, 1]},
								"east": {"uv": [16, 17], "uv_size": [8, 1]},
								"south": {"uv": [30, 28], "uv_size": [1, 1]},
								"west": {"uv": [16, 18], "uv_size": [8, 1]},
								"up": {"uv": [1, 17], "uv_size": [1, 8]}
							}
						},
						{
							"origin": [-0.41413, 2.65283, -1],
							"size": [0.177, 0.177, 0.25],
							"pivot": [0.00101, 2.49202, -8.75683],
							"rotation": [0, 0, -45],
							"uv": {
								"north": {"uv": [29, 30], "uv_size": [1, 1]},
								"east": {"uv": [30, 29], "uv_size": [1, 1]},
								"south": {"uv": [30, 30], "uv_size": [1, 1]},
								"up": {"uv": [0, 31], "uv_size": [1, 1]}
							}
						},
						{
							"origin": [-0.40625, 2.4375, -1],
							"size": [0.8125, 0.125, 0.25],
							"uv": {
								"north": {"uv": [31, 0], "uv_size": [1, 1]},
								"south": {"uv": [1, 31], "uv_size": [1, 1]},
								"up": {"uv": [31, 1], "uv_size": [1, 1]}
							}
						},
						{
							"origin": [0.23713, 2.65283, -1],
							"size": [0.177, 0.177, 0.25],
							"pivot": [-0.00101, 2.49202, -8.75683],
							"rotation": [0, 0, 45],
							"uv": {
								"north": {"uv": [2, 31], "uv_size": [1, 1]},
								"south": {"uv": [31, 2], "uv_size": [1, 1]},
								"west": {"uv": [3, 31], "uv_size": [1, 1]},
								"up": {"uv": [31, 3], "uv_size": [1, 1]}
							}
						},
						{
							"origin": [0.23713, 2.65283, -0.5],
							"size": [0.177, 0.177, 1.5],
							"pivot": [-0.00101, 2.49202, -7.00683],
							"rotation": [0, 0, 45],
							"uv": {
								"north": {"uv": [4, 31], "uv_size": [1, 1]},
								"south": {"uv": [31, 4], "uv_size": [1, 1]},
								"west": {"uv": [11, 22], "uv_size": [2, 1]},
								"up": {"uv": [13, 20], "uv_size": [1, 2]}
							}
						},
						{
							"origin": [-0.40625, 2.4375, -0.5],
							"size": [0.8125, 0.125, 1.5],
							"uv": {
								"north": {"uv": [5, 31], "uv_size": [1, 1]},
								"south": {"uv": [31, 5], "uv_size": [1, 1]},
								"up": {"uv": [6, 25], "uv_size": [1, 2]}
							}
						},
						{
							"origin": [-0.41472, 2.65141, -0.5],
							"size": [0.177, 0.177, 1.5],
							"pivot": [-0.00101, 2.49202, 5.11817],
							"rotation": [0, 0, -45],
							"uv": {
								"north": {"uv": [6, 31], "uv_size": [1, 1]},
								"east": {"uv": [7, 25], "uv_size": [2, 1]},
								"south": {"uv": [31, 6], "uv_size": [1, 1]},
								"up": {"uv": [9, 25], "uv_size": [1, 2]}
							}
						},
						{
							"origin": [-0.41472, 2.65141, -2.75],
							"size": [0.177, 0.177, 1.5],
							"pivot": [-0.00101, 2.49202, 2.61817],
							"rotation": [0, 0, -45],
							"uv": {
								"north": {"uv": [7, 31], "uv_size": [1, 1]},
								"east": {"uv": [25, 9], "uv_size": [2, 1]},
								"south": {"uv": [31, 7], "uv_size": [1, 1]},
								"up": {"uv": [10, 25], "uv_size": [1, 2]}
							}
						},
						{
							"origin": [-0.40625, 2.4375, -2.75],
							"size": [0.8125, 0.125, 1.5],
							"uv": {
								"north": {"uv": [8, 31], "uv_size": [1, 1]},
								"south": {"uv": [31, 8], "uv_size": [1, 1]},
								"up": {"uv": [11, 25], "uv_size": [1, 2]}
							}
						},
						{
							"origin": [0.23713, 2.65283, -2.75],
							"size": [0.177, 0.177, 1.5],
							"pivot": [-0.00101, 2.49202, -9.50683],
							"rotation": [0, 0, 45],
							"uv": {
								"north": {"uv": [9, 31], "uv_size": [1, 1]},
								"south": {"uv": [31, 9], "uv_size": [1, 1]},
								"west": {"uv": [25, 10], "uv_size": [2, 1]},
								"up": {"uv": [12, 25], "uv_size": [1, 2]}
							}
						},
						{
							"origin": [0.23713, 2.65283, -3.25],
							"size": [0.177, 0.177, 0.25],
							"pivot": [-0.00101, 2.49202, -11.00683],
							"rotation": [0, 0, 45],
							"uv": {
								"north": {"uv": [10, 31], "uv_size": [1, 1]},
								"south": {"uv": [31, 10], "uv_size": [1, 1]},
								"west": {"uv": [11, 31], "uv_size": [1, 1]},
								"up": {"uv": [31, 11], "uv_size": [1, 1]}
							}
						},
						{
							"origin": [-0.40625, 2.4375, -3.25],
							"size": [0.8125, 0.125, 0.25],
							"uv": {
								"north": {"uv": [12, 31], "uv_size": [1, 1]},
								"south": {"uv": [31, 12], "uv_size": [1, 1]},
								"up": {"uv": [13, 31], "uv_size": [1, 1]}
							}
						},
						{
							"origin": [-0.41413, 2.65283, -3.25],
							"size": [0.177, 0.177, 0.25],
							"pivot": [0.00101, 2.49202, -11.00683],
							"rotation": [0, 0, -45],
							"uv": {
								"north": {"uv": [31, 13], "uv_size": [1, 1]},
								"east": {"uv": [14, 31], "uv_size": [1, 1]},
								"south": {"uv": [31, 14], "uv_size": [1, 1]},
								"up": {"uv": [15, 31], "uv_size": [1, 1]}
							}
						},
						{
							"origin": [-0.41472, 2.65141, -5],
							"size": [0.177, 0.177, 1.5],
							"pivot": [-0.00101, 2.49202, 0.36817],
							"rotation": [0, 0, -45],
							"uv": {
								"north": {"uv": [31, 15], "uv_size": [1, 1]},
								"east": {"uv": [21, 25], "uv_size": [2, 1]},
								"south": {"uv": [16, 31], "uv_size": [1, 1]},
								"up": {"uv": [23, 25], "uv_size": [1, 2]}
							}
						},
						{
							"origin": [-0.40625, 2.4375, -5],
							"size": [0.8125, 0.125, 1.5],
							"uv": {
								"north": {"uv": [31, 16], "uv_size": [1, 1]},
								"south": {"uv": [17, 31], "uv_size": [1, 1]},
								"up": {"uv": [24, 25], "uv_size": [1, 2]}
							}
						},
						{
							"origin": [0.23713, 2.65283, -5],
							"size": [0.177, 0.177, 1.5],
							"pivot": [-0.00101, 2.49202, -11.75683],
							"rotation": [0, 0, 45],
							"uv": {
								"north": {"uv": [31, 17], "uv_size": [1, 1]},
								"south": {"uv": [18, 31], "uv_size": [1, 1]},
								"west": {"uv": [25, 25], "uv_size": [2, 1]},
								"up": {"uv": [26, 0], "uv_size": [1, 2]}
							}
						},
						{
							"origin": [0.23713, 2.65283, -5.5],
							"size": [0.177, 0.177, 0.25],
							"pivot": [-0.00101, 2.49202, -13.25683],
							"rotation": [0, 0, 45],
							"uv": {
								"north": {"uv": [31, 18], "uv_size": [1, 1]},
								"south": {"uv": [19, 31], "uv_size": [1, 1]},
								"west": {"uv": [31, 19], "uv_size": [1, 1]},
								"up": {"uv": [20, 31], "uv_size": [1, 1]}
							}
						},
						{
							"origin": [-0.40625, 2.4375, -5.5],
							"size": [0.8125, 0.125, 0.25],
							"uv": {
								"north": {"uv": [31, 20], "uv_size": [1, 1]},
								"south": {"uv": [21, 31], "uv_size": [1, 1]},
								"up": {"uv": [31, 21], "uv_size": [1, 1]}
							}
						},
						{
							"origin": [-0.41413, 2.65283, -5.5],
							"size": [0.177, 0.177, 0.25],
							"pivot": [0.00101, 2.49202, -13.25683],
							"rotation": [0, 0, -45],
							"uv": {
								"north": {"uv": [22, 31], "uv_size": [1, 1]},
								"east": {"uv": [31, 22], "uv_size": [1, 1]},
								"south": {"uv": [23, 31], "uv_size": [1, 1]},
								"up": {"uv": [31, 23], "uv_size": [1, 1]}
							}
						},
						{
							"origin": [-0.41472, 2.65141, -7.25],
							"size": [0.177, 0.177, 1.5],
							"pivot": [-0.00101, 2.49202, -1.88183],
							"rotation": [0, 0, -45],
							"uv": {
								"north": {"uv": [24, 31], "uv_size": [1, 1]},
								"east": {"uv": [2, 26], "uv_size": [2, 1]},
								"south": {"uv": [31, 24], "uv_size": [1, 1]},
								"up": {"uv": [4, 26], "uv_size": [1, 2]}
							}
						},
						{
							"origin": [-0.40625, 2.4375, -7.25],
							"size": [0.8125, 0.125, 1.5],
							"uv": {
								"north": {"uv": [25, 31], "uv_size": [1, 1]},
								"south": {"uv": [31, 25], "uv_size": [1, 1]},
								"up": {"uv": [5, 26], "uv_size": [1, 2]}
							}
						},
						{
							"origin": [0.23713, 2.65283, -7.25],
							"size": [0.177, 0.177, 1.5],
							"pivot": [-0.00101, 2.49202, -14.00683],
							"rotation": [0, 0, 45],
							"uv": {
								"north": {"uv": [26, 31], "uv_size": [1, 1]},
								"south": {"uv": [31, 26], "uv_size": [1, 1]},
								"west": {"uv": [26, 5], "uv_size": [2, 1]},
								"up": {"uv": [26, 6], "uv_size": [1, 2]}
							}
						},
						{
							"origin": [-0.41472, -1.45341, -7.75],
							"size": [0.177, 0.177, 1.8],
							"pivot": [-0.00101, -1.11702, -2.08183],
							"rotation": [0, 0, 45],
							"uv": {
								"north": {"uv": [27, 31], "uv_size": [1, 1]},
								"east": {"uv": [7, 26], "uv_size": [2, 1]},
								"south": {"uv": [31, 27], "uv_size": [1, 1]},
								"down": {"uv": [21, 28], "uv_size": [1, -2]}
							}
						},
						{
							"origin": [-0.40625, -1.1875, -7.75],
							"size": [0.8125, 0.125, 1.8],
							"uv": {
								"north": {"uv": [28, 31], "uv_size": [1, 1]},
								"south": {"uv": [31, 28], "uv_size": [1, 1]},
								"down": {"uv": [22, 28], "uv_size": [1, -2]}
							}
						},
						{
							"origin": [0.23713, -1.45483, -7.75],
							"size": [0.177, 0.177, 1.8],
							"pivot": [-0.00101, -1.11702, -14.20683],
							"rotation": [0, 0, -45],
							"uv": {
								"north": {"uv": [29, 31], "uv_size": [1, 1]},
								"south": {"uv": [31, 29], "uv_size": [1, 1]},
								"west": {"uv": [26, 8], "uv_size": [2, 1]},
								"down": {"uv": [26, 25], "uv_size": [1, -2]}
							}
						},
						{
							"origin": [-0.41472, -1.45341, -5.2],
							"size": [0.177, 0.177, 1.5],
							"pivot": [-0.00101, -1.11702, 0.16817],
							"rotation": [0, 0, 45],
							"uv": {
								"north": {"uv": [30, 31], "uv_size": [1, 1]},
								"east": {"uv": [25, 26], "uv_size": [2, 1]},
								"south": {"uv": [31, 30], "uv_size": [1, 1]},
								"down": {"uv": [27, 2], "uv_size": [1, -2]}
							}
						},
						{
							"origin": [-0.40625, -1.1875, -5.2],
							"size": [0.8125, 0.125, 1.5],
							"uv": {
								"north": {"uv": [31, 31], "uv_size": [1, 1]},
								"south": {"uv": [0, 32], "uv_size": [1, 1]},
								"down": {"uv": [2, 29], "uv_size": [1, -2]}
							}
						},
						{
							"origin": [0.23713, -1.45483, -5.2],
							"size": [0.177, 0.177, 1.5],
							"pivot": [-0.00101, -1.11702, -11.95683],
							"rotation": [0, 0, -45],
							"uv": {
								"north": {"uv": [32, 0], "uv_size": [1, 1]},
								"south": {"uv": [1, 32], "uv_size": [1, 1]},
								"west": {"uv": [6, 27], "uv_size": [2, 1]},
								"down": {"uv": [3, 29], "uv_size": [1, -2]}
							}
						},
						{
							"origin": [0.23713, -1.45483, -5.7],
							"size": [0.177, 0.177, 0.25],
							"pivot": [-0.00101, -1.11702, -13.45683],
							"rotation": [0, 0, -45],
							"uv": {
								"north": {"uv": [32, 1], "uv_size": [1, 1]},
								"south": {"uv": [2, 32], "uv_size": [1, 1]},
								"west": {"uv": [32, 2], "uv_size": [1, 1]},
								"down": {"uv": [3, 33], "uv_size": [1, -1]}
							}
						},
						{
							"origin": [-0.40625, -1.1875, -5.7],
							"size": [0.8125, 0.125, 0.25],
							"uv": {
								"north": {"uv": [32, 3], "uv_size": [1, 1]},
								"south": {"uv": [4, 32], "uv_size": [1, 1]},
								"down": {"uv": [32, 5], "uv_size": [1, -1]}
							}
						},
						{
							"origin": [-0.41413, -1.45483, -5.7],
							"size": [0.177, 0.177, 0.25],
							"pivot": [0.00101, -1.11702, -13.45683],
							"rotation": [0, 0, 45],
							"uv": {
								"north": {"uv": [5, 32], "uv_size": [1, 1]},
								"east": {"uv": [32, 5], "uv_size": [1, 1]},
								"south": {"uv": [6, 32], "uv_size": [1, 1]},
								"down": {"uv": [32, 7], "uv_size": [1, -1]}
							}
						},
						{
							"origin": [-0.41472, -1.45341, -2.95],
							"size": [0.177, 0.177, 1.5],
							"pivot": [-0.00101, -1.11702, 2.41817],
							"rotation": [0, 0, 45],
							"uv": {
								"north": {"uv": [7, 32], "uv_size": [1, 1]},
								"east": {"uv": [27, 6], "uv_size": [2, 1]},
								"south": {"uv": [32, 7], "uv_size": [1, 1]},
								"down": {"uv": [8, 29], "uv_size": [1, -2]}
							}
						},
						{
							"origin": [-0.40625, -1.1875, -2.95],
							"size": [0.8125, 0.125, 1.5],
							"uv": {
								"north": {"uv": [8, 32], "uv_size": [1, 1]},
								"south": {"uv": [32, 8], "uv_size": [1, 1]},
								"down": {"uv": [9, 29], "uv_size": [1, -2]}
							}
						},
						{
							"origin": [0.23713, -1.45483, -3.45],
							"size": [0.177, 0.177, 0.25],
							"pivot": [-0.00101, -1.11702, -11.20683],
							"rotation": [0, 0, -45],
							"uv": {
								"north": {"uv": [9, 32], "uv_size": [1, 1]},
								"south": {"uv": [32, 9], "uv_size": [1, 1]},
								"west": {"uv": [10, 32], "uv_size": [1, 1]},
								"down": {"uv": [32, 11], "uv_size": [1, -1]}
							}
						},
						{
							"origin": [-0.40625, -1.1875, -3.45],
							"size": [0.8125, 0.125, 0.25],
							"uv": {
								"north": {"uv": [11, 32], "uv_size": [1, 1]},
								"south": {"uv": [32, 11], "uv_size": [1, 1]},
								"down": {"uv": [12, 33], "uv_size": [1, -1]}
							}
						},
						{
							"origin": [-0.41413, -1.45483, -3.45],
							"size": [0.177, 0.177, 0.25],
							"pivot": [0.00101, -1.11702, -11.20683],
							"rotation": [0, 0, 45],
							"uv": {
								"north": {"uv": [32, 12], "uv_size": [1, 1]},
								"east": {"uv": [13, 32], "uv_size": [1, 1]},
								"south": {"uv": [32, 13], "uv_size": [1, 1]},
								"down": {"uv": [14, 33], "uv_size": [1, -1]}
							}
						},
						{
							"origin": [-0.41472, -1.45341, -0.7],
							"size": [0.177, 0.177, 1.5],
							"pivot": [-0.00101, -1.11702, 4.91817],
							"rotation": [0, 0, 45],
							"uv": {
								"north": {"uv": [32, 14], "uv_size": [1, 1]},
								"east": {"uv": [27, 7], "uv_size": [2, 1]},
								"south": {"uv": [15, 32], "uv_size": [1, 1]},
								"down": {"uv": [27, 11], "uv_size": [1, -2]}
							}
						},
						{
							"origin": [-0.40625, -1.1875, -0.7],
							"size": [0.8125, 0.125, 1.5],
							"uv": {
								"north": {"uv": [32, 15], "uv_size": [1, 1]},
								"south": {"uv": [16, 32], "uv_size": [1, 1]},
								"down": {"uv": [10, 29], "uv_size": [1, -2]}
							}
						},
						{
							"origin": [0.23713, -1.45483, -0.7],
							"size": [0.177, 0.177, 1.5],
							"pivot": [-0.00101, -1.11702, -7.20683],
							"rotation": [0, 0, -45],
							"uv": {
								"north": {"uv": [32, 16], "uv_size": [1, 1]},
								"south": {"uv": [17, 32], "uv_size": [1, 1]},
								"west": {"uv": [11, 27], "uv_size": [2, 1]},
								"down": {"uv": [23, 29], "uv_size": [1, -2]}
							}
						},
						{
							"origin": [0.23713, -1.45483, -2.95],
							"size": [0.177, 0.177, 1.5],
							"pivot": [-0.00101, -1.11702, -9.45683],
							"rotation": [0, 0, -45],
							"uv": {
								"north": {"uv": [32, 16], "uv_size": [1, 1]},
								"south": {"uv": [17, 32], "uv_size": [1, 1]},
								"west": {"uv": [11, 27], "uv_size": [2, 1]},
								"down": {"uv": [23, 29], "uv_size": [1, -2]}
							}
						},
						{
							"origin": [0.23713, -1.45483, -1.2],
							"size": [0.177, 0.177, 0.25],
							"pivot": [-0.00101, -1.11702, -8.95683],
							"rotation": [0, 0, -45],
							"uv": {
								"north": {"uv": [32, 17], "uv_size": [1, 1]},
								"south": {"uv": [18, 32], "uv_size": [1, 1]},
								"west": {"uv": [32, 18], "uv_size": [1, 1]},
								"down": {"uv": [19, 33], "uv_size": [1, -1]}
							}
						},
						{
							"origin": [-0.40625, -1.1875, -1.2],
							"size": [0.8125, 0.125, 0.25],
							"uv": {
								"north": {"uv": [32, 19], "uv_size": [1, 1]},
								"south": {"uv": [20, 32], "uv_size": [1, 1]},
								"down": {"uv": [32, 21], "uv_size": [1, -1]}
							}
						},
						{
							"origin": [-0.41413, -1.45483, -1.2],
							"size": [0.177, 0.177, 0.25],
							"pivot": [0.00101, -1.11702, -8.95683],
							"rotation": [0, 0, 45],
							"uv": {
								"north": {"uv": [21, 32], "uv_size": [1, 1]},
								"east": {"uv": [32, 21], "uv_size": [1, 1]},
								"south": {"uv": [22, 32], "uv_size": [1, 1]},
								"down": {"uv": [32, 23], "uv_size": [1, -1]}
							}
						},
						{
							"origin": [-0.40625, -1.0625, -7.75],
							"size": [0.8125, 0.25, 8.55],
							"uv": {
								"north": {"uv": [23, 32], "uv_size": [1, 1]},
								"east": {"uv": [14, 14], "uv_size": [9, 1]},
								"south": {"uv": [32, 23], "uv_size": [1, 1]},
								"west": {"uv": [0, 15], "uv_size": [9, 1]},
								"down": {"uv": [9, 23], "uv_size": [1, -9]}
							}
						}
					]
				}
			]
		}
	]
}