{
	"format_version": "1.12.0",
	"minecraft:geometry": [
		{
			"description": {
				"identifier": "geometry.muzzle_vector10 - Converted",
				"texture_width": 32,
				"texture_height": 32,
				"visible_bounds_width": 4,
				"visible_bounds_height": 2.5,
				"visible_bounds_offset": [0, 0.75, 0]
			},
			"bones": [
				{
					"name": "KRISS_10inch",
					"pivot": [-4, -1, 0],
					"cubes": [
						{
							"origin": [0.225, -0.15533, -7.025],
							"size": [0.15, 0.31066, 6.8],
							"pivot": [0, 0, -12.6],
							"rotation": [0, 0, -45],
							"uv": {
								"north": {"uv": [19, 19], "uv_size": [1, 1]},
								"east": {"uv": [0, 0], "uv_size": [7, 1]},
								"south": {"uv": [20, 3], "uv_size": [1, 1]},
								"west": {"uv": [0, 1], "uv_size": [7, 1]}
							}
						},
						{
							"origin": [-0.375, -0.15533, -7.025],
							"size": [0.15, 0.31066, 6.8],
							"pivot": [0, 0, -12.6],
							"rotation": [0, 0, 45],
							"uv": {
								"north": {"uv": [20, 4], "uv_size": [1, 1]},
								"east": {"uv": [0, 2], "uv_size": [7, 1]},
								"south": {"uv": [5, 20], "uv_size": [1, 1]},
								"west": {"uv": [0, 3], "uv_size": [7, 1]}
							}
						},
						{
							"origin": [-0.15533, -0.375, -7.025],
							"size": [0.31066, 0.15, 6.8],
							"pivot": [0, 0, -12.6],
							"rotation": [0, 0, 45],
							"uv": {
								"north": {"uv": [20, 5], "uv_size": [1, 1]},
								"south": {"uv": [6, 20], "uv_size": [1, 1]},
								"up": {"uv": [0, 4], "uv_size": [1, 7]},
								"down": {"uv": [1, 11], "uv_size": [1, -7]}
							}
						},
						{
							"origin": [-0.15533, -0.375, -7.025],
							"size": [0.31066, 0.15, 6.8],
							"pivot": [0, 0, -12.6],
							"rotation": [0, 0, -45],
							"uv": {
								"north": {"uv": [20, 6], "uv_size": [1, 1]},
								"south": {"uv": [7, 20], "uv_size": [1, 1]},
								"up": {"uv": [2, 4], "uv_size": [1, 7]},
								"down": {"uv": [3, 11], "uv_size": [1, -7]}
							}
						},
						{
							"origin": [-0.15533, -0.375, -7.025],
							"size": [0.31066, 0.15, 6.8],
							"uv": {
								"north": {"uv": [20, 7], "uv_size": [1, 1]},
								"south": {"uv": [8, 20], "uv_size": [1, 1]},
								"up": {"uv": [4, 4], "uv_size": [1, 7]},
								"down": {"uv": [5, 11], "uv_size": [1, -7]}
							}
						},
						{
							"origin": [-0.15533, -0.375, -7.025],
							"size": [0.31066, 0.15, 6.8],
							"pivot": [0, 0, -12.6],
							"rotation": [0, 0, 90],
							"uv": {
								"north": {"uv": [20, 16], "uv_size": [1, 1]},
								"south": {"uv": [17, 20], "uv_size": [1, 1]},
								"up": {"uv": [6, 4], "uv_size": [1, 7]},
								"down": {"uv": [7, 7], "uv_size": [1, -7]}
							}
						},
						{
							"origin": [-0.375, -0.15533, -7.025],
							"size": [0.15, 0.31066, 6.8],
							"pivot": [0, 0, -12.6],
							"rotation": [0, 0, 90],
							"uv": {
								"north": {"uv": [18, 20], "uv_size": [1, 1]},
								"east": {"uv": [7, 7], "uv_size": [7, 1]},
								"south": {"uv": [19, 20], "uv_size": [1, 1]},
								"west": {"uv": [8, 0], "uv_size": [7, 1]}
							}
						},
						{
							"origin": [0.225, -0.15533, -7.025],
							"size": [0.15, 0.31066, 6.8],
							"uv": {
								"north": {"uv": [20, 19], "uv_size": [1, 1]},
								"east": {"uv": [8, 1], "uv_size": [7, 1]},
								"south": {"uv": [20, 20], "uv_size": [1, 1]},
								"west": {"uv": [8, 2], "uv_size": [7, 1]}
							}
						}
					]
				},
				{
					"name": "KRISS_MK9",
					"pivot": [0, -1.08145, -2.93239],
					"cubes": [
						{
							"origin": [-0.175, 0.9625, -6.25],
							"size": [0.35, 0.2, 1.5],
							"uv": {
								"north": {"uv": [21, 0], "uv_size": [1, 1]},
								"south": {"uv": [21, 1], "uv_size": [1, 1]},
								"up": {"uv": [17, 18], "uv_size": [1, 2]},
								"down": {"uv": [18, 20], "uv_size": [1, -2]}
							}
						},
						{
							"origin": [-0.175, -1.2375, -2.95],
							"size": [0.35, 0.2, 0.5],
							"uv": {
								"north": {"uv": [21, 2], "uv_size": [1, 1]},
								"south": {"uv": [3, 21], "uv_size": [1, 1]},
								"up": {"uv": [21, 3], "uv_size": [1, 1]},
								"down": {"uv": [4, 22], "uv_size": [1, -1]}
							}
						},
						{
							"origin": [-0.175, 0.9625, -2.95],
							"size": [0.35, 0.2, 0.5],
							"uv": {
								"north": {"uv": [21, 4], "uv_size": [1, 1]},
								"south": {"uv": [5, 21], "uv_size": [1, 1]},
								"up": {"uv": [21, 5], "uv_size": [1, 1]},
								"down": {"uv": [6, 22], "uv_size": [1, -1]}
							}
						},
						{
							"origin": [-0.475, -1.2375, -0.45],
							"size": [0.95, 0.2, 1.45],
							"uv": {
								"north": {"uv": [21, 6], "uv_size": [1, 1]},
								"south": {"uv": [7, 21], "uv_size": [1, 1]},
								"up": {"uv": [21, 7], "uv_size": [1, 1]},
								"down": {"uv": [8, 22], "uv_size": [1, -1]}
							}
						},
						{
							"origin": [-0.475, 0.9625, -0.45],
							"size": [0.95, 0.2, 1.45],
							"uv": {
								"north": {"uv": [9, 21], "uv_size": [1, 1]},
								"south": {"uv": [10, 21], "uv_size": [1, 1]},
								"up": {"uv": [21, 13], "uv_size": [1, 1]},
								"down": {"uv": [21, 15], "uv_size": [1, -1]}
							}
						},
						{
							"origin": [-0.475, 0.9625, -6.25],
							"size": [0.3, 0.2, 5.8],
							"uv": {
								"north": {"uv": [21, 15], "uv_size": [1, 1]},
								"west": {"uv": [8, 3], "uv_size": [6, 1]},
								"up": {"uv": [7, 8], "uv_size": [1, 6]},
								"down": {"uv": [8, 14], "uv_size": [1, -6]}
							}
						},
						{
							"origin": [0.175, 0.9625, -6.25],
							"size": [0.3, 0.2, 5.8],
							"uv": {
								"north": {"uv": [21, 16], "uv_size": [1, 1]},
								"east": {"uv": [8, 4], "uv_size": [6, 1]},
								"up": {"uv": [9, 8], "uv_size": [1, 6]},
								"down": {"uv": [10, 14], "uv_size": [1, -6]}
							}
						},
						{
							"origin": [0.175, -1.2375, -6.25],
							"size": [0.3, 0.2, 5.8],
							"uv": {
								"north": {"uv": [17, 21], "uv_size": [1, 1]},
								"east": {"uv": [8, 5], "uv_size": [6, 1]},
								"up": {"uv": [0, 11], "uv_size": [1, 6]},
								"down": {"uv": [1, 17], "uv_size": [1, -6]}
							}
						},
						{
							"origin": [-0.175, -1.2375, -6.25],
							"size": [0.35, 0.2, 1.5],
							"uv": {
								"north": {"uv": [21, 17], "uv_size": [1, 1]},
								"south": {"uv": [18, 21], "uv_size": [1, 1]},
								"up": {"uv": [3, 19], "uv_size": [1, 2]},
								"down": {"uv": [4, 21], "uv_size": [1, -2]}
							}
						},
						{
							"origin": [-0.475, -1.2375, -6.25],
							"size": [0.3, 0.2, 5.8],
							"uv": {
								"north": {"uv": [21, 18], "uv_size": [1, 1]},
								"west": {"uv": [8, 6], "uv_size": [6, 1]},
								"up": {"uv": [2, 11], "uv_size": [1, 6]},
								"down": {"uv": [3, 17], "uv_size": [1, -6]}
							}
						},
						{
							"origin": [-1, -1.42029, -0.15],
							"size": [0.2, 0.84529, 1.15],
							"pivot": [-1, -0.575, -0.15],
							"rotation": [0, 0, -38.5],
							"uv": {
								"north": {"uv": [19, 21], "uv_size": [1, 1]},
								"east": {"uv": [21, 19], "uv_size": [1, 1]},
								"south": {"uv": [20, 21], "uv_size": [1, 1]},
								"west": {"uv": [21, 20], "uv_size": [1, 1]}
							}
						},
						{
							"origin": [-1, 0.375, -0.15],
							"size": [0.2, 0.94646, 1.15],
							"pivot": [-1, 0.375, -0.15],
							"rotation": [0, 0, 33.75],
							"uv": {
								"north": {"uv": [21, 21], "uv_size": [1, 1]},
								"east": {"uv": [22, 0], "uv_size": [1, 1]},
								"south": {"uv": [1, 22], "uv_size": [1, 1]},
								"west": {"uv": [22, 1], "uv_size": [1, 1]}
							}
						},
						{
							"origin": [-1, -1.175, -1.75],
							"size": [0.2, 0.35, 0.5],
							"pivot": [-1, -0.575, -1.75],
							"rotation": [0, 0, -38.5],
							"uv": {
								"north": {"uv": [2, 22], "uv_size": [1, 1]},
								"east": {"uv": [22, 2], "uv_size": [1, 1]},
								"south": {"uv": [3, 22], "uv_size": [1, 1]},
								"west": {"uv": [22, 3], "uv_size": [1, 1]}
							}
						},
						{
							"origin": [-1, 0.675, -1.75],
							"size": [0.2, 0.35, 0.5],
							"pivot": [-1, 0.375, -1.75],
							"rotation": [0, 0, 33.75],
							"uv": {
								"north": {"uv": [4, 22], "uv_size": [1, 1]},
								"east": {"uv": [22, 4], "uv_size": [1, 1]},
								"south": {"uv": [5, 22], "uv_size": [1, 1]},
								"west": {"uv": [22, 5], "uv_size": [1, 1]}
							}
						},
						{
							"origin": [-1, -1.175, -4.15],
							"size": [0.2, 0.35, 0.5],
							"pivot": [-1, -0.575, -4.15],
							"rotation": [0, 0, -38.5],
							"uv": {
								"north": {"uv": [6, 22], "uv_size": [1, 1]},
								"east": {"uv": [22, 6], "uv_size": [1, 1]},
								"south": {"uv": [7, 22], "uv_size": [1, 1]},
								"west": {"uv": [22, 7], "uv_size": [1, 1]}
							}
						},
						{
							"origin": [-1, 0.675, -4.15],
							"size": [0.2, 0.35, 0.5],
							"pivot": [-1, 0.375, -4.15],
							"rotation": [0, 0, 33.75],
							"uv": {
								"north": {"uv": [8, 22], "uv_size": [1, 1]},
								"east": {"uv": [9, 22], "uv_size": [1, 1]},
								"south": {"uv": [10, 22], "uv_size": [1, 1]},
								"west": {"uv": [11, 22], "uv_size": [1, 1]}
							}
						},
						{
							"origin": [-1.03151, -1.43238, -5.95],
							"size": [0.2, 0.2453, 5.8],
							"pivot": [-1.03306, -0.53593, -6.25],
							"rotation": [0, 0, -38.5],
							"uv": {
								"east": {"uv": [11, 8], "uv_size": [6, 1]},
								"west": {"uv": [11, 9], "uv_size": [6, 1]},
								"up": {"uv": [4, 11], "uv_size": [1, 6]}
							}
						},
						{
							"origin": [-1, -1.175, -5.95],
							"size": [0.2, 0.35, 0.7],
							"pivot": [-1, -0.575, -6.25],
							"rotation": [0, 0, -38.5],
							"uv": {
								"north": {"uv": [22, 13], "uv_size": [1, 1]},
								"east": {"uv": [22, 14], "uv_size": [1, 1]},
								"south": {"uv": [15, 22], "uv_size": [1, 1]},
								"west": {"uv": [22, 15], "uv_size": [1, 1]}
							}
						},
						{
							"origin": [-1, -0.825, -5.95],
							"size": [0.2, 0.25, 5.8],
							"pivot": [-1, -0.575, -6.25],
							"rotation": [0, 0, -38.5],
							"uv": {
								"east": {"uv": [11, 10], "uv_size": [6, 1]},
								"west": {"uv": [11, 11], "uv_size": [6, 1]},
								"down": {"uv": [5, 17], "uv_size": [1, -6]}
							}
						},
						{
							"origin": [-1.03151, -1.43238, -6.25],
							"size": [0.2, 0.1625, 0.3],
							"pivot": [-1.03306, -0.53593, -6.25],
							"rotation": [0, 0, -38.5],
							"uv": {
								"north": {"uv": [16, 22], "uv_size": [1, 1]},
								"east": {"uv": [22, 16], "uv_size": [1, 1]},
								"west": {"uv": [17, 22], "uv_size": [1, 1]}
							}
						},
						{
							"origin": [-0.57495, -1.25936, -6.25],
							"size": [0.2, 0.15, 0.35],
							"pivot": [-0.57495, -1.10936, -6.25],
							"rotation": [30, 0, -38.5],
							"uv": {
								"east": {"uv": [22, 17], "uv_size": [1, 1]},
								"west": {"uv": [18, 22], "uv_size": [1, 1]},
								"up": {"uv": [22, 18], "uv_size": [1, 1]}
							}
						},
						{
							"origin": [-1, -0.7125, -6.25],
							"size": [0.2, 0.1375, 0.3],
							"pivot": [-1, -0.575, -6.25],
							"rotation": [0, 0, -38.5],
							"uv": {
								"north": {"uv": [19, 22], "uv_size": [1, 1]},
								"east": {"uv": [22, 19], "uv_size": [1, 1]},
								"west": {"uv": [20, 22], "uv_size": [1, 1]}
							}
						},
						{
							"origin": [-0.9144, -0.68261, -6.25],
							"size": [0.2, 0.15, 0.35],
							"pivot": [-0.9144, -0.68261, -6.25],
							"rotation": [-30, 0, -38.5],
							"uv": {
								"east": {"uv": [22, 20], "uv_size": [1, 1]},
								"west": {"uv": [21, 22], "uv_size": [1, 1]},
								"down": {"uv": [22, 22], "uv_size": [1, -1]}
							}
						},
						{
							"origin": [-1, 0.675, -5.95],
							"size": [0.2, 0.35, 0.7],
							"pivot": [-1, 0.375, -6.25],
							"rotation": [0, 0, 33.75],
							"uv": {
								"north": {"uv": [22, 22], "uv_size": [1, 1]},
								"east": {"uv": [0, 23], "uv_size": [1, 1]},
								"south": {"uv": [23, 0], "uv_size": [1, 1]},
								"west": {"uv": [1, 23], "uv_size": [1, 1]}
							}
						},
						{
							"origin": [-1, 0.375, -5.95],
							"size": [0.2, 0.3, 5.8],
							"pivot": [-1, 0.375, -6.25],
							"rotation": [0, 0, 33.75],
							"uv": {
								"east": {"uv": [11, 12], "uv_size": [6, 1]},
								"west": {"uv": [11, 13], "uv_size": [6, 1]},
								"up": {"uv": [6, 11], "uv_size": [1, 6]}
							}
						},
						{
							"origin": [-1, 0.375, -6.25],
							"size": [0.2, 0.15, 0.3],
							"pivot": [-1, 0.375, -6.25],
							"rotation": [0, 0, 33.75],
							"uv": {
								"north": {"uv": [23, 1], "uv_size": [1, 1]},
								"east": {"uv": [2, 23], "uv_size": [1, 1]},
								"west": {"uv": [23, 2], "uv_size": [1, 1]}
							}
						},
						{
							"origin": [-0.91666, 0.34972, -6.25],
							"size": [0.2, 0.15, 0.35],
							"pivot": [-0.91666, 0.49972, -6.25],
							"rotation": [30, 0, 33.75],
							"uv": {
								"east": {"uv": [3, 23], "uv_size": [1, 1]},
								"west": {"uv": [23, 3], "uv_size": [1, 1]},
								"up": {"uv": [4, 23], "uv_size": [1, 1]}
							}
						},
						{
							"origin": [-1, 1.025, -5.95],
							"size": [0.2, 0.29646, 5.8],
							"pivot": [-1, 0.375, -6.25],
							"rotation": [0, 0, 33.75],
							"uv": {
								"east": {"uv": [14, 3], "uv_size": [6, 1]},
								"west": {"uv": [14, 4], "uv_size": [6, 1]},
								"down": {"uv": [7, 20], "uv_size": [1, -6]}
							}
						},
						{
							"origin": [-1, 1.13396, -6.25],
							"size": [0.2, 0.1875, 0.3],
							"pivot": [-1, 0.375, -6.25],
							"rotation": [0, 0, 33.75],
							"uv": {
								"north": {"uv": [23, 4], "uv_size": [1, 1]},
								"east": {"uv": [5, 23], "uv_size": [1, 1]},
								"west": {"uv": [23, 5], "uv_size": [1, 1]}
							}
						},
						{
							"origin": [-0.57835, 1.00605, -6.25],
							"size": [0.2, 0.15, 0.35],
							"pivot": [-0.57835, 1.00605, -6.25],
							"rotation": [-30, 0, 33.75],
							"uv": {
								"east": {"uv": [6, 23], "uv_size": [1, 1]},
								"west": {"uv": [23, 6], "uv_size": [1, 1]},
								"down": {"uv": [7, 24], "uv_size": [1, -1]}
							}
						},
						{
							"origin": [-1, -0.275, -2.85],
							"size": [0.2, 0.35, 0.5],
							"uv": {
								"north": {"uv": [23, 7], "uv_size": [1, 1]},
								"east": {"uv": [8, 23], "uv_size": [1, 1]},
								"south": {"uv": [23, 8], "uv_size": [1, 1]},
								"west": {"uv": [9, 23], "uv_size": [1, 1]}
							}
						},
						{
							"origin": [-1, -0.275, -6.25],
							"size": [0.2, 0.35, 1.5],
							"uv": {
								"north": {"uv": [23, 9], "uv_size": [1, 1]},
								"east": {"uv": [18, 16], "uv_size": [2, 1]},
								"south": {"uv": [10, 23], "uv_size": [1, 1]},
								"west": {"uv": [5, 19], "uv_size": [2, 1]}
							}
						},
						{
							"origin": [-1, -0.575, -0.45],
							"size": [0.2, 0.95, 1.45],
							"uv": {
								"north": {"uv": [23, 10], "uv_size": [1, 1]},
								"east": {"uv": [11, 23], "uv_size": [1, 1]},
								"south": {"uv": [23, 11], "uv_size": [1, 1]},
								"west": {"uv": [12, 23], "uv_size": [1, 1]}
							}
						},
						{
							"origin": [-1, -0.575, -6.25],
							"size": [0.2, 0.3, 5.8],
							"uv": {
								"north": {"uv": [23, 12], "uv_size": [1, 1]},
								"east": {"uv": [14, 5], "uv_size": [6, 1]},
								"west": {"uv": [14, 6], "uv_size": [6, 1]},
								"up": {"uv": [8, 14], "uv_size": [1, 6]}
							}
						},
						{
							"origin": [-1, 0.075, -6.25],
							"size": [0.2, 0.3, 5.8],
							"uv": {
								"north": {"uv": [13, 23], "uv_size": [1, 1]},
								"east": {"uv": [14, 7], "uv_size": [6, 1]},
								"west": {"uv": [9, 14], "uv_size": [6, 1]},
								"down": {"uv": [9, 21], "uv_size": [1, -6]}
							}
						},
						{
							"origin": [-1.1, -0.4, 4.0625],
							"size": [0.2, 0.3, 0.3],
							"pivot": [-0.9, -0.25, 4.2125],
							"rotation": [45, 0, 0],
							"uv": {
								"north": {"uv": [23, 13], "uv_size": [1, 1]},
								"east": {"uv": [14, 23], "uv_size": [1, 1]},
								"south": {"uv": [23, 14], "uv_size": [1, 1]},
								"up": {"uv": [15, 23], "uv_size": [1, 1]},
								"down": {"uv": [23, 16], "uv_size": [1, -1]}
							}
						},
						{
							"origin": [-1, -0.575, 1],
							"size": [0.2, 0.8, 3.75],
							"uv": {
								"east": {"uv": [17, 13], "uv_size": [4, 1]},
								"south": {"uv": [16, 23], "uv_size": [1, 1]},
								"west": {"uv": [15, 17], "uv_size": [4, 1]},
								"up": {"uv": [1, 18], "uv_size": [1, 4]},
								"down": {"uv": [2, 22], "uv_size": [1, -4]}
							}
						},
						{
							"origin": [0.37495, -1.25936, -6.25],
							"size": [0.2, 0.15, 0.35],
							"pivot": [0.57495, -1.10936, -6.25],
							"rotation": [30, 0, 38.5],
							"uv": {
								"east": {"uv": [23, 16], "uv_size": [1, 1]},
								"west": {"uv": [17, 23], "uv_size": [1, 1]},
								"up": {"uv": [23, 17], "uv_size": [1, 1]}
							}
						},
						{
							"origin": [0.7144, -0.68261, -6.25],
							"size": [0.2, 0.15, 0.35],
							"pivot": [0.9144, -0.68261, -6.25],
							"rotation": [-30, 0, 38.5],
							"uv": {
								"east": {"uv": [18, 23], "uv_size": [1, 1]},
								"west": {"uv": [23, 18], "uv_size": [1, 1]},
								"down": {"uv": [19, 24], "uv_size": [1, -1]}
							}
						},
						{
							"origin": [0.8, -0.7125, -6.25],
							"size": [0.2, 0.1375, 0.3],
							"pivot": [1, -0.575, -6.25],
							"rotation": [0, 0, 38.5],
							"uv": {
								"north": {"uv": [23, 19], "uv_size": [1, 1]},
								"east": {"uv": [20, 23], "uv_size": [1, 1]},
								"west": {"uv": [23, 20], "uv_size": [1, 1]}
							}
						},
						{
							"origin": [0.83151, -1.43238, -6.25],
							"size": [0.2, 0.1625, 0.3],
							"pivot": [1.03306, -0.53593, -6.25],
							"rotation": [0, 0, 38.5],
							"uv": {
								"north": {"uv": [21, 23], "uv_size": [1, 1]},
								"east": {"uv": [23, 21], "uv_size": [1, 1]},
								"west": {"uv": [22, 23], "uv_size": [1, 1]}
							}
						},
						{
							"origin": [0.37835, 1.00605, -6.25],
							"size": [0.2, 0.15, 0.35],
							"pivot": [0.57835, 1.00605, -6.25],
							"rotation": [-30, 0, -33.75],
							"uv": {
								"east": {"uv": [23, 22], "uv_size": [1, 1]},
								"west": {"uv": [23, 23], "uv_size": [1, 1]},
								"down": {"uv": [0, 25], "uv_size": [1, -1]}
							}
						},
						{
							"origin": [0.8, 1.13396, -6.25],
							"size": [0.2, 0.1875, 0.3],
							"pivot": [1, 0.375, -6.25],
							"rotation": [0, 0, -33.75],
							"uv": {
								"north": {"uv": [24, 0], "uv_size": [1, 1]},
								"east": {"uv": [1, 24], "uv_size": [1, 1]},
								"west": {"uv": [24, 1], "uv_size": [1, 1]}
							}
						},
						{
							"origin": [0.71666, 0.34972, -6.25],
							"size": [0.2, 0.15, 0.35],
							"pivot": [0.91666, 0.49972, -6.25],
							"rotation": [30, 0, -33.75],
							"uv": {
								"east": {"uv": [2, 24], "uv_size": [1, 1]},
								"west": {"uv": [24, 2], "uv_size": [1, 1]},
								"up": {"uv": [3, 24], "uv_size": [1, 1]}
							}
						},
						{
							"origin": [0.8, 0.375, -6.25],
							"size": [0.2, 0.15, 0.3],
							"pivot": [1, 0.375, -6.25],
							"rotation": [0, 0, -33.75],
							"uv": {
								"north": {"uv": [24, 3], "uv_size": [1, 1]},
								"east": {"uv": [4, 24], "uv_size": [1, 1]},
								"west": {"uv": [24, 4], "uv_size": [1, 1]}
							}
						},
						{
							"origin": [0.8, -1.42029, -0.15],
							"size": [0.2, 0.84529, 1.15],
							"pivot": [1, -0.575, -0.15],
							"rotation": [0, 0, 38.5],
							"uv": {
								"north": {"uv": [5, 24], "uv_size": [1, 1]},
								"east": {"uv": [24, 5], "uv_size": [1, 1]},
								"south": {"uv": [6, 24], "uv_size": [1, 1]},
								"west": {"uv": [24, 6], "uv_size": [1, 1]}
							}
						},
						{
							"origin": [0.8, 0.375, -0.15],
							"size": [0.2, 0.94646, 1.15],
							"pivot": [1, 0.375, -0.15],
							"rotation": [0, 0, -33.75],
							"uv": {
								"north": {"uv": [7, 24], "uv_size": [1, 1]},
								"east": {"uv": [24, 7], "uv_size": [1, 1]},
								"south": {"uv": [8, 24], "uv_size": [1, 1]},
								"west": {"uv": [24, 8], "uv_size": [1, 1]}
							}
						},
						{
							"origin": [0.8, -1.175, -1.75],
							"size": [0.2, 0.35, 0.5],
							"pivot": [1, -0.575, -1.75],
							"rotation": [0, 0, 38.5],
							"uv": {
								"north": {"uv": [9, 24], "uv_size": [1, 1]},
								"east": {"uv": [24, 9], "uv_size": [1, 1]},
								"south": {"uv": [10, 24], "uv_size": [1, 1]},
								"west": {"uv": [24, 10], "uv_size": [1, 1]}
							}
						},
						{
							"origin": [0.8, 0.675, -1.75],
							"size": [0.2, 0.35, 0.5],
							"pivot": [1, 0.375, -1.75],
							"rotation": [0, 0, -33.75],
							"uv": {
								"north": {"uv": [11, 24], "uv_size": [1, 1]},
								"east": {"uv": [24, 11], "uv_size": [1, 1]},
								"south": {"uv": [12, 24], "uv_size": [1, 1]},
								"west": {"uv": [24, 12], "uv_size": [1, 1]}
							}
						},
						{
							"origin": [0.8, -1.175, -4.15],
							"size": [0.2, 0.35, 0.5],
							"pivot": [1, -0.575, -4.15],
							"rotation": [0, 0, 38.5],
							"uv": {
								"north": {"uv": [13, 24], "uv_size": [1, 1]},
								"east": {"uv": [24, 13], "uv_size": [1, 1]},
								"south": {"uv": [14, 24], "uv_size": [1, 1]},
								"west": {"uv": [24, 14], "uv_size": [1, 1]}
							}
						},
						{
							"origin": [0.8, 0.675, -4.15],
							"size": [0.2, 0.35, 0.5],
							"pivot": [1, 0.375, -4.15],
							"rotation": [0, 0, -33.75],
							"uv": {
								"north": {"uv": [15, 24], "uv_size": [1, 1]},
								"east": {"uv": [24, 15], "uv_size": [1, 1]},
								"south": {"uv": [16, 24], "uv_size": [1, 1]},
								"west": {"uv": [24, 16], "uv_size": [1, 1]}
							}
						},
						{
							"origin": [0.83151, -1.43238, -5.95],
							"size": [0.2, 0.2453, 5.8],
							"pivot": [1.03306, -0.53593, -6.25],
							"rotation": [0, 0, 38.5],
							"uv": {
								"east": {"uv": [15, 0], "uv_size": [6, 1]},
								"west": {"uv": [15, 1], "uv_size": [6, 1]},
								"up": {"uv": [10, 15], "uv_size": [1, 6]}
							}
						},
						{
							"origin": [0.8, -1.175, -5.95],
							"size": [0.2, 0.35, 0.7],
							"pivot": [1, -0.575, -6.25],
							"rotation": [0, 0, 38.5],
							"uv": {
								"north": {"uv": [17, 24], "uv_size": [1, 1]},
								"east": {"uv": [24, 17], "uv_size": [1, 1]},
								"south": {"uv": [18, 24], "uv_size": [1, 1]},
								"west": {"uv": [24, 18], "uv_size": [1, 1]}
							}
						},
						{
							"origin": [0.8, -0.825, -5.95],
							"size": [0.2, 0.25, 5.8],
							"pivot": [1, -0.575, -6.25],
							"rotation": [0, 0, 38.5],
							"uv": {
								"east": {"uv": [15, 2], "uv_size": [6, 1]},
								"west": {"uv": [11, 15], "uv_size": [6, 1]},
								"down": {"uv": [11, 22], "uv_size": [1, -6]}
							}
						},
						{
							"origin": [0.8, 0.675, -5.95],
							"size": [0.2, 0.35, 0.7],
							"pivot": [1, 0.375, -6.25],
							"rotation": [0, 0, -33.75],
							"uv": {
								"north": {"uv": [19, 24], "uv_size": [1, 1]},
								"east": {"uv": [24, 19], "uv_size": [1, 1]},
								"south": {"uv": [20, 24], "uv_size": [1, 1]},
								"west": {"uv": [24, 20], "uv_size": [1, 1]}
							}
						},
						{
							"origin": [0.8, 0.375, -5.95],
							"size": [0.2, 0.3, 5.8],
							"pivot": [1, 0.375, -6.25],
							"rotation": [0, 0, -33.75],
							"uv": {
								"east": {"uv": [15, 14], "uv_size": [6, 1]},
								"west": {"uv": [12, 16], "uv_size": [6, 1]},
								"up": {"uv": [0, 17], "uv_size": [1, 6]}
							}
						},
						{
							"origin": [0.8, 1.025, -5.95],
							"size": [0.2, 0.29646, 5.8],
							"pivot": [1, 0.375, -6.25],
							"rotation": [0, 0, -33.75],
							"uv": {
								"east": {"uv": [1, 17], "uv_size": [6, 1]},
								"west": {"uv": [17, 8], "uv_size": [6, 1]},
								"down": {"uv": [12, 23], "uv_size": [1, -6]}
							}
						},
						{
							"origin": [0.8, -0.275, -2.85],
							"size": [0.2, 0.35, 0.5],
							"uv": {
								"north": {"uv": [21, 24], "uv_size": [1, 1]},
								"east": {"uv": [24, 21], "uv_size": [1, 1]},
								"south": {"uv": [22, 24], "uv_size": [1, 1]},
								"west": {"uv": [24, 22], "uv_size": [1, 1]}
							}
						},
						{
							"origin": [0.8, -0.275, -6.25],
							"size": [0.2, 0.35, 1.5],
							"uv": {
								"north": {"uv": [23, 24], "uv_size": [1, 1]},
								"east": {"uv": [19, 17], "uv_size": [2, 1]},
								"south": {"uv": [24, 23], "uv_size": [1, 1]},
								"west": {"uv": [19, 18], "uv_size": [2, 1]}
							}
						},
						{
							"origin": [0.8, -0.575, -0.45],
							"size": [0.2, 0.95, 1.45],
							"uv": {
								"north": {"uv": [24, 24], "uv_size": [1, 1]},
								"east": {"uv": [0, 25], "uv_size": [1, 1]},
								"south": {"uv": [25, 0], "uv_size": [1, 1]},
								"west": {"uv": [1, 25], "uv_size": [1, 1]}
							}
						},
						{
							"origin": [0.8, -0.575, -6.25],
							"size": [0.2, 0.3, 5.8],
							"uv": {
								"north": {"uv": [25, 1], "uv_size": [1, 1]},
								"east": {"uv": [17, 9], "uv_size": [6, 1]},
								"west": {"uv": [17, 10], "uv_size": [6, 1]},
								"up": {"uv": [13, 17], "uv_size": [1, 6]}
							}
						},
						{
							"origin": [0.8, 0.075, -6.25],
							"size": [0.2, 0.3, 5.8],
							"uv": {
								"north": {"uv": [2, 25], "uv_size": [1, 1]},
								"east": {"uv": [17, 11], "uv_size": [6, 1]},
								"west": {"uv": [17, 12], "uv_size": [6, 1]},
								"down": {"uv": [14, 23], "uv_size": [1, -6]}
							}
						},
						{
							"origin": [0.9, -0.4, 4.0625],
							"size": [0.2, 0.3, 0.3],
							"pivot": [0.9, -0.25, 4.2125],
							"rotation": [45, 0, 0],
							"uv": {
								"north": {"uv": [25, 2], "uv_size": [1, 1]},
								"south": {"uv": [3, 25], "uv_size": [1, 1]},
								"west": {"uv": [25, 3], "uv_size": [1, 1]},
								"up": {"uv": [4, 25], "uv_size": [1, 1]},
								"down": {"uv": [25, 5], "uv_size": [1, -1]}
							}
						},
						{
							"origin": [0.8, -0.575, 1],
							"size": [0.2, 0.8, 3.75],
							"uv": {
								"east": {"uv": [17, 15], "uv_size": [4, 1]},
								"south": {"uv": [5, 25], "uv_size": [1, 1]},
								"west": {"uv": [3, 18], "uv_size": [4, 1]},
								"up": {"uv": [15, 18], "uv_size": [1, 4]},
								"down": {"uv": [16, 22], "uv_size": [1, -4]}
							}
						},
						{
							"origin": [0.9, -0.4, 1.9375],
							"size": [0.2, 0.3, 0.3],
							"pivot": [0.9, -0.25, 2.0875],
							"rotation": [45, 0, 0],
							"uv": {
								"north": {"uv": [25, 5], "uv_size": [1, 1]},
								"south": {"uv": [6, 25], "uv_size": [1, 1]},
								"west": {"uv": [25, 6], "uv_size": [1, 1]},
								"up": {"uv": [7, 25], "uv_size": [1, 1]},
								"down": {"uv": [25, 8], "uv_size": [1, -1]}
							}
						},
						{
							"origin": [-1.1, -0.4, 1.9375],
							"size": [0.2, 0.3, 0.3],
							"pivot": [-0.9, -0.25, 2.0875],
							"rotation": [45, 0, 0],
							"uv": {
								"north": {"uv": [8, 25], "uv_size": [1, 1]},
								"east": {"uv": [25, 8], "uv_size": [1, 1]},
								"south": {"uv": [9, 25], "uv_size": [1, 1]},
								"up": {"uv": [25, 9], "uv_size": [1, 1]},
								"down": {"uv": [10, 26], "uv_size": [1, -1]}
							}
						}
					]
				}
			]
		}
	]
}