{
	"format_version": "1.12.0",
	"minecraft:geometry": [
		{
			"description": {
				"identifier": "geometry.muzzle_vector16 - Converted",
				"texture_width": 64,
				"texture_height": 64,
				"visible_bounds_width": 4,
				"visible_bounds_height": 2.5,
				"visible_bounds_offset": [0, 0.75, 0]
			},
			"bones": [
				{
					"name": "KRISS_VectorCRB",
					"pivot": [-0.00028, 9.97697, -11.46055],
					"cubes": [
						{
							"origin": [-0.3625, -1.025, -14.25],
							"size": [0.725, 0.7875, 15],
							"uv": {
								"north": {"uv": [7, 22], "uv_size": [1, 1]},
								"south": {"uv": [24, 6], "uv_size": [1, 1]},
								"up": {"uv": [0, 0], "uv_size": [1, 15]},
								"down": {"uv": [1, 15], "uv_size": [1, -15]}
							}
						},
						{
							"origin": [-0.2875, 0.225, -14.25],
							"size": [0.575, 0.95, 15.2375],
							"uv": {
								"north": {"uv": [7, 24], "uv_size": [1, 1]},
								"south": {"uv": [8, 24], "uv_size": [1, 1]},
								"up": {"uv": [2, 0], "uv_size": [1, 15]},
								"down": {"uv": [3, 15], "uv_size": [1, -15]}
							}
						},
						{
							"origin": [-0.75, 0.225, 0.75],
							"size": [1.5, 0.4875, 0.2375],
							"uv": {
								"east": {"uv": [9, 24], "uv_size": [1, 1]},
								"south": {"uv": [23, 10], "uv_size": [2, 1]},
								"west": {"uv": [10, 24], "uv_size": [1, 1]}
							}
						},
						{
							"origin": [-0.75, -0.65, 0.75],
							"size": [1.5, 0.875, 0.2375],
							"pivot": [-0.75, 0.225, 0.9875],
							"rotation": [-16, 0, 0],
							"uv": {
								"east": {"uv": [11, 24], "uv_size": [1, 1]},
								"south": {"uv": [11, 23], "uv_size": [2, 1]},
								"west": {"uv": [12, 24], "uv_size": [1, 1]}
							}
						},
						{
							"origin": [-0.75, 0.7125, -14.25],
							"size": [0.1, 0.65407, 1],
							"pivot": [-0.75, 0.7125, -3.725],
							"rotation": [0, 0, 45],
							"uv": {
								"north": {"uv": [15, 24], "uv_size": [1, 1]},
								"east": {"uv": [16, 24], "uv_size": [1, 1]}
							}
						},
						{
							"origin": [-0.75, 0.95407, -13.25],
							"size": [0.1, 0.3125, 0.1],
							"pivot": [-0.75, 0.7125, -3.725],
							"rotation": [0, 0, 45],
							"uv": {
								"east": {"uv": [17, 24], "uv_size": [1, 1]}
							}
						},
						{
							"origin": [-0.75, 1.05407, -13.15],
							"size": [0.1, 0.2125, 0.1],
							"pivot": [-0.75, 0.7125, -3.75],
							"rotation": [0, 0, 45],
							"uv": {
								"east": {"uv": [18, 24], "uv_size": [1, 1]}
							}
						},
						{
							"origin": [-0.75, 1.15407, -13.05],
							"size": [0.1, 0.1125, 0.1125],
							"pivot": [-0.75, 0.7125, -3.725],
							"rotation": [0, 0, 45],
							"uv": {
								"east": {"uv": [19, 24], "uv_size": [1, 1]}
							}
						},
						{
							"origin": [-0.53339, 1.10141, -13.33879],
							"size": [0.1, 0.63928, 0.1],
							"pivot": [-0.48339, 0.90839, -13.75],
							"rotation": [-45, 0, 45],
							"uv": {
								"east": {"uv": [24, 19], "uv_size": [1, 1]},
								"south": {"uv": [20, 24], "uv_size": [1, 1]}
							}
						},
						{
							"origin": [-0.31679, 0.55022, -7.35],
							"size": [0.1, 0.3125, 0.1],
							"pivot": [-0.21679, 1.10429, -16.775],
							"rotation": [0, 0, 45],
							"uv": {
								"east": {"uv": [24, 20], "uv_size": [1, 1]}
							}
						},
						{
							"origin": [-0.31679, 0.55022, -7.45],
							"size": [0.1, 0.2125, 0.1],
							"pivot": [-0.21679, 1.10429, -16.75],
							"rotation": [0, 0, 45],
							"uv": {
								"east": {"uv": [21, 24], "uv_size": [1, 1]}
							}
						},
						{
							"origin": [-0.31679, 0.55022, -7.5625],
							"size": [0.1, 0.1125, 0.1125],
							"pivot": [-0.21679, 1.10429, -16.775],
							"rotation": [0, 0, 45],
							"uv": {
								"east": {"uv": [24, 21], "uv_size": [1, 1]}
							}
						},
						{
							"origin": [-0.53339, 0.0761, -7.26121],
							"size": [0.1, 0.63928, 0.1],
							"pivot": [-0.48339, 0.90839, -6.75],
							"rotation": [-45, 0, 45],
							"uv": {
								"north": {"uv": [22, 24], "uv_size": [1, 1]},
								"east": {"uv": [24, 23], "uv_size": [1, 1]}
							}
						},
						{
							"origin": [-0.53339, 0.99534, -13.04197],
							"size": [0.1, 0.75, 0.1],
							"pivot": [-0.48339, 0.90839, -13.45],
							"rotation": [-45, 0, 45],
							"uv": {
								"north": {"uv": [24, 24], "uv_size": [1, 1]},
								"east": {"uv": [25, 0], "uv_size": [1, 1]}
							}
						},
						{
							"origin": [-0.53339, 0.98928, -12.89804],
							"size": [0.1, 0.75141, 0.10925],
							"pivot": [-0.48339, 0.90839, -13.3],
							"rotation": [-45, 0, 45],
							"uv": {
								"east": {"uv": [25, 1], "uv_size": [1, 1]},
								"south": {"uv": [2, 25], "uv_size": [1, 1]}
							}
						},
						{
							"origin": [-0.53339, 0.99534, -12.59197],
							"size": [0.1, 0.75, 0.1],
							"pivot": [-0.48339, 0.90839, -13],
							"rotation": [-45, 0, 45],
							"uv": {
								"north": {"uv": [25, 2], "uv_size": [1, 1]},
								"east": {"uv": [3, 25], "uv_size": [1, 1]}
							}
						},
						{
							"origin": [-0.53339, 0.98928, -12.44804],
							"size": [0.1, 0.75141, 0.10925],
							"pivot": [-0.48339, 0.90839, -12.85],
							"rotation": [-45, 0, 45],
							"uv": {
								"east": {"uv": [25, 3], "uv_size": [1, 1]},
								"south": {"uv": [4, 25], "uv_size": [1, 1]}
							}
						},
						{
							"origin": [-0.53339, 0.99534, -12.14197],
							"size": [0.1, 0.75, 0.1],
							"pivot": [-0.48339, 0.90839, -12.55],
							"rotation": [-45, 0, 45],
							"uv": {
								"north": {"uv": [25, 4], "uv_size": [1, 1]},
								"east": {"uv": [5, 25], "uv_size": [1, 1]}
							}
						},
						{
							"origin": [-0.53339, 0.98928, -11.99804],
							"size": [0.1, 0.75141, 0.10925],
							"pivot": [-0.48339, 0.90839, -12.4],
							"rotation": [-45, 0, 45],
							"uv": {
								"east": {"uv": [25, 5], "uv_size": [1, 1]},
								"south": {"uv": [6, 25], "uv_size": [1, 1]}
							}
						},
						{
							"origin": [-0.53339, 0.99534, -11.69197],
							"size": [0.1, 0.75, 0.1],
							"pivot": [-0.48339, 0.90839, -12.1],
							"rotation": [-45, 0, 45],
							"uv": {
								"north": {"uv": [25, 6], "uv_size": [1, 1]},
								"east": {"uv": [7, 25], "uv_size": [1, 1]}
							}
						},
						{
							"origin": [-0.53339, 0.98928, -11.54804],
							"size": [0.1, 0.75141, 0.10925],
							"pivot": [-0.48339, 0.90839, -11.95],
							"rotation": [-45, 0, 45],
							"uv": {
								"east": {"uv": [25, 7], "uv_size": [1, 1]},
								"south": {"uv": [8, 25], "uv_size": [1, 1]}
							}
						},
						{
							"origin": [-0.53339, 0.99534, -11.24197],
							"size": [0.1, 0.75, 0.1],
							"pivot": [-0.48339, 0.90839, -11.65],
							"rotation": [-45, 0, 45],
							"uv": {
								"north": {"uv": [9, 25], "uv_size": [1, 1]},
								"east": {"uv": [10, 25], "uv_size": [1, 1]}
							}
						},
						{
							"origin": [-0.53339, 0.98928, -11.09804],
							"size": [0.1, 0.75141, 0.10925],
							"pivot": [-0.48339, 0.90839, -11.5],
							"rotation": [-45, 0, 45],
							"uv": {
								"east": {"uv": [25, 10], "uv_size": [1, 1]},
								"south": {"uv": [11, 25], "uv_size": [1, 1]}
							}
						},
						{
							"origin": [-0.53339, 0.99534, -10.79197],
							"size": [0.1, 0.75, 0.1],
							"pivot": [-0.48339, 0.90839, -11.2],
							"rotation": [-45, 0, 45],
							"uv": {
								"north": {"uv": [25, 11], "uv_size": [1, 1]},
								"east": {"uv": [12, 25], "uv_size": [1, 1]}
							}
						},
						{
							"origin": [-0.53339, 0.98928, -10.64804],
							"size": [0.1, 0.75141, 0.10925],
							"pivot": [-0.48339, 0.90839, -11.05],
							"rotation": [-45, 0, 45],
							"uv": {
								"east": {"uv": [13, 25], "uv_size": [1, 1]},
								"south": {"uv": [15, 25], "uv_size": [1, 1]}
							}
						},
						{
							"origin": [-0.53339, 0.99534, -10.34197],
							"size": [0.1, 0.75, 0.1],
							"pivot": [-0.48339, 0.90839, -10.75],
							"rotation": [-45, 0, 45],
							"uv": {
								"north": {"uv": [16, 25], "uv_size": [1, 1]},
								"east": {"uv": [17, 25], "uv_size": [1, 1]}
							}
						},
						{
							"origin": [-0.53339, 0.98928, -10.19804],
							"size": [0.1, 0.75141, 0.10925],
							"pivot": [-0.48339, 0.90839, -10.6],
							"rotation": [-45, 0, 45],
							"uv": {
								"east": {"uv": [18, 25], "uv_size": [1, 1]},
								"south": {"uv": [19, 25], "uv_size": [1, 1]}
							}
						},
						{
							"origin": [-0.53339, 0.99534, -9.89197],
							"size": [0.1, 0.75, 0.1],
							"pivot": [-0.48339, 0.90839, -10.3],
							"rotation": [-45, 0, 45],
							"uv": {
								"north": {"uv": [25, 19], "uv_size": [1, 1]},
								"east": {"uv": [20, 25], "uv_size": [1, 1]}
							}
						},
						{
							"origin": [-0.53339, 0.98928, -9.74804],
							"size": [0.1, 0.75141, 0.10925],
							"pivot": [-0.48339, 0.90839, -10.15],
							"rotation": [-45, 0, 45],
							"uv": {
								"east": {"uv": [25, 20], "uv_size": [1, 1]},
								"south": {"uv": [21, 25], "uv_size": [1, 1]}
							}
						},
						{
							"origin": [-0.53339, 0.99534, -9.44197],
							"size": [0.1, 0.75, 0.1],
							"pivot": [-0.48339, 0.90839, -9.85],
							"rotation": [-45, 0, 45],
							"uv": {
								"north": {"uv": [25, 21], "uv_size": [1, 1]},
								"east": {"uv": [22, 25], "uv_size": [1, 1]}
							}
						},
						{
							"origin": [-0.53339, 0.98928, -9.29804],
							"size": [0.1, 0.75141, 0.10925],
							"pivot": [-0.48339, 0.90839, -9.7],
							"rotation": [-45, 0, 45],
							"uv": {
								"east": {"uv": [25, 22], "uv_size": [1, 1]},
								"south": {"uv": [23, 25], "uv_size": [1, 1]}
							}
						},
						{
							"origin": [-0.53339, 0.99534, -8.99197],
							"size": [0.1, 0.75, 0.1],
							"pivot": [-0.48339, 0.90839, -9.4],
							"rotation": [-45, 0, 45],
							"uv": {
								"north": {"uv": [25, 23], "uv_size": [1, 1]},
								"east": {"uv": [24, 25], "uv_size": [1, 1]}
							}
						},
						{
							"origin": [-0.53339, 0.98928, -8.84804],
							"size": [0.1, 0.75141, 0.10925],
							"pivot": [-0.48339, 0.90839, -9.25],
							"rotation": [-45, 0, 45],
							"uv": {
								"east": {"uv": [25, 24], "uv_size": [1, 1]},
								"south": {"uv": [25, 25], "uv_size": [1, 1]}
							}
						},
						{
							"origin": [-0.53339, 0.99534, -8.54197],
							"size": [0.1, 0.75, 0.1],
							"pivot": [-0.48339, 0.90839, -8.95],
							"rotation": [-45, 0, 45],
							"uv": {
								"north": {"uv": [0, 26], "uv_size": [1, 1]},
								"east": {"uv": [26, 0], "uv_size": [1, 1]}
							}
						},
						{
							"origin": [-0.53339, 0.98928, -8.39804],
							"size": [0.1, 0.75141, 0.10925],
							"pivot": [-0.48339, 0.90839, -8.8],
							"rotation": [-45, 0, 45],
							"uv": {
								"east": {"uv": [1, 26], "uv_size": [1, 1]},
								"south": {"uv": [26, 1], "uv_size": [1, 1]}
							}
						},
						{
							"origin": [-0.53339, 0.99534, -8.09197],
							"size": [0.1, 0.75, 0.1],
							"pivot": [-0.48339, 0.90839, -8.5],
							"rotation": [-45, 0, 45],
							"uv": {
								"north": {"uv": [2, 26], "uv_size": [1, 1]},
								"east": {"uv": [26, 2], "uv_size": [1, 1]}
							}
						},
						{
							"origin": [-0.53339, 0.98928, -7.94804],
							"size": [0.1, 0.75141, 0.10925],
							"pivot": [-0.48339, 0.90839, -8.35],
							"rotation": [-45, 0, 45],
							"uv": {
								"east": {"uv": [3, 26], "uv_size": [1, 1]},
								"south": {"uv": [26, 3], "uv_size": [1, 1]}
							}
						},
						{
							"origin": [-0.75, 0.7125, -7.25],
							"size": [0.35, 0.65407, 8.2375],
							"pivot": [-0.75, 0.7125, 3.275],
							"rotation": [0, 0, 45],
							"uv": {
								"east": {"uv": [8, 12], "uv_size": [8, 1]},
								"south": {"uv": [4, 26], "uv_size": [1, 1]}
							}
						},
						{
							"origin": [-0.65, 0.8125, -14.25],
							"size": [0.25, 0.45407, 7],
							"pivot": [-0.75, 0.7125, -3.725],
							"rotation": [0, 0, 45],
							"uv": {
								"north": {"uv": [26, 4], "uv_size": [1, 1]},
								"east": {"uv": [8, 14], "uv_size": [7, 1]}
							}
						},
						{
							"origin": [-0.75, 1.26657, -13.25],
							"size": [0.1, 0.1, 6],
							"pivot": [-0.75, 0.7125, -3.725],
							"rotation": [0, 0, 45],
							"uv": {
								"east": {"uv": [15, 14], "uv_size": [6, 1]},
								"down": {"uv": [0, 21], "uv_size": [1, -6]}
							}
						},
						{
							"origin": [-0.75, 0.7125, -13.25],
							"size": [0.1, 0.1, 6],
							"pivot": [-0.75, 0.7125, -3.725],
							"rotation": [0, 0, 45],
							"uv": {
								"east": {"uv": [15, 15], "uv_size": [6, 1]},
								"up": {"uv": [1, 15], "uv_size": [1, 6]}
							}
						},
						{
							"origin": [0.21679, 0.55022, -7.35],
							"size": [0.1, 0.3125, 0.1],
							"pivot": [0.21679, 1.10429, -16.775],
							"rotation": [0, 0, -45],
							"uv": {
								"west": {"uv": [5, 26], "uv_size": [1, 1]}
							}
						},
						{
							"origin": [0.21679, 0.55022, -7.45],
							"size": [0.1, 0.2125, 0.1],
							"pivot": [0.21679, 1.10429, -16.75],
							"rotation": [0, 0, -45],
							"uv": {
								"west": {"uv": [26, 5], "uv_size": [1, 1]}
							}
						},
						{
							"origin": [0.21679, 0.55022, -7.5625],
							"size": [0.1, 0.1125, 0.1125],
							"pivot": [0.21679, 1.10429, -16.775],
							"rotation": [0, 0, -45],
							"uv": {
								"west": {"uv": [6, 26], "uv_size": [1, 1]}
							}
						},
						{
							"origin": [0.43339, 0.0761, -7.26121],
							"size": [0.1, 0.63928, 0.1],
							"pivot": [0.48339, 0.90839, -6.75],
							"rotation": [-45, 0, -45],
							"uv": {
								"north": {"uv": [26, 6], "uv_size": [1, 1]},
								"west": {"uv": [7, 26], "uv_size": [1, 1]}
							}
						},
						{
							"origin": [0.43339, 0.99534, -9.44197],
							"size": [0.1, 0.75, 0.1],
							"pivot": [0.48339, 0.90839, -9.85],
							"rotation": [-45, 0, -45],
							"uv": {
								"north": {"uv": [26, 7], "uv_size": [1, 1]},
								"west": {"uv": [8, 26], "uv_size": [1, 1]}
							}
						},
						{
							"origin": [0.43339, 0.98928, -9.29804],
							"size": [0.1, 0.75141, 0.10925],
							"pivot": [0.48339, 0.90839, -9.7],
							"rotation": [-45, 0, -45],
							"uv": {
								"south": {"uv": [9, 26], "uv_size": [1, 1]},
								"west": {"uv": [26, 9], "uv_size": [1, 1]}
							}
						},
						{
							"origin": [0.43339, 0.99534, -8.99197],
							"size": [0.1, 0.75, 0.1],
							"pivot": [0.48339, 0.90839, -9.4],
							"rotation": [-45, 0, -45],
							"uv": {
								"north": {"uv": [10, 26], "uv_size": [1, 1]},
								"west": {"uv": [26, 10], "uv_size": [1, 1]}
							}
						},
						{
							"origin": [0.43339, 0.98928, -8.84804],
							"size": [0.1, 0.75141, 0.10925],
							"pivot": [0.48339, 0.90839, -9.25],
							"rotation": [-45, 0, -45],
							"uv": {
								"south": {"uv": [11, 26], "uv_size": [1, 1]},
								"west": {"uv": [26, 11], "uv_size": [1, 1]}
							}
						},
						{
							"origin": [0.43339, 0.99534, -8.54197],
							"size": [0.1, 0.75, 0.1],
							"pivot": [0.48339, 0.90839, -8.95],
							"rotation": [-45, 0, -45],
							"uv": {
								"north": {"uv": [12, 26], "uv_size": [1, 1]},
								"west": {"uv": [26, 12], "uv_size": [1, 1]}
							}
						},
						{
							"origin": [0.43339, 0.98928, -8.39804],
							"size": [0.1, 0.75141, 0.10925],
							"pivot": [0.48339, 0.90839, -8.8],
							"rotation": [-45, 0, -45],
							"uv": {
								"south": {"uv": [13, 26], "uv_size": [1, 1]},
								"west": {"uv": [26, 13], "uv_size": [1, 1]}
							}
						},
						{
							"origin": [0.43339, 0.99534, -8.09197],
							"size": [0.1, 0.75, 0.1],
							"pivot": [0.48339, 0.90839, -8.5],
							"rotation": [-45, 0, -45],
							"uv": {
								"north": {"uv": [14, 26], "uv_size": [1, 1]},
								"west": {"uv": [26, 14], "uv_size": [1, 1]}
							}
						},
						{
							"origin": [0.43339, 0.98928, -7.94804],
							"size": [0.1, 0.75141, 0.10925],
							"pivot": [0.48339, 0.90839, -8.35],
							"rotation": [-45, 0, -45],
							"uv": {
								"south": {"uv": [15, 26], "uv_size": [1, 1]},
								"west": {"uv": [26, 15], "uv_size": [1, 1]}
							}
						},
						{
							"origin": [0.43339, 0.99534, -11.24197],
							"size": [0.1, 0.75, 0.1],
							"pivot": [0.48339, 0.90839, -11.65],
							"rotation": [-45, 0, -45],
							"uv": {
								"north": {"uv": [16, 26], "uv_size": [1, 1]},
								"west": {"uv": [26, 16], "uv_size": [1, 1]}
							}
						},
						{
							"origin": [0.43339, 0.98928, -11.09804],
							"size": [0.1, 0.75141, 0.10925],
							"pivot": [0.48339, 0.90839, -11.5],
							"rotation": [-45, 0, -45],
							"uv": {
								"south": {"uv": [17, 26], "uv_size": [1, 1]},
								"west": {"uv": [26, 17], "uv_size": [1, 1]}
							}
						},
						{
							"origin": [0.43339, 0.99534, -10.79197],
							"size": [0.1, 0.75, 0.1],
							"pivot": [0.48339, 0.90839, -11.2],
							"rotation": [-45, 0, -45],
							"uv": {
								"north": {"uv": [18, 26], "uv_size": [1, 1]},
								"west": {"uv": [26, 18], "uv_size": [1, 1]}
							}
						},
						{
							"origin": [0.43339, 0.98928, -10.64804],
							"size": [0.1, 0.75141, 0.10925],
							"pivot": [0.48339, 0.90839, -11.05],
							"rotation": [-45, 0, -45],
							"uv": {
								"south": {"uv": [19, 26], "uv_size": [1, 1]},
								"west": {"uv": [26, 19], "uv_size": [1, 1]}
							}
						},
						{
							"origin": [0.43339, 0.99534, -10.34197],
							"size": [0.1, 0.75, 0.1],
							"pivot": [0.48339, 0.90839, -10.75],
							"rotation": [-45, 0, -45],
							"uv": {
								"north": {"uv": [20, 26], "uv_size": [1, 1]},
								"west": {"uv": [26, 20], "uv_size": [1, 1]}
							}
						},
						{
							"origin": [0.43339, 0.98928, -10.19804],
							"size": [0.1, 0.75141, 0.10925],
							"pivot": [0.48339, 0.90839, -10.6],
							"rotation": [-45, 0, -45],
							"uv": {
								"south": {"uv": [21, 26], "uv_size": [1, 1]},
								"west": {"uv": [26, 21], "uv_size": [1, 1]}
							}
						},
						{
							"origin": [0.43339, 0.99534, -9.89197],
							"size": [0.1, 0.75, 0.1],
							"pivot": [0.48339, 0.90839, -10.3],
							"rotation": [-45, 0, -45],
							"uv": {
								"north": {"uv": [22, 26], "uv_size": [1, 1]},
								"west": {"uv": [26, 22], "uv_size": [1, 1]}
							}
						},
						{
							"origin": [0.43339, 0.98928, -9.74804],
							"size": [0.1, 0.75141, 0.10925],
							"pivot": [0.48339, 0.90839, -10.15],
							"rotation": [-45, 0, -45],
							"uv": {
								"south": {"uv": [23, 26], "uv_size": [1, 1]},
								"west": {"uv": [26, 23], "uv_size": [1, 1]}
							}
						},
						{
							"origin": [0.43339, 0.99534, -13.04197],
							"size": [0.1, 0.75, 0.1],
							"pivot": [0.48339, 0.90839, -13.45],
							"rotation": [-45, 0, -45],
							"uv": {
								"north": {"uv": [24, 26], "uv_size": [1, 1]},
								"west": {"uv": [26, 24], "uv_size": [1, 1]}
							}
						},
						{
							"origin": [0.43339, 0.98928, -12.89804],
							"size": [0.1, 0.75141, 0.10925],
							"pivot": [0.48339, 0.90839, -13.3],
							"rotation": [-45, 0, -45],
							"uv": {
								"south": {"uv": [25, 26], "uv_size": [1, 1]},
								"west": {"uv": [26, 25], "uv_size": [1, 1]}
							}
						},
						{
							"origin": [0.43339, 0.99534, -12.59197],
							"size": [0.1, 0.75, 0.1],
							"pivot": [0.48339, 0.90839, -13],
							"rotation": [-45, 0, -45],
							"uv": {
								"north": {"uv": [26, 26], "uv_size": [1, 1]},
								"west": {"uv": [0, 27], "uv_size": [1, 1]}
							}
						},
						{
							"origin": [0.43339, 0.98928, -12.44804],
							"size": [0.1, 0.75141, 0.10925],
							"pivot": [0.48339, 0.90839, -12.85],
							"rotation": [-45, 0, -45],
							"uv": {
								"south": {"uv": [27, 0], "uv_size": [1, 1]},
								"west": {"uv": [1, 27], "uv_size": [1, 1]}
							}
						},
						{
							"origin": [0.43339, 0.99534, -12.14197],
							"size": [0.1, 0.75, 0.1],
							"pivot": [0.48339, 0.90839, -12.55],
							"rotation": [-45, 0, -45],
							"uv": {
								"north": {"uv": [27, 1], "uv_size": [1, 1]},
								"west": {"uv": [2, 27], "uv_size": [1, 1]}
							}
						},
						{
							"origin": [0.43339, 0.98928, -11.99804],
							"size": [0.1, 0.75141, 0.10925],
							"pivot": [0.48339, 0.90839, -12.4],
							"rotation": [-45, 0, -45],
							"uv": {
								"south": {"uv": [27, 2], "uv_size": [1, 1]},
								"west": {"uv": [3, 27], "uv_size": [1, 1]}
							}
						},
						{
							"origin": [0.43339, 0.99534, -11.69197],
							"size": [0.1, 0.75, 0.1],
							"pivot": [0.48339, 0.90839, -12.1],
							"rotation": [-45, 0, -45],
							"uv": {
								"north": {"uv": [27, 3], "uv_size": [1, 1]},
								"west": {"uv": [4, 27], "uv_size": [1, 1]}
							}
						},
						{
							"origin": [0.43339, 0.98928, -11.54804],
							"size": [0.1, 0.75141, 0.10925],
							"pivot": [0.48339, 0.90839, -11.95],
							"rotation": [-45, 0, -45],
							"uv": {
								"south": {"uv": [27, 4], "uv_size": [1, 1]},
								"west": {"uv": [5, 27], "uv_size": [1, 1]}
							}
						},
						{
							"origin": [0.65, 1.15407, -13.05],
							"size": [0.1, 0.1125, 0.1125],
							"pivot": [0.75, 0.7125, -3.725],
							"rotation": [0, 0, -45],
							"uv": {
								"west": {"uv": [27, 5], "uv_size": [1, 1]}
							}
						},
						{
							"origin": [0.65, 1.05407, -13.15],
							"size": [0.1, 0.2125, 0.1],
							"pivot": [0.75, 0.7125, -3.75],
							"rotation": [0, 0, -45],
							"uv": {
								"west": {"uv": [6, 27], "uv_size": [1, 1]}
							}
						},
						{
							"origin": [0.65, 0.95407, -13.25],
							"size": [0.1, 0.3125, 0.1],
							"pivot": [0.75, 0.7125, -3.725],
							"rotation": [0, 0, -45],
							"uv": {
								"west": {"uv": [27, 6], "uv_size": [1, 1]}
							}
						},
						{
							"origin": [0.43339, 1.10141, -13.33879],
							"size": [0.1, 0.63928, 0.1],
							"pivot": [0.48339, 0.90839, -13.75],
							"rotation": [-45, 0, -45],
							"uv": {
								"south": {"uv": [7, 27], "uv_size": [1, 1]},
								"west": {"uv": [27, 7], "uv_size": [1, 1]}
							}
						},
						{
							"origin": [0.4, 0.7125, -7.25],
							"size": [0.35, 0.65407, 8.2375],
							"pivot": [0.75, 0.7125, 3.275],
							"rotation": [0, 0, -45],
							"uv": {
								"south": {"uv": [8, 27], "uv_size": [1, 1]},
								"west": {"uv": [8, 13], "uv_size": [8, 1]}
							}
						},
						{
							"origin": [0.4, 0.8125, -14.25],
							"size": [0.25, 0.45407, 7],
							"pivot": [0.75, 0.7125, -3.725],
							"rotation": [0, 0, -45],
							"uv": {
								"north": {"uv": [27, 8], "uv_size": [1, 1]},
								"west": {"uv": [8, 15], "uv_size": [7, 1]}
							}
						},
						{
							"origin": [0.65, 0.7125, -13.25],
							"size": [0.1, 0.1, 6],
							"pivot": [0.75, 0.7125, -3.725],
							"rotation": [0, 0, -45],
							"uv": {
								"west": {"uv": [8, 16], "uv_size": [6, 1]},
								"up": {"uv": [2, 15], "uv_size": [1, 6]}
							}
						},
						{
							"origin": [0.65, 1.26657, -13.25],
							"size": [0.1, 0.1, 6],
							"pivot": [0.75, 0.7125, -3.725],
							"rotation": [0, 0, -45],
							"uv": {
								"west": {"uv": [16, 8], "uv_size": [6, 1]},
								"down": {"uv": [3, 21], "uv_size": [1, -6]}
							}
						},
						{
							"origin": [0.65, 0.7125, -14.25],
							"size": [0.1, 0.65407, 1],
							"pivot": [0.75, 0.7125, -3.725],
							"rotation": [0, 0, -45],
							"uv": {
								"north": {"uv": [9, 27], "uv_size": [1, 1]},
								"west": {"uv": [27, 9], "uv_size": [1, 1]}
							}
						},
						{
							"origin": [1.46075, 0.27831, -14.25],
							"size": [0.3, 0.54801, 15],
							"pivot": [2.12236, -2.5742, -4.975],
							"rotation": [0, 0, -45],
							"uv": {
								"north": {"uv": [10, 27], "uv_size": [1, 1]},
								"east": {"uv": [4, 0], "uv_size": [15, 1]},
								"south": {"uv": [27, 10], "uv_size": [1, 1]}
							}
						},
						{
							"origin": [-0.75, -0.6375, -14.25],
							"size": [0.525, 1.35, 15],
							"uv": {
								"north": {"uv": [11, 27], "uv_size": [1, 1]},
								"east": {"uv": [4, 1], "uv_size": [15, 1]},
								"west": {"uv": [4, 2], "uv_size": [15, 1]}
							}
						},
						{
							"origin": [-0.15533, -0.375, -14.25],
							"size": [0.31066, 0.15, 14.05],
							"pivot": [0, 0, -12.6],
							"rotation": [0, 0, 45],
							"uv": {
								"north": {"uv": [27, 11], "uv_size": [1, 1]},
								"up": {"uv": [4, 6], "uv_size": [1, 14]}
							}
						},
						{
							"origin": [-0.375, -0.15533, -14.25],
							"size": [0.15, 0.31066, 14.05],
							"pivot": [0, 0, -12.6],
							"rotation": [0, 0, 45],
							"uv": {
								"north": {"uv": [12, 27], "uv_size": [1, 1]},
								"west": {"uv": [5, 6], "uv_size": [14, 1]}
							}
						},
						{
							"origin": [-1.76075, 0.27831, -14.25],
							"size": [0.3, 0.54801, 15],
							"pivot": [-2.12236, -2.5742, -4.975],
							"rotation": [0, 0, 45],
							"uv": {
								"north": {"uv": [27, 12], "uv_size": [1, 1]},
								"south": {"uv": [13, 27], "uv_size": [1, 1]},
								"west": {"uv": [4, 3], "uv_size": [15, 1]}
							}
						},
						{
							"origin": [0.225, -0.6375, -14.25],
							"size": [0.525, 1.35, 15],
							"uv": {
								"north": {"uv": [27, 13], "uv_size": [1, 1]},
								"east": {"uv": [4, 4], "uv_size": [15, 1]},
								"west": {"uv": [4, 5], "uv_size": [15, 1]}
							}
						},
						{
							"origin": [-0.15533, -0.375, -14.25],
							"size": [0.31066, 0.15, 14.05],
							"pivot": [0, 0, -12.6],
							"rotation": [0, 0, -45],
							"uv": {
								"north": {"uv": [14, 27], "uv_size": [1, 1]},
								"up": {"uv": [5, 7], "uv_size": [1, 14]}
							}
						},
						{
							"origin": [0.225, -0.15533, -14.25],
							"size": [0.15, 0.31066, 14.05],
							"pivot": [0, 0, -12.6],
							"rotation": [0, 0, -45],
							"uv": {
								"north": {"uv": [27, 14], "uv_size": [1, 1]},
								"east": {"uv": [6, 7], "uv_size": [14, 1]}
							}
						}
					]
				},
				{
					"name": "KRISS_MK1",
					"pivot": [-0.00575, 0.93297, -1.45625],
					"cubes": [
						{
							"origin": [-0.4, -1.3, -5.3],
							"size": [0.8, 0.2, 6],
							"uv": {
								"north": {"uv": [15, 27], "uv_size": [1, 1]},
								"south": {"uv": [27, 15], "uv_size": [1, 1]},
								"up": {"uv": [14, 16], "uv_size": [1, 6]},
								"down": {"uv": [15, 22], "uv_size": [1, -6]}
							}
						},
						{
							"origin": [-0.475, 1.925, -4.35],
							"size": [0.95, 0.275, 5.35],
							"uv": {
								"north": {"uv": [16, 27], "uv_size": [1, 1]},
								"south": {"uv": [27, 16], "uv_size": [1, 1]},
								"up": {"uv": [16, 19], "uv_size": [1, 5]},
								"down": {"uv": [17, 24], "uv_size": [1, -5]}
							}
						},
						{
							"origin": [-1.1, -0.4, 4.0625],
							"size": [0.2, 0.3, 0.3],
							"pivot": [-0.9, -0.25, 4.2125],
							"rotation": [45, 0, 0],
							"uv": {
								"north": {"uv": [17, 27], "uv_size": [1, 1]},
								"east": {"uv": [27, 17], "uv_size": [1, 1]},
								"south": {"uv": [18, 27], "uv_size": [1, 1]},
								"up": {"uv": [27, 18], "uv_size": [1, 1]},
								"down": {"uv": [19, 28], "uv_size": [1, -1]}
							}
						},
						{
							"origin": [-1.1, -0.4, 1.9375],
							"size": [0.2, 0.3, 0.3],
							"pivot": [-0.9, -0.25, 2.0875],
							"rotation": [45, 0, 0],
							"uv": {
								"north": {"uv": [27, 19], "uv_size": [1, 1]},
								"east": {"uv": [20, 27], "uv_size": [1, 1]},
								"south": {"uv": [27, 20], "uv_size": [1, 1]},
								"up": {"uv": [21, 27], "uv_size": [1, 1]},
								"down": {"uv": [27, 22], "uv_size": [1, -1]}
							}
						},
						{
							"origin": [-1, 0.44885, 4.74069],
							"size": [0.2, 0.25633, 0.51265],
							"pivot": [1.425, 0.6875, 4.175],
							"rotation": [-45, 0, 0],
							"uv": {
								"east": {"uv": [22, 27], "uv_size": [1, 1]},
								"west": {"uv": [27, 22], "uv_size": [1, 1]},
								"up": {"uv": [23, 27], "uv_size": [1, 1]}
							}
						},
						{
							"origin": [-0.675, 1.52451, -4.76679],
							"size": [0.2, 0.1, 0.21679],
							"uv": {
								"north": {"uv": [27, 23], "uv_size": [1, 1]},
								"west": {"uv": [24, 27], "uv_size": [1, 1]},
								"down": {"uv": [27, 25], "uv_size": [1, -1]}
							}
						},
						{
							"origin": [-0.675, 1.4125, -4.64943],
							"size": [0.2, 0.43358, 0.18693],
							"pivot": [-0.575, 1.7375, -4.3125],
							"rotation": [-30, 0, 0],
							"uv": {
								"north": {"uv": [25, 27], "uv_size": [1, 1]},
								"east": {"uv": [27, 25], "uv_size": [1, 1]},
								"west": {"uv": [26, 27], "uv_size": [1, 1]}
							}
						},
						{
							"origin": [-0.89933, 1.40067, -4.96123],
							"size": [0.19445, 0.47395, 0.20578],
							"pivot": [-0.89933, 1.40067, -4.96123],
							"rotation": [-30, 0, 45],
							"uv": {
								"north": {"uv": [27, 26], "uv_size": [1, 1]},
								"east": {"uv": [27, 27], "uv_size": [1, 1]},
								"west": {"uv": [0, 28], "uv_size": [1, 1]}
							}
						},
						{
							"origin": [-0.80461, 1.27936, -4.725],
							"size": [0.19445, 0.40565, 0.675],
							"pivot": [-0.70555, 1.45436, -4.1273],
							"rotation": [0, 0, 45],
							"uv": {
								"east": {"uv": [28, 0], "uv_size": [1, 1]},
								"south": {"uv": [1, 28], "uv_size": [1, 1]},
								"west": {"uv": [28, 1], "uv_size": [1, 1]}
							}
						},
						{
							"origin": [-0.675, 1.55, -4.55],
							"size": [0.2, 0.45, 0.5],
							"uv": {
								"east": {"uv": [2, 28], "uv_size": [1, 1]},
								"south": {"uv": [28, 2], "uv_size": [1, 1]},
								"west": {"uv": [3, 28], "uv_size": [1, 1]},
								"up": {"uv": [28, 3], "uv_size": [1, 1]}
							}
						},
						{
							"origin": [-0.80461, 1.27936, -4.05],
							"size": [0.19445, 0.08065, 0.075],
							"pivot": [-0.70555, 1.45436, -4.3477],
							"rotation": [0, 0, 45],
							"uv": {
								"east": {"uv": [4, 28], "uv_size": [1, 1]},
								"west": {"uv": [28, 4], "uv_size": [1, 1]}
							}
						},
						{
							"origin": [-0.80461, 0.82936, -4.2625],
							"size": [0.19445, 0.3125, 0.1],
							"pivot": [-0.70555, 1.45436, -4.5352],
							"rotation": [45, 0, 45],
							"uv": {
								"east": {"uv": [5, 28], "uv_size": [1, 1]},
								"south": {"uv": [28, 5], "uv_size": [1, 1]},
								"west": {"uv": [6, 28], "uv_size": [1, 1]}
							}
						},
						{
							"origin": [-0.675, 1.85, -4.05],
							"size": [0.2, 0.075, 0.075],
							"uv": {
								"east": {"uv": [28, 6], "uv_size": [1, 1]},
								"west": {"uv": [7, 28], "uv_size": [1, 1]}
							}
						},
						{
							"origin": [-0.675, 1.9125, -3.975],
							"size": [0.2, 0.3, 0.1],
							"pivot": [-0.575, 2.025, -4.2],
							"rotation": [-45, 0, 0],
							"uv": {
								"east": {"uv": [28, 7], "uv_size": [1, 1]},
								"south": {"uv": [8, 28], "uv_size": [1, 1]},
								"west": {"uv": [28, 8], "uv_size": [1, 1]}
							}
						},
						{
							"origin": [-0.80461, 1.27936, -1.65],
							"size": [0.19445, 0.08065, 0.075],
							"pivot": [-0.70555, 1.45436, -1.9477],
							"rotation": [0, 0, 45],
							"uv": {
								"east": {"uv": [9, 28], "uv_size": [1, 1]},
								"west": {"uv": [28, 9], "uv_size": [1, 1]}
							}
						},
						{
							"origin": [-0.80461, 0.82936, -1.8625],
							"size": [0.19445, 0.3125, 0.1],
							"pivot": [-0.70555, 1.45436, -2.1352],
							"rotation": [45, 0, 45],
							"uv": {
								"east": {"uv": [10, 28], "uv_size": [1, 1]},
								"south": {"uv": [28, 10], "uv_size": [1, 1]},
								"west": {"uv": [11, 28], "uv_size": [1, 1]}
							}
						},
						{
							"origin": [-0.675, 1.85, -1.65],
							"size": [0.2, 0.075, 0.075],
							"uv": {
								"east": {"uv": [28, 11], "uv_size": [1, 1]},
								"west": {"uv": [12, 28], "uv_size": [1, 1]}
							}
						},
						{
							"origin": [-0.675, 1.9125, -1.575],
							"size": [0.2, 0.3, 0.1],
							"pivot": [-0.575, 2.025, -1.8],
							"rotation": [-45, 0, 0],
							"uv": {
								"east": {"uv": [28, 12], "uv_size": [1, 1]},
								"south": {"uv": [13, 28], "uv_size": [1, 1]},
								"west": {"uv": [28, 13], "uv_size": [1, 1]}
							}
						},
						{
							"origin": [-0.80461, 1.27936, -2.1],
							"size": [0.19445, 0.40565, 0.45],
							"pivot": [-0.70555, 1.45436, -1.7273],
							"rotation": [0, 0, 45],
							"uv": {
								"north": {"uv": [14, 28], "uv_size": [1, 1]},
								"east": {"uv": [28, 14], "uv_size": [1, 1]},
								"south": {"uv": [15, 28], "uv_size": [1, 1]},
								"west": {"uv": [28, 15], "uv_size": [1, 1]}
							}
						},
						{
							"origin": [-0.675, 1.55, -2.1],
							"size": [0.2, 0.375, 0.45],
							"uv": {
								"north": {"uv": [16, 28], "uv_size": [1, 1]},
								"east": {"uv": [28, 16], "uv_size": [1, 1]},
								"south": {"uv": [17, 28], "uv_size": [1, 1]},
								"west": {"uv": [28, 17], "uv_size": [1, 1]}
							}
						},
						{
							"origin": [-0.675, 1.85, -2.175],
							"size": [0.2, 0.075, 0.075],
							"uv": {
								"east": {"uv": [18, 28], "uv_size": [1, 1]},
								"west": {"uv": [28, 18], "uv_size": [1, 1]}
							}
						},
						{
							"origin": [-0.675, 1.9125, -2.275],
							"size": [0.2, 0.3, 0.1],
							"pivot": [-0.575, 2.025, -1.95],
							"rotation": [45, 0, 0],
							"uv": {
								"north": {"uv": [19, 28], "uv_size": [1, 1]},
								"east": {"uv": [28, 19], "uv_size": [1, 1]},
								"west": {"uv": [20, 28], "uv_size": [1, 1]}
							}
						},
						{
							"origin": [-0.80461, 1.27936, -2.175],
							"size": [0.19445, 0.08065, 0.075],
							"pivot": [-0.70555, 1.45436, -1.8023],
							"rotation": [0, 0, 45],
							"uv": {
								"east": {"uv": [28, 20], "uv_size": [1, 1]},
								"west": {"uv": [21, 28], "uv_size": [1, 1]}
							}
						},
						{
							"origin": [-0.80461, 0.82936, -1.9875],
							"size": [0.19445, 0.3125, 0.1],
							"pivot": [-0.70555, 1.45436, -1.6148],
							"rotation": [-45, 0, 45],
							"uv": {
								"north": {"uv": [28, 21], "uv_size": [1, 1]},
								"east": {"uv": [22, 28], "uv_size": [1, 1]},
								"west": {"uv": [28, 22], "uv_size": [1, 1]}
							}
						},
						{
							"origin": [-0.80461, 1.27936, 0.225],
							"size": [0.19445, 0.08065, 0.075],
							"pivot": [-0.70555, 1.45436, 0.5977],
							"rotation": [0, 0, 45],
							"uv": {
								"east": {"uv": [23, 28], "uv_size": [1, 1]},
								"west": {"uv": [28, 23], "uv_size": [1, 1]}
							}
						},
						{
							"origin": [-0.80461, 0.82936, 0.4125],
							"size": [0.19445, 0.3125, 0.1],
							"pivot": [-0.70555, 1.45436, 0.7852],
							"rotation": [-45, 0, 45],
							"uv": {
								"north": {"uv": [24, 28], "uv_size": [1, 1]},
								"east": {"uv": [28, 24], "uv_size": [1, 1]},
								"west": {"uv": [25, 28], "uv_size": [1, 1]}
							}
						},
						{
							"origin": [-0.80461, 1.137, -4.96123],
							"size": [0.19445, 0.14236, 5.26123],
							"pivot": [-0.70555, 1.45436, 0.6727],
							"rotation": [0, 0, 45],
							"uv": {
								"north": {"uv": [28, 25], "uv_size": [1, 1]},
								"east": {"uv": [19, 4], "uv_size": [5, 1]},
								"west": {"uv": [19, 5], "uv_size": [5, 1]},
								"up": {"uv": [18, 19], "uv_size": [1, 5]}
							}
						},
						{
							"origin": [-0.675, 1.85, 0.225],
							"size": [0.2, 0.075, 0.075],
							"uv": {
								"east": {"uv": [26, 28], "uv_size": [1, 1]},
								"west": {"uv": [28, 26], "uv_size": [1, 1]}
							}
						},
						{
							"origin": [-0.675, 1.9125, 0.125],
							"size": [0.2, 0.3, 0.1],
							"pivot": [-0.575, 2.025, 0.45],
							"rotation": [45, 0, 0],
							"uv": {
								"north": {"uv": [27, 28], "uv_size": [1, 1]},
								"east": {"uv": [28, 27], "uv_size": [1, 1]},
								"west": {"uv": [28, 28], "uv_size": [1, 1]}
							}
						},
						{
							"origin": [-0.80461, 1.137, 0.3],
							"size": [0.19445, 0.54801, 0.7],
							"pivot": [-0.70555, 1.45436, 0.6727],
							"rotation": [0, 0, 45],
							"uv": {
								"north": {"uv": [0, 29], "uv_size": [1, 1]},
								"east": {"uv": [29, 0], "uv_size": [1, 1]},
								"south": {"uv": [1, 29], "uv_size": [1, 1]},
								"west": {"uv": [29, 1], "uv_size": [1, 1]}
							}
						},
						{
							"origin": [-0.675, 1.55, 0.3],
							"size": [0.2, 0.45, 0.7],
							"uv": {
								"north": {"uv": [2, 29], "uv_size": [1, 1]},
								"east": {"uv": [29, 2], "uv_size": [1, 1]},
								"south": {"uv": [3, 29], "uv_size": [1, 1]},
								"west": {"uv": [29, 3], "uv_size": [1, 1]}
							}
						},
						{
							"origin": [-0.675, 1.925, -4.05],
							"size": [0.2, 0.075, 4.35],
							"uv": {
								"east": {"uv": [22, 9], "uv_size": [4, 1]},
								"west": {"uv": [22, 12], "uv_size": [4, 1]},
								"down": {"uv": [2, 25], "uv_size": [1, -4]}
							}
						},
						{
							"origin": [-0.44194, 1.53735, -4.35],
							"size": [0.14142, 0.28284, 5.35],
							"pivot": [0, 2.05, -1.675],
							"rotation": [0, 0, 45],
							"uv": {
								"north": {"uv": [4, 29], "uv_size": [1, 1]},
								"east": {"uv": [19, 6], "uv_size": [5, 1]},
								"south": {"uv": [29, 4], "uv_size": [1, 1]},
								"west": {"uv": [19, 19], "uv_size": [5, 1]},
								"down": {"uv": [4, 25], "uv_size": [1, -5]}
							}
						},
						{
							"origin": [-0.90607, -0.96412, 0.33306],
							"size": [0.2, 0.35355, 0.70711],
							"pivot": [-0.80607, -0.75251, 1.075],
							"rotation": [45, 0, -45],
							"uv": {
								"east": {"uv": [5, 29], "uv_size": [1, 1]},
								"west": {"uv": [29, 5], "uv_size": [1, 1]},
								"down": {"uv": [6, 30], "uv_size": [1, -1]}
							}
						},
						{
							"origin": [-1.05871, 0.98473, 0.7],
							"size": [0.2, 0.34853, 4.25],
							"pivot": [1.425, 0.3875, 10.4],
							"rotation": [0, 0, -45],
							"uv": {
								"east": {"uv": [22, 13], "uv_size": [4, 1]},
								"south": {"uv": [29, 6], "uv_size": [1, 1]},
								"west": {"uv": [22, 16], "uv_size": [4, 1]},
								"down": {"uv": [3, 25], "uv_size": [1, -4]}
							}
						},
						{
							"origin": [-1.05871, 0.48473, -5.3],
							"size": [0.2, 0.84853, 6],
							"pivot": [1.425, 0.3875, 4.15],
							"rotation": [0, 0, -45],
							"uv": {
								"north": {"uv": [7, 29], "uv_size": [1, 1]},
								"east": {"uv": [16, 9], "uv_size": [6, 1]},
								"west": {"uv": [16, 12], "uv_size": [6, 1]}
							}
						},
						{
							"origin": [-1, 0.60461, -4.90266],
							"size": [0.2, 0.67754, 0.30266],
							"pivot": [-1, 1.4, -4.9],
							"rotation": [-30, 0, 0],
							"uv": {
								"north": {"uv": [29, 7], "uv_size": [1, 1]},
								"east": {"uv": [8, 29], "uv_size": [1, 1]},
								"west": {"uv": [29, 8], "uv_size": [1, 1]}
							}
						},
						{
							"origin": [-1, 0.55, -5.05],
							"size": [0.2, 0.55, 0.3],
							"uv": {
								"east": {"uv": [9, 29], "uv_size": [1, 1]},
								"south": {"uv": [29, 9], "uv_size": [1, 1]},
								"west": {"uv": [10, 29], "uv_size": [1, 1]}
							}
						},
						{
							"origin": [-1, 0.9135, -4.51386],
							"size": [0.2, 0.14142, 0.28284],
							"pivot": [1.425, 1.1875, -5],
							"rotation": [-45, 0, 0],
							"uv": {
								"east": {"uv": [29, 10], "uv_size": [1, 1]},
								"west": {"uv": [11, 29], "uv_size": [1, 1]},
								"up": {"uv": [29, 11], "uv_size": [1, 1]}
							}
						},
						{
							"origin": [-1, 0.59508, -4.51386],
							"size": [0.2, 0.14142, 0.28284],
							"pivot": [1.425, 0.4625, -5],
							"rotation": [45, 0, 0],
							"uv": {
								"east": {"uv": [12, 29], "uv_size": [1, 1]},
								"west": {"uv": [29, 12], "uv_size": [1, 1]},
								"down": {"uv": [13, 30], "uv_size": [1, -1]}
							}
						},
						{
							"origin": [-1, 0.14508, 0.88614],
							"size": [0.2, 0.14142, 0.28284],
							"pivot": [1.425, 0.0125, 0.4],
							"rotation": [45, 0, 0],
							"uv": {
								"east": {"uv": [29, 13], "uv_size": [1, 1]},
								"west": {"uv": [14, 29], "uv_size": [1, 1]},
								"up": {"uv": [29, 14], "uv_size": [1, 1]}
							}
						},
						{
							"origin": [-1, 1.3635, 0.88614],
							"size": [0.2, 0.14142, 0.28284],
							"pivot": [1.425, 1.6375, 0.4],
							"rotation": [-45, 0, 0],
							"uv": {
								"east": {"uv": [15, 29], "uv_size": [1, 1]},
								"west": {"uv": [29, 15], "uv_size": [1, 1]},
								"down": {"uv": [16, 30], "uv_size": [1, -1]}
							}
						},
						{
							"origin": [-1, 0.80743, -1.05632],
							"size": [0.2, 0.24749, 1.0253],
							"pivot": [1.425, 1.1875, -0.8],
							"rotation": [-45, 0, 0],
							"uv": {
								"east": {"uv": [29, 16], "uv_size": [1, 1]},
								"west": {"uv": [17, 29], "uv_size": [1, 1]},
								"up": {"uv": [29, 17], "uv_size": [1, 1]},
								"down": {"uv": [18, 30], "uv_size": [1, -1]}
							}
						},
						{
							"origin": [-1, 0.59508, -3.48132],
							"size": [0.2, 0.24749, 1.0253],
							"pivot": [1.425, 0.4625, -3.225],
							"rotation": [45, 0, 0],
							"uv": {
								"east": {"uv": [31, 9], "uv_size": [1, 1]},
								"west": {"uv": [10, 31], "uv_size": [1, 1]},
								"up": {"uv": [31, 10], "uv_size": [1, 1]},
								"down": {"uv": [11, 32], "uv_size": [1, -1]}
							}
						},
						{
							"origin": [-1, 0.80743, -3.48132],
							"size": [0.2, 0.24749, 1.0253],
							"pivot": [1.425, 1.1875, -3.225],
							"rotation": [-45, 0, 0],
							"uv": {
								"east": {"uv": [31, 7], "uv_size": [1, 1]},
								"west": {"uv": [8, 31], "uv_size": [1, 1]},
								"up": {"uv": [31, 8], "uv_size": [1, 1]},
								"down": {"uv": [9, 32], "uv_size": [1, -1]}
							}
						},
						{
							"origin": [-1, -0.35492, -1.05632],
							"size": [0.2, 0.24749, 1.0253],
							"pivot": [1.425, -0.4875, -0.8],
							"rotation": [45, 0, 0],
							"uv": {
								"east": {"uv": [31, 17], "uv_size": [1, 1]},
								"west": {"uv": [18, 31], "uv_size": [1, 1]},
								"up": {"uv": [31, 18], "uv_size": [1, 1]},
								"down": {"uv": [19, 32], "uv_size": [1, -1]}
							}
						},
						{
							"origin": [-1, -0.14257, -1.05632],
							"size": [0.2, 0.24749, 1.0253],
							"pivot": [1.425, 0.2375, -0.8],
							"rotation": [-45, 0, 0],
							"uv": {
								"east": {"uv": [31, 15], "uv_size": [1, 1]},
								"west": {"uv": [16, 31], "uv_size": [1, 1]},
								"up": {"uv": [31, 16], "uv_size": [1, 1]},
								"down": {"uv": [17, 32], "uv_size": [1, -1]}
							}
						},
						{
							"origin": [-1, -0.35492, -3.48132],
							"size": [0.2, 0.24749, 1.0253],
							"pivot": [1.425, -0.4875, -3.225],
							"rotation": [45, 0, 0],
							"uv": {
								"east": {"uv": [31, 13], "uv_size": [1, 1]},
								"west": {"uv": [14, 31], "uv_size": [1, 1]},
								"up": {"uv": [31, 14], "uv_size": [1, 1]},
								"down": {"uv": [15, 32], "uv_size": [1, -1]}
							}
						},
						{
							"origin": [-1, -0.14257, -3.48132],
							"size": [0.2, 0.24749, 1.0253],
							"pivot": [1.425, 0.2375, -3.225],
							"rotation": [-45, 0, 0],
							"uv": {
								"east": {"uv": [31, 11], "uv_size": [1, 1]},
								"west": {"uv": [12, 31], "uv_size": [1, 1]},
								"up": {"uv": [31, 12], "uv_size": [1, 1]},
								"down": {"uv": [13, 32], "uv_size": [1, -1]}
							}
						},
						{
							"origin": [-1, 0.59508, -1.05632],
							"size": [0.2, 0.24749, 1.0253],
							"pivot": [1.425, 0.4625, -0.8],
							"rotation": [45, 0, 0],
							"uv": {
								"east": {"uv": [29, 18], "uv_size": [1, 1]},
								"west": {"uv": [19, 29], "uv_size": [1, 1]},
								"up": {"uv": [29, 19], "uv_size": [1, 1]},
								"down": {"uv": [20, 30], "uv_size": [1, -1]}
							}
						},
						{
							"origin": [-1, -0.0365, -4.76386],
							"size": [0.2, 0.14142, 0.28284],
							"pivot": [1.425, 0.2375, -5.25],
							"rotation": [-45, 0, 0],
							"uv": {
								"east": {"uv": [29, 20], "uv_size": [1, 1]},
								"west": {"uv": [21, 29], "uv_size": [1, 1]},
								"up": {"uv": [29, 21], "uv_size": [1, 1]}
							}
						},
						{
							"origin": [-1, -0.35492, -4.76386],
							"size": [0.2, 0.14142, 0.28284],
							"pivot": [1.425, -0.4875, -5.25],
							"rotation": [45, 0, 0],
							"uv": {
								"east": {"uv": [22, 29], "uv_size": [1, 1]},
								"west": {"uv": [29, 22], "uv_size": [1, 1]},
								"down": {"uv": [23, 30], "uv_size": [1, -1]}
							}
						},
						{
							"origin": [-1, -0.80492, 1.33614],
							"size": [0.2, 0.14142, 0.28284],
							"pivot": [1.425, -0.9375, 0.85],
							"rotation": [45, 0, 0],
							"uv": {
								"east": {"uv": [29, 23], "uv_size": [1, 1]},
								"west": {"uv": [24, 29], "uv_size": [1, 1]},
								"up": {"uv": [29, 24], "uv_size": [1, 1]}
							}
						},
						{
							"origin": [-1, 0.4135, 1.33614],
							"size": [0.2, 0.14142, 0.28284],
							"pivot": [1.425, 0.6875, 0.85],
							"rotation": [-45, 0, 0],
							"uv": {
								"east": {"uv": [25, 29], "uv_size": [1, 1]},
								"west": {"uv": [29, 25], "uv_size": [1, 1]},
								"down": {"uv": [26, 30], "uv_size": [1, -1]}
							}
						},
						{
							"origin": [-1, 0.55, 0.75],
							"size": [0.2, 0.55, 0.25],
							"uv": {
								"north": {"uv": [31, 19], "uv_size": [1, 1]},
								"east": {"uv": [20, 31], "uv_size": [1, 1]},
								"west": {"uv": [31, 20], "uv_size": [1, 1]}
							}
						},
						{
							"origin": [-1, 0.55, 1],
							"size": [0.2, 0.25, 0.15],
							"uv": {
								"east": {"uv": [21, 31], "uv_size": [1, 1]},
								"west": {"uv": [31, 21], "uv_size": [1, 1]}
							}
						},
						{
							"origin": [-1, -0.7, -5.3],
							"size": [0.2, 1.4125, 0.3],
							"uv": {
								"north": {"uv": [29, 26], "uv_size": [1, 1]},
								"east": {"uv": [27, 29], "uv_size": [1, 1]},
								"south": {"uv": [29, 27], "uv_size": [1, 1]},
								"west": {"uv": [28, 29], "uv_size": [1, 1]}
							}
						},
						{
							"origin": [-1, -0.7, -5],
							"size": [0.2, 0.3, 9.95],
							"uv": {
								"east": {"uv": [6, 8], "uv_size": [10, 1]},
								"south": {"uv": [29, 28], "uv_size": [1, 1]},
								"west": {"uv": [6, 9], "uv_size": [10, 1]},
								"up": {"uv": [6, 10], "uv_size": [1, 10]}
							}
						},
						{
							"origin": [-1, 0.12322, 0.7],
							"size": [0.2, 1.19018, 0.25],
							"pivot": [-1, 1.4, 1],
							"rotation": [30, 0, 0],
							"uv": {
								"east": {"uv": [29, 29], "uv_size": [1, 1]},
								"south": {"uv": [0, 30], "uv_size": [1, 1]},
								"west": {"uv": [30, 0], "uv_size": [1, 1]}
							}
						},
						{
							"origin": [-1, -0.4, -3.5],
							"size": [0.2, 1.5, 0.55],
							"uv": {
								"north": {"uv": [1, 30], "uv_size": [1, 1]},
								"east": {"uv": [30, 1], "uv_size": [1, 1]},
								"south": {"uv": [2, 30], "uv_size": [1, 1]},
								"west": {"uv": [30, 2], "uv_size": [1, 1]}
							}
						},
						{
							"origin": [-1, -0.4, -1.05],
							"size": [0.2, 1.5, 0.5],
							"uv": {
								"north": {"uv": [3, 30], "uv_size": [1, 1]},
								"east": {"uv": [30, 3], "uv_size": [1, 1]},
								"south": {"uv": [4, 30], "uv_size": [1, 1]},
								"west": {"uv": [30, 4], "uv_size": [1, 1]}
							}
						},
						{
							"origin": [-1, 1.1, -4.96123],
							"size": [0.2, 0.2, 5.96123],
							"uv": {
								"east": {"uv": [16, 13], "uv_size": [6, 1]},
								"west": {"uv": [16, 16], "uv_size": [6, 1]},
								"down": {"uv": [8, 23], "uv_size": [1, -6]}
							}
						},
						{
							"origin": [-1, 0.15, -5],
							"size": [0.2, 0.4, 6.3],
							"uv": {
								"east": {"uv": [17, 10], "uv_size": [6, 1]},
								"west": {"uv": [17, 11], "uv_size": [6, 1]},
								"up": {"uv": [9, 17], "uv_size": [1, 6]},
								"down": {"uv": [10, 23], "uv_size": [1, -6]}
							}
						},
						{
							"origin": [-1, -0.4, 1.2],
							"size": [0.2, 0.7, 1.3],
							"uv": {
								"north": {"uv": [5, 30], "uv_size": [1, 1]},
								"east": {"uv": [30, 5], "uv_size": [1, 1]},
								"south": {"uv": [6, 30], "uv_size": [1, 1]},
								"west": {"uv": [30, 6], "uv_size": [1, 1]},
								"up": {"uv": [7, 30], "uv_size": [1, 1]}
							}
						},
						{
							"origin": [-1, -0.0625, 2.5],
							"size": [0.2, 0.3625, 2.0875],
							"uv": {
								"east": {"uv": [23, 11], "uv_size": [2, 1]},
								"west": {"uv": [19, 23], "uv_size": [2, 1]},
								"up": {"uv": [15, 22], "uv_size": [1, 2]},
								"down": {"uv": [13, 25], "uv_size": [1, -2]}
							}
						},
						{
							"origin": [-1, -0.4, 3.8],
							"size": [0.2, 0.3375, 1.15],
							"uv": {
								"north": {"uv": [30, 7], "uv_size": [1, 1]},
								"east": {"uv": [8, 30], "uv_size": [1, 1]},
								"south": {"uv": [30, 8], "uv_size": [1, 1]},
								"west": {"uv": [9, 30], "uv_size": [1, 1]}
							}
						},
						{
							"origin": [0.8, 0.55, 1],
							"size": [0.2, 0.25, 0.15],
							"uv": {
								"east": {"uv": [16, 34], "uv_size": [1, 1]},
								"west": {"uv": [34, 16], "uv_size": [1, 1]}
							}
						},
						{
							"origin": [0.8, 0.55, 0.75],
							"size": [0.2, 0.55, 0.25],
							"uv": {
								"north": {"uv": [34, 14], "uv_size": [1, 1]},
								"east": {"uv": [15, 34], "uv_size": [1, 1]},
								"west": {"uv": [34, 15], "uv_size": [1, 1]}
							}
						},
						{
							"origin": [0.8, -0.35492, -1.05632],
							"size": [0.2, 0.24749, 1.0253],
							"pivot": [-1.425, -0.4875, -0.8],
							"rotation": [45, 0, 0],
							"uv": {
								"east": {"uv": [34, 12], "uv_size": [1, 1]},
								"west": {"uv": [13, 34], "uv_size": [1, 1]},
								"up": {"uv": [34, 13], "uv_size": [1, 1]},
								"down": {"uv": [14, 35], "uv_size": [1, -1]}
							}
						},
						{
							"origin": [0.8, -0.14257, -1.05632],
							"size": [0.2, 0.24749, 1.0253],
							"pivot": [-1.425, 0.2375, -0.8],
							"rotation": [-45, 0, 0],
							"uv": {
								"east": {"uv": [34, 10], "uv_size": [1, 1]},
								"west": {"uv": [11, 34], "uv_size": [1, 1]},
								"up": {"uv": [34, 11], "uv_size": [1, 1]},
								"down": {"uv": [12, 35], "uv_size": [1, -1]}
							}
						},
						{
							"origin": [0.8, -0.35492, -3.48132],
							"size": [0.2, 0.24749, 1.0253],
							"pivot": [-1.425, -0.4875, -3.225],
							"rotation": [45, 0, 0],
							"uv": {
								"east": {"uv": [34, 8], "uv_size": [1, 1]},
								"west": {"uv": [9, 34], "uv_size": [1, 1]},
								"up": {"uv": [34, 9], "uv_size": [1, 1]},
								"down": {"uv": [10, 35], "uv_size": [1, -1]}
							}
						},
						{
							"origin": [0.8, -0.14257, -3.48132],
							"size": [0.2, 0.24749, 1.0253],
							"pivot": [-1.425, 0.2375, -3.225],
							"rotation": [-45, 0, 0],
							"uv": {
								"east": {"uv": [34, 6], "uv_size": [1, 1]},
								"west": {"uv": [7, 34], "uv_size": [1, 1]},
								"up": {"uv": [34, 7], "uv_size": [1, 1]},
								"down": {"uv": [8, 35], "uv_size": [1, -1]}
							}
						},
						{
							"origin": [0.8, 0.59508, -3.48132],
							"size": [0.2, 0.24749, 1.0253],
							"pivot": [-1.425, 0.4625, -3.225],
							"rotation": [45, 0, 0],
							"uv": {
								"east": {"uv": [34, 4], "uv_size": [1, 1]},
								"west": {"uv": [5, 34], "uv_size": [1, 1]},
								"up": {"uv": [34, 5], "uv_size": [1, 1]},
								"down": {"uv": [6, 35], "uv_size": [1, -1]}
							}
						},
						{
							"origin": [0.8, 0.80743, -3.48132],
							"size": [0.2, 0.24749, 1.0253],
							"pivot": [-1.425, 1.1875, -3.225],
							"rotation": [-45, 0, 0],
							"uv": {
								"east": {"uv": [34, 2], "uv_size": [1, 1]},
								"west": {"uv": [3, 34], "uv_size": [1, 1]},
								"up": {"uv": [34, 3], "uv_size": [1, 1]},
								"down": {"uv": [4, 35], "uv_size": [1, -1]}
							}
						},
						{
							"origin": [0.8, -0.4, 3.8],
							"size": [0.2, 0.3375, 1.15],
							"uv": {
								"north": {"uv": [34, 0], "uv_size": [1, 1]},
								"east": {"uv": [1, 34], "uv_size": [1, 1]},
								"south": {"uv": [34, 1], "uv_size": [1, 1]},
								"west": {"uv": [2, 34], "uv_size": [1, 1]}
							}
						},
						{
							"origin": [0.8, -0.0625, 2.5],
							"size": [0.2, 0.3625, 2.0875],
							"uv": {
								"east": {"uv": [21, 23], "uv_size": [2, 1]},
								"west": {"uv": [23, 22], "uv_size": [2, 1]},
								"up": {"uv": [23, 23], "uv_size": [1, 2]},
								"down": {"uv": [24, 6], "uv_size": [1, -2]}
							}
						},
						{
							"origin": [0.8, -0.4, 1.2],
							"size": [0.2, 0.7, 1.3],
							"uv": {
								"north": {"uv": [33, 31], "uv_size": [1, 1]},
								"east": {"uv": [32, 33], "uv_size": [1, 1]},
								"south": {"uv": [33, 32], "uv_size": [1, 1]},
								"west": {"uv": [33, 33], "uv_size": [1, 1]},
								"up": {"uv": [0, 34], "uv_size": [1, 1]}
							}
						},
						{
							"origin": [0.8, 0.15, -5],
							"size": [0.2, 0.4, 6.3],
							"uv": {
								"east": {"uv": [19, 2], "uv_size": [6, 1]},
								"west": {"uv": [19, 3], "uv_size": [6, 1]},
								"up": {"uv": [12, 17], "uv_size": [1, 6]},
								"down": {"uv": [13, 23], "uv_size": [1, -6]}
							}
						},
						{
							"origin": [0.8, 1.1, -4.96123],
							"size": [0.2, 0.2, 5.96123],
							"uv": {
								"east": {"uv": [19, 0], "uv_size": [6, 1]},
								"west": {"uv": [19, 1], "uv_size": [6, 1]},
								"down": {"uv": [11, 23], "uv_size": [1, -6]}
							}
						},
						{
							"origin": [0.8, -0.4, -1.05],
							"size": [0.2, 1.5, 0.5],
							"uv": {
								"north": {"uv": [33, 29], "uv_size": [1, 1]},
								"east": {"uv": [30, 33], "uv_size": [1, 1]},
								"south": {"uv": [33, 30], "uv_size": [1, 1]},
								"west": {"uv": [31, 33], "uv_size": [1, 1]}
							}
						},
						{
							"origin": [0.8, -0.4, -3.5],
							"size": [0.2, 1.5, 0.55],
							"uv": {
								"north": {"uv": [33, 27], "uv_size": [1, 1]},
								"east": {"uv": [28, 33], "uv_size": [1, 1]},
								"south": {"uv": [33, 28], "uv_size": [1, 1]},
								"west": {"uv": [29, 33], "uv_size": [1, 1]}
							}
						},
						{
							"origin": [0.8, 0.12322, 0.7],
							"size": [0.2, 1.19018, 0.25],
							"pivot": [1, 1.4, 1],
							"rotation": [30, 0, 0],
							"uv": {
								"east": {"uv": [26, 33], "uv_size": [1, 1]},
								"south": {"uv": [33, 26], "uv_size": [1, 1]},
								"west": {"uv": [27, 33], "uv_size": [1, 1]}
							}
						},
						{
							"origin": [0.8, -0.7, -5],
							"size": [0.2, 0.3, 9.95],
							"uv": {
								"east": {"uv": [7, 10], "uv_size": [10, 1]},
								"south": {"uv": [33, 25], "uv_size": [1, 1]},
								"west": {"uv": [7, 11], "uv_size": [10, 1]},
								"up": {"uv": [7, 12], "uv_size": [1, 10]}
							}
						},
						{
							"origin": [0.8, -0.7, -5.3],
							"size": [0.2, 1.4125, 0.3],
							"uv": {
								"north": {"uv": [33, 23], "uv_size": [1, 1]},
								"east": {"uv": [24, 33], "uv_size": [1, 1]},
								"south": {"uv": [33, 24], "uv_size": [1, 1]},
								"west": {"uv": [25, 33], "uv_size": [1, 1]}
							}
						},
						{
							"origin": [0.8, 0.4135, 1.33614],
							"size": [0.2, 0.14142, 0.28284],
							"pivot": [-1.425, 0.6875, 0.85],
							"rotation": [-45, 0, 0],
							"uv": {
								"east": {"uv": [22, 33], "uv_size": [1, 1]},
								"west": {"uv": [33, 22], "uv_size": [1, 1]},
								"down": {"uv": [23, 34], "uv_size": [1, -1]}
							}
						},
						{
							"origin": [0.8, -0.80492, 1.33614],
							"size": [0.2, 0.14142, 0.28284],
							"pivot": [-1.425, -0.9375, 0.85],
							"rotation": [45, 0, 0],
							"uv": {
								"east": {"uv": [33, 20], "uv_size": [1, 1]},
								"west": {"uv": [21, 33], "uv_size": [1, 1]},
								"up": {"uv": [33, 21], "uv_size": [1, 1]}
							}
						},
						{
							"origin": [0.8, -0.35492, -4.76386],
							"size": [0.2, 0.14142, 0.28284],
							"pivot": [-1.425, -0.4875, -5.25],
							"rotation": [45, 0, 0],
							"uv": {
								"east": {"uv": [19, 33], "uv_size": [1, 1]},
								"west": {"uv": [33, 19], "uv_size": [1, 1]},
								"down": {"uv": [20, 34], "uv_size": [1, -1]}
							}
						},
						{
							"origin": [0.8, -0.0365, -4.76386],
							"size": [0.2, 0.14142, 0.28284],
							"pivot": [-1.425, 0.2375, -5.25],
							"rotation": [-45, 0, 0],
							"uv": {
								"east": {"uv": [33, 17], "uv_size": [1, 1]},
								"west": {"uv": [18, 33], "uv_size": [1, 1]},
								"up": {"uv": [33, 18], "uv_size": [1, 1]}
							}
						},
						{
							"origin": [0.8, 0.59508, -1.05632],
							"size": [0.2, 0.24749, 1.0253],
							"pivot": [-1.425, 0.4625, -0.8],
							"rotation": [45, 0, 0],
							"uv": {
								"east": {"uv": [33, 15], "uv_size": [1, 1]},
								"west": {"uv": [16, 33], "uv_size": [1, 1]},
								"up": {"uv": [33, 16], "uv_size": [1, 1]},
								"down": {"uv": [17, 34], "uv_size": [1, -1]}
							}
						},
						{
							"origin": [0.8, 0.80743, -1.05632],
							"size": [0.2, 0.24749, 1.0253],
							"pivot": [-1.425, 1.1875, -0.8],
							"rotation": [-45, 0, 0],
							"uv": {
								"east": {"uv": [33, 13], "uv_size": [1, 1]},
								"west": {"uv": [14, 33], "uv_size": [1, 1]},
								"up": {"uv": [33, 14], "uv_size": [1, 1]},
								"down": {"uv": [15, 34], "uv_size": [1, -1]}
							}
						},
						{
							"origin": [0.8, 1.3635, 0.88614],
							"size": [0.2, 0.14142, 0.28284],
							"pivot": [-1.425, 1.6375, 0.4],
							"rotation": [-45, 0, 0],
							"uv": {
								"east": {"uv": [12, 33], "uv_size": [1, 1]},
								"west": {"uv": [33, 12], "uv_size": [1, 1]},
								"down": {"uv": [13, 34], "uv_size": [1, -1]}
							}
						},
						{
							"origin": [0.8, 0.14508, 0.88614],
							"size": [0.2, 0.14142, 0.28284],
							"pivot": [-1.425, 0.0125, 0.4],
							"rotation": [45, 0, 0],
							"uv": {
								"east": {"uv": [33, 10], "uv_size": [1, 1]},
								"west": {"uv": [11, 33], "uv_size": [1, 1]},
								"up": {"uv": [33, 11], "uv_size": [1, 1]}
							}
						},
						{
							"origin": [0.8, 0.59508, -4.51386],
							"size": [0.2, 0.14142, 0.28284],
							"pivot": [-1.425, 0.4625, -5],
							"rotation": [45, 0, 0],
							"uv": {
								"east": {"uv": [9, 33], "uv_size": [1, 1]},
								"west": {"uv": [33, 9], "uv_size": [1, 1]},
								"down": {"uv": [10, 34], "uv_size": [1, -1]}
							}
						},
						{
							"origin": [0.8, 0.9135, -4.51386],
							"size": [0.2, 0.14142, 0.28284],
							"pivot": [-1.425, 1.1875, -5],
							"rotation": [-45, 0, 0],
							"uv": {
								"east": {"uv": [33, 7], "uv_size": [1, 1]},
								"west": {"uv": [8, 33], "uv_size": [1, 1]},
								"up": {"uv": [33, 8], "uv_size": [1, 1]}
							}
						},
						{
							"origin": [0.8, 0.55, -5.05],
							"size": [0.2, 0.55, 0.3],
							"uv": {
								"east": {"uv": [6, 33], "uv_size": [1, 1]},
								"south": {"uv": [33, 6], "uv_size": [1, 1]},
								"west": {"uv": [7, 33], "uv_size": [1, 1]}
							}
						},
						{
							"origin": [0.8, 0.60461, -4.90266],
							"size": [0.2, 0.67754, 0.30266],
							"pivot": [1, 1.4, -4.9],
							"rotation": [-30, 0, 0],
							"uv": {
								"north": {"uv": [33, 4], "uv_size": [1, 1]},
								"east": {"uv": [5, 33], "uv_size": [1, 1]},
								"west": {"uv": [33, 5], "uv_size": [1, 1]}
							}
						},
						{
							"origin": [0.85871, 0.48473, -5.3],
							"size": [0.2, 0.84853, 6],
							"pivot": [-1.425, 0.3875, 4.15],
							"rotation": [0, 0, 45],
							"uv": {
								"north": {"uv": [4, 33], "uv_size": [1, 1]},
								"east": {"uv": [16, 17], "uv_size": [6, 1]},
								"west": {"uv": [16, 18], "uv_size": [6, 1]}
							}
						},
						{
							"origin": [0.85871, 0.98473, 0.7],
							"size": [0.2, 0.34853, 4.25],
							"pivot": [-1.425, 0.3875, 10.4],
							"rotation": [0, 0, 45],
							"uv": {
								"east": {"uv": [19, 22], "uv_size": [4, 1]},
								"south": {"uv": [33, 3], "uv_size": [1, 1]},
								"west": {"uv": [7, 23], "uv_size": [4, 1]},
								"down": {"uv": [14, 26], "uv_size": [1, -4]}
							}
						},
						{
							"origin": [0.70607, -0.96412, 0.33306],
							"size": [0.2, 0.35355, 0.70711],
							"pivot": [0.80607, -0.75251, 1.075],
							"rotation": [45, 0, 45],
							"uv": {
								"east": {"uv": [2, 33], "uv_size": [1, 1]},
								"west": {"uv": [33, 2], "uv_size": [1, 1]},
								"down": {"uv": [3, 34], "uv_size": [1, -1]}
							}
						},
						{
							"origin": [0.30052, 1.53735, -4.35],
							"size": [0.14142, 0.28284, 5.35],
							"pivot": [0, 2.05, -1.675],
							"rotation": [0, 0, -45],
							"uv": {
								"north": {"uv": [1, 33], "uv_size": [1, 1]},
								"east": {"uv": [19, 21], "uv_size": [5, 1]},
								"south": {"uv": [33, 1], "uv_size": [1, 1]},
								"west": {"uv": [22, 8], "uv_size": [5, 1]},
								"down": {"uv": [1, 26], "uv_size": [1, -5]}
							}
						},
						{
							"origin": [0.475, 1.925, -4.05],
							"size": [0.2, 0.075, 4.35],
							"uv": {
								"east": {"uv": [22, 17], "uv_size": [4, 1]},
								"west": {"uv": [22, 18], "uv_size": [4, 1]},
								"down": {"uv": [5, 25], "uv_size": [1, -4]}
							}
						},
						{
							"origin": [0.475, 1.55, 0.3],
							"size": [0.2, 0.45, 0.7],
							"uv": {
								"north": {"uv": [32, 31], "uv_size": [1, 1]},
								"east": {"uv": [32, 32], "uv_size": [1, 1]},
								"south": {"uv": [0, 33], "uv_size": [1, 1]},
								"west": {"uv": [33, 0], "uv_size": [1, 1]}
							}
						},
						{
							"origin": [0.61016, 1.137, 0.3],
							"size": [0.19445, 0.54801, 0.7],
							"pivot": [0.70555, 1.45436, 0.6727],
							"rotation": [0, 0, -45],
							"uv": {
								"north": {"uv": [32, 29], "uv_size": [1, 1]},
								"east": {"uv": [30, 32], "uv_size": [1, 1]},
								"south": {"uv": [32, 30], "uv_size": [1, 1]},
								"west": {"uv": [31, 32], "uv_size": [1, 1]}
							}
						},
						{
							"origin": [0.475, 1.9125, 0.125],
							"size": [0.2, 0.3, 0.1],
							"pivot": [0.575, 2.025, 0.45],
							"rotation": [45, 0, 0],
							"uv": {
								"north": {"uv": [28, 32], "uv_size": [1, 1]},
								"east": {"uv": [32, 28], "uv_size": [1, 1]},
								"west": {"uv": [29, 32], "uv_size": [1, 1]}
							}
						},
						{
							"origin": [0.475, 1.85, 0.225],
							"size": [0.2, 0.075, 0.075],
							"uv": {
								"east": {"uv": [27, 32], "uv_size": [1, 1]},
								"west": {"uv": [32, 27], "uv_size": [1, 1]}
							}
						},
						{
							"origin": [0.61016, 1.137, -4.96123],
							"size": [0.19445, 0.14236, 5.26123],
							"pivot": [0.70555, 1.45436, 0.6727],
							"rotation": [0, 0, -45],
							"uv": {
								"north": {"uv": [32, 26], "uv_size": [1, 1]},
								"east": {"uv": [21, 14], "uv_size": [5, 1]},
								"west": {"uv": [21, 15], "uv_size": [5, 1]},
								"up": {"uv": [0, 21], "uv_size": [1, 5]}
							}
						},
						{
							"origin": [0.61016, 0.82936, 0.4125],
							"size": [0.19445, 0.3125, 0.1],
							"pivot": [0.70555, 1.45436, 0.7852],
							"rotation": [-45, 0, -45],
							"uv": {
								"north": {"uv": [25, 32], "uv_size": [1, 1]},
								"east": {"uv": [32, 25], "uv_size": [1, 1]},
								"west": {"uv": [26, 32], "uv_size": [1, 1]}
							}
						},
						{
							"origin": [0.61016, 1.27936, 0.225],
							"size": [0.19445, 0.08065, 0.075],
							"pivot": [0.70555, 1.45436, 0.5977],
							"rotation": [0, 0, -45],
							"uv": {
								"east": {"uv": [24, 32], "uv_size": [1, 1]},
								"west": {"uv": [32, 24], "uv_size": [1, 1]}
							}
						},
						{
							"origin": [0.61016, 0.82936, -1.9875],
							"size": [0.19445, 0.3125, 0.1],
							"pivot": [0.70555, 1.45436, -1.6148],
							"rotation": [-45, 0, -45],
							"uv": {
								"north": {"uv": [32, 22], "uv_size": [1, 1]},
								"east": {"uv": [23, 32], "uv_size": [1, 1]},
								"west": {"uv": [32, 23], "uv_size": [1, 1]}
							}
						},
						{
							"origin": [0.61016, 1.27936, -2.175],
							"size": [0.19445, 0.08065, 0.075],
							"pivot": [0.70555, 1.45436, -1.8023],
							"rotation": [0, 0, -45],
							"uv": {
								"east": {"uv": [32, 21], "uv_size": [1, 1]},
								"west": {"uv": [22, 32], "uv_size": [1, 1]}
							}
						},
						{
							"origin": [0.475, 1.9125, -2.275],
							"size": [0.2, 0.3, 0.1],
							"pivot": [0.575, 2.025, -1.95],
							"rotation": [45, 0, 0],
							"uv": {
								"north": {"uv": [20, 32], "uv_size": [1, 1]},
								"east": {"uv": [32, 20], "uv_size": [1, 1]},
								"west": {"uv": [21, 32], "uv_size": [1, 1]}
							}
						},
						{
							"origin": [0.475, 1.85, -2.175],
							"size": [0.2, 0.075, 0.075],
							"uv": {
								"east": {"uv": [19, 32], "uv_size": [1, 1]},
								"west": {"uv": [32, 19], "uv_size": [1, 1]}
							}
						},
						{
							"origin": [0.475, 1.55, -2.1],
							"size": [0.2, 0.375, 0.45],
							"uv": {
								"north": {"uv": [17, 32], "uv_size": [1, 1]},
								"east": {"uv": [32, 17], "uv_size": [1, 1]},
								"south": {"uv": [18, 32], "uv_size": [1, 1]},
								"west": {"uv": [32, 18], "uv_size": [1, 1]}
							}
						},
						{
							"origin": [0.61016, 1.27936, -2.1],
							"size": [0.19445, 0.40565, 0.45],
							"pivot": [0.70555, 1.45436, -1.7273],
							"rotation": [0, 0, -45],
							"uv": {
								"north": {"uv": [15, 32], "uv_size": [1, 1]},
								"east": {"uv": [32, 15], "uv_size": [1, 1]},
								"south": {"uv": [16, 32], "uv_size": [1, 1]},
								"west": {"uv": [32, 16], "uv_size": [1, 1]}
							}
						},
						{
							"origin": [0.475, 1.9125, -1.575],
							"size": [0.2, 0.3, 0.1],
							"pivot": [0.575, 2.025, -1.8],
							"rotation": [-45, 0, 0],
							"uv": {
								"east": {"uv": [32, 13], "uv_size": [1, 1]},
								"south": {"uv": [14, 32], "uv_size": [1, 1]},
								"west": {"uv": [32, 14], "uv_size": [1, 1]}
							}
						},
						{
							"origin": [0.475, 1.85, -1.65],
							"size": [0.2, 0.075, 0.075],
							"uv": {
								"east": {"uv": [32, 12], "uv_size": [1, 1]},
								"west": {"uv": [13, 32], "uv_size": [1, 1]}
							}
						},
						{
							"origin": [0.61016, 0.82936, -1.8625],
							"size": [0.19445, 0.3125, 0.1],
							"pivot": [0.70555, 1.45436, -2.1352],
							"rotation": [45, 0, -45],
							"uv": {
								"east": {"uv": [11, 32], "uv_size": [1, 1]},
								"south": {"uv": [32, 11], "uv_size": [1, 1]},
								"west": {"uv": [12, 32], "uv_size": [1, 1]}
							}
						},
						{
							"origin": [0.61016, 1.27936, -1.65],
							"size": [0.19445, 0.08065, 0.075],
							"pivot": [0.70555, 1.45436, -1.9477],
							"rotation": [0, 0, -45],
							"uv": {
								"east": {"uv": [10, 32], "uv_size": [1, 1]},
								"west": {"uv": [32, 10], "uv_size": [1, 1]}
							}
						},
						{
							"origin": [0.475, 1.9125, -3.975],
							"size": [0.2, 0.3, 0.1],
							"pivot": [0.575, 2.025, -4.2],
							"rotation": [-45, 0, 0],
							"uv": {
								"east": {"uv": [32, 8], "uv_size": [1, 1]},
								"south": {"uv": [9, 32], "uv_size": [1, 1]},
								"west": {"uv": [32, 9], "uv_size": [1, 1]}
							}
						},
						{
							"origin": [0.475, 1.85, -4.05],
							"size": [0.2, 0.075, 0.075],
							"uv": {
								"east": {"uv": [32, 7], "uv_size": [1, 1]},
								"west": {"uv": [8, 32], "uv_size": [1, 1]}
							}
						},
						{
							"origin": [0.61016, 0.82936, -4.2625],
							"size": [0.19445, 0.3125, 0.1],
							"pivot": [0.70555, 1.45436, -4.5352],
							"rotation": [45, 0, -45],
							"uv": {
								"east": {"uv": [6, 32], "uv_size": [1, 1]},
								"south": {"uv": [32, 6], "uv_size": [1, 1]},
								"west": {"uv": [7, 32], "uv_size": [1, 1]}
							}
						},
						{
							"origin": [0.61016, 1.27936, -4.05],
							"size": [0.19445, 0.08065, 0.075],
							"pivot": [0.70555, 1.45436, -4.3477],
							"rotation": [0, 0, -45],
							"uv": {
								"east": {"uv": [5, 32], "uv_size": [1, 1]},
								"west": {"uv": [32, 5], "uv_size": [1, 1]}
							}
						},
						{
							"origin": [0.475, 1.55, -4.55],
							"size": [0.2, 0.45, 0.5],
							"uv": {
								"east": {"uv": [3, 32], "uv_size": [1, 1]},
								"south": {"uv": [32, 3], "uv_size": [1, 1]},
								"west": {"uv": [4, 32], "uv_size": [1, 1]},
								"up": {"uv": [32, 4], "uv_size": [1, 1]}
							}
						},
						{
							"origin": [0.61016, 1.27936, -4.725],
							"size": [0.19445, 0.40565, 0.675],
							"pivot": [0.70555, 1.45436, -4.1273],
							"rotation": [0, 0, -45],
							"uv": {
								"east": {"uv": [32, 1], "uv_size": [1, 1]},
								"south": {"uv": [2, 32], "uv_size": [1, 1]},
								"west": {"uv": [32, 2], "uv_size": [1, 1]}
							}
						},
						{
							"origin": [0.70488, 1.40067, -4.96123],
							"size": [0.19445, 0.47395, 0.20578],
							"pivot": [0.89933, 1.40067, -4.96123],
							"rotation": [-30, 0, -45],
							"uv": {
								"north": {"uv": [0, 32], "uv_size": [1, 1]},
								"east": {"uv": [32, 0], "uv_size": [1, 1]},
								"west": {"uv": [1, 32], "uv_size": [1, 1]}
							}
						},
						{
							"origin": [0.475, 1.4125, -4.64943],
							"size": [0.2, 0.43358, 0.18693],
							"pivot": [0.575, 1.7375, -4.3125],
							"rotation": [-30, 0, 0],
							"uv": {
								"north": {"uv": [30, 31], "uv_size": [1, 1]},
								"east": {"uv": [31, 30], "uv_size": [1, 1]},
								"west": {"uv": [31, 31], "uv_size": [1, 1]}
							}
						},
						{
							"origin": [0.475, 1.52451, -4.76679],
							"size": [0.2, 0.1, 0.21679],
							"uv": {
								"north": {"uv": [31, 28], "uv_size": [1, 1]},
								"east": {"uv": [29, 31], "uv_size": [1, 1]},
								"down": {"uv": [31, 30], "uv_size": [1, -1]}
							}
						},
						{
							"origin": [0.8, 0.44885, 4.74069],
							"size": [0.2, 0.25633, 0.51265],
							"pivot": [-1.425, 0.6875, 4.175],
							"rotation": [-45, 0, 0],
							"uv": {
								"east": {"uv": [27, 31], "uv_size": [1, 1]},
								"west": {"uv": [31, 27], "uv_size": [1, 1]},
								"up": {"uv": [28, 31], "uv_size": [1, 1]}
							}
						},
						{
							"origin": [0.9, -0.4, 1.9375],
							"size": [0.2, 0.3, 0.3],
							"pivot": [0.9, -0.25, 2.0875],
							"rotation": [45, 0, 0],
							"uv": {
								"north": {"uv": [31, 24], "uv_size": [1, 1]},
								"south": {"uv": [25, 31], "uv_size": [1, 1]},
								"west": {"uv": [31, 25], "uv_size": [1, 1]},
								"up": {"uv": [26, 31], "uv_size": [1, 1]},
								"down": {"uv": [31, 27], "uv_size": [1, -1]}
							}
						},
						{
							"origin": [0.9, -0.4, 4.0625],
							"size": [0.2, 0.3, 0.3],
							"pivot": [0.9, -0.25, 4.2125],
							"rotation": [45, 0, 0],
							"uv": {
								"north": {"uv": [22, 31], "uv_size": [1, 1]},
								"south": {"uv": [31, 22], "uv_size": [1, 1]},
								"west": {"uv": [23, 31], "uv_size": [1, 1]},
								"up": {"uv": [31, 23], "uv_size": [1, 1]},
								"down": {"uv": [24, 32], "uv_size": [1, -1]}
							}
						},
						{
							"origin": [-0.40625, 2.1875, -4.35],
							"size": [0.8125, 0.25, 5.35],
							"uv": {
								"north": {"uv": [30, 9], "uv_size": [1, 1]},
								"east": {"uv": [20, 7], "uv_size": [5, 1]},
								"south": {"uv": [10, 30], "uv_size": [1, 1]},
								"west": {"uv": [19, 20], "uv_size": [5, 1]},
								"up": {"uv": [6, 20], "uv_size": [1, 5]}
							}
						},
						{
							"origin": [-0.41413, 2.65283, -0.8],
							"size": [0.177, 0.177, 0.25],
							"pivot": [0.00101, 2.49202, -8.55683],
							"rotation": [0, 0, -45],
							"uv": {
								"north": {"uv": [30, 10], "uv_size": [1, 1]},
								"east": {"uv": [11, 30], "uv_size": [1, 1]},
								"south": {"uv": [30, 11], "uv_size": [1, 1]},
								"up": {"uv": [12, 30], "uv_size": [1, 1]}
							}
						},
						{
							"origin": [-0.40625, 2.4375, -0.8],
							"size": [0.8125, 0.125, 0.25],
							"uv": {
								"north": {"uv": [30, 12], "uv_size": [1, 1]},
								"south": {"uv": [13, 30], "uv_size": [1, 1]},
								"up": {"uv": [30, 13], "uv_size": [1, 1]}
							}
						},
						{
							"origin": [0.23713, 2.65283, -0.8],
							"size": [0.177, 0.177, 0.25],
							"pivot": [-0.00101, 2.49202, -8.55683],
							"rotation": [0, 0, 45],
							"uv": {
								"north": {"uv": [14, 30], "uv_size": [1, 1]},
								"south": {"uv": [30, 14], "uv_size": [1, 1]},
								"west": {"uv": [15, 30], "uv_size": [1, 1]},
								"up": {"uv": [30, 15], "uv_size": [1, 1]}
							}
						},
						{
							"origin": [0.23713, 2.65283, -0.3],
							"size": [0.177, 0.177, 1.3],
							"pivot": [-0.00101, 2.49202, -7.00683],
							"rotation": [0, 0, 45],
							"uv": {
								"north": {"uv": [16, 30], "uv_size": [1, 1]},
								"south": {"uv": [30, 16], "uv_size": [1, 1]},
								"west": {"uv": [17, 30], "uv_size": [1, 1]},
								"up": {"uv": [30, 17], "uv_size": [1, 1]}
							}
						},
						{
							"origin": [-0.40625, 2.4375, -0.3],
							"size": [0.8125, 0.125, 1.3],
							"uv": {
								"north": {"uv": [18, 30], "uv_size": [1, 1]},
								"south": {"uv": [30, 18], "uv_size": [1, 1]},
								"up": {"uv": [19, 30], "uv_size": [1, 1]}
							}
						},
						{
							"origin": [-0.41472, 2.65141, -0.3],
							"size": [0.177, 0.177, 1.3],
							"pivot": [-0.00101, 2.49202, 5.11817],
							"rotation": [0, 0, -45],
							"uv": {
								"north": {"uv": [30, 19], "uv_size": [1, 1]},
								"east": {"uv": [20, 30], "uv_size": [1, 1]},
								"south": {"uv": [30, 20], "uv_size": [1, 1]},
								"up": {"uv": [21, 30], "uv_size": [1, 1]}
							}
						},
						{
							"origin": [0.23713, 2.65283, -2.825],
							"size": [0.177, 0.177, 0.25],
							"pivot": [-0.00101, 2.49202, -10.58183],
							"rotation": [0, 0, 45],
							"uv": {
								"north": {"uv": [30, 21], "uv_size": [1, 1]},
								"south": {"uv": [22, 30], "uv_size": [1, 1]},
								"west": {"uv": [30, 22], "uv_size": [1, 1]},
								"up": {"uv": [23, 30], "uv_size": [1, 1]}
							}
						},
						{
							"origin": [-0.40625, 2.4375, -2.825],
							"size": [0.8125, 0.125, 0.25],
							"uv": {
								"north": {"uv": [30, 23], "uv_size": [1, 1]},
								"south": {"uv": [24, 30], "uv_size": [1, 1]},
								"up": {"uv": [30, 24], "uv_size": [1, 1]}
							}
						},
						{
							"origin": [-0.41413, 2.65283, -2.825],
							"size": [0.177, 0.177, 0.25],
							"pivot": [0.00101, 2.49202, -10.58183],
							"rotation": [0, 0, -45],
							"uv": {
								"north": {"uv": [25, 30], "uv_size": [1, 1]},
								"east": {"uv": [30, 25], "uv_size": [1, 1]},
								"south": {"uv": [26, 30], "uv_size": [1, 1]},
								"up": {"uv": [30, 26], "uv_size": [1, 1]}
							}
						},
						{
							"origin": [0.23713, 2.65283, -2.325],
							"size": [0.177, 0.177, 1.3],
							"pivot": [-0.00101, 2.49202, -9.05683],
							"rotation": [0, 0, 45],
							"uv": {
								"north": {"uv": [27, 30], "uv_size": [1, 1]},
								"south": {"uv": [30, 27], "uv_size": [1, 1]},
								"west": {"uv": [28, 30], "uv_size": [1, 1]},
								"up": {"uv": [30, 28], "uv_size": [1, 1]}
							}
						},
						{
							"origin": [-0.41472, 2.65141, -2.325],
							"size": [0.177, 0.177, 1.3],
							"pivot": [-0.00101, 2.49202, 3.06817],
							"rotation": [0, 0, -45],
							"uv": {
								"north": {"uv": [29, 30], "uv_size": [1, 1]},
								"east": {"uv": [30, 29], "uv_size": [1, 1]},
								"south": {"uv": [30, 30], "uv_size": [1, 1]},
								"up": {"uv": [0, 31], "uv_size": [1, 1]}
							}
						},
						{
							"origin": [0.23713, 2.65283, -4.35],
							"size": [0.177, 0.177, 1.3],
							"pivot": [-0.00101, 2.49202, -11.20683],
							"rotation": [0, 0, 45],
							"uv": {
								"north": {"uv": [31, 0], "uv_size": [1, 1]},
								"south": {"uv": [1, 31], "uv_size": [1, 1]},
								"west": {"uv": [31, 1], "uv_size": [1, 1]},
								"up": {"uv": [2, 31], "uv_size": [1, 1]}
							}
						},
						{
							"origin": [-0.40625, 2.4375, -4.35],
							"size": [0.8125, 0.125, 1.3],
							"uv": {
								"north": {"uv": [31, 2], "uv_size": [1, 1]},
								"south": {"uv": [3, 31], "uv_size": [1, 1]},
								"up": {"uv": [31, 3], "uv_size": [1, 1]}
							}
						},
						{
							"origin": [-0.41472, 2.65141, -4.35],
							"size": [0.177, 0.177, 1.3],
							"pivot": [-0.00101, 2.49202, 0.91817],
							"rotation": [0, 0, -45],
							"uv": {
								"north": {"uv": [4, 31], "uv_size": [1, 1]},
								"east": {"uv": [31, 4], "uv_size": [1, 1]},
								"south": {"uv": [5, 31], "uv_size": [1, 1]},
								"up": {"uv": [31, 5], "uv_size": [1, 1]}
							}
						},
						{
							"origin": [-0.40625, 2.4375, -2.325],
							"size": [0.8125, 0.125, 1.3],
							"uv": {
								"north": {"uv": [6, 31], "uv_size": [1, 1]},
								"south": {"uv": [31, 6], "uv_size": [1, 1]},
								"up": {"uv": [7, 31], "uv_size": [1, 1]}
							}
						}
					]
				}
			]
		}
	]
}