{
	"format_version": "1.12.0",
	"minecraft:geometry": [
		{
			"description": {
				"identifier": "geometry.muzzle_ultra50",
				"texture_width": 32,
				"texture_height": 32,
				"visible_bounds_width": 3,
				"visible_bounds_height": 2.5,
				"visible_bounds_offset": [0, 0.75, 0]
			},
			"bones": [
				{
					"name": "silencer",
					"pivot": [0, 0, -0.75]
				},
				{
					"name": "ThunderBeast_ULTRA50",
					"parent": "silencer",
					"pivot": [0, 0, -3]
				},
				{
					"name": "main",
					"parent": "ThunderBeast_ULTRA50",
					"pivot": [0, 0, -6],
					"cubes": [
						{
							"origin": [-0.3, -1.5, -21],
							"size": [0.6, 1, 18.9],
							"uv": {
								"north": {"uv": [31.25, 5.25], "uv_size": [0.5, 0.5]},
								"south": {"uv": [0.25, 6.25], "uv_size": [0.5, 0.5]},
								"up": {"uv": [1.75, 6.75], "uv_size": [-0.5, -0.5]},
								"down": {"uv": [2.75, 6.75], "uv_size": [-0.5, -0.5]}
							}
						},
						{
							"origin": [-0.3, -1.5, -21],
							"size": [0.6, 1, 18.9],
							"pivot": [0, 0, 0.5],
							"rotation": [0, 0, 22.5],
							"uv": {
								"north": {"uv": [3.25, 6.25], "uv_size": [0.5, 0.5]},
								"south": {"uv": [4.25, 6.25], "uv_size": [0.5, 0.5]},
								"up": {"uv": [5.75, 6.75], "uv_size": [-0.5, -0.5]},
								"down": {"uv": [6.75, 6.75], "uv_size": [-0.5, -0.5]}
							}
						},
						{
							"origin": [-0.3, -1.5, -21],
							"size": [0.6, 1, 20],
							"pivot": [0, 0, 0.5],
							"rotation": [0, 0, 45],
							"uv": {
								"north": {"uv": [7.25, 6.25], "uv_size": [0.5, 0.5]},
								"south": {"uv": [8.25, 6.25], "uv_size": [0.5, 0.5]},
								"west": {"uv": [9.25, 6.25], "uv_size": [0.5, 0.5]},
								"up": {"uv": [10.75, 6.75], "uv_size": [-0.5, -0.5]},
								"down": {"uv": [11.75, 6.75], "uv_size": [-0.5, -0.5]}
							}
						},
						{
							"origin": [-0.3, -1.5, -21],
							"size": [0.6, 1, 20],
							"pivot": [0, 0, 0.5],
							"rotation": [0, 0, 67.5],
							"uv": {
								"north": {"uv": [12.25, 6.25], "uv_size": [0.5, 0.5]},
								"south": {"uv": [13.25, 6.25], "uv_size": [0.5, 0.5]},
								"up": {"uv": [14.75, 6.75], "uv_size": [-0.5, -0.5]},
								"down": {"uv": [15.75, 6.75], "uv_size": [-0.5, -0.5]}
							}
						},
						{
							"origin": [-0.3, -1.5, -21],
							"size": [0.6, 1, 20],
							"pivot": [0, 0, 0.5],
							"rotation": [0, 0, 90],
							"uv": {
								"north": {"uv": [16.25, 6.25], "uv_size": [0.5, 0.5]},
								"south": {"uv": [17.25, 6.25], "uv_size": [0.5, 0.5]},
								"up": {"uv": [18.75, 6.75], "uv_size": [-0.5, -0.5]},
								"down": {"uv": [19.75, 6.75], "uv_size": [-0.5, -0.5]}
							}
						},
						{
							"origin": [-0.3, -1.5, -21],
							"size": [0.6, 1, 20],
							"pivot": [0, 0, 0.5],
							"rotation": [0, 0, 112.5],
							"uv": {
								"north": {"uv": [20.25, 6.25], "uv_size": [0.5, 0.5]},
								"south": {"uv": [21.25, 6.25], "uv_size": [0.5, 0.5]},
								"up": {"uv": [22.75, 6.75], "uv_size": [-0.5, -0.5]},
								"down": {"uv": [23.75, 6.75], "uv_size": [-0.5, -0.5]}
							}
						},
						{
							"origin": [-0.3, -1.5, -21],
							"size": [0.6, 1, 20],
							"pivot": [0, 0, 0.5],
							"rotation": [0, 0, 135],
							"uv": {
								"north": {"uv": [24.25, 6.25], "uv_size": [0.5, 0.5]},
								"south": {"uv": [25.25, 6.25], "uv_size": [0.5, 0.5]},
								"up": {"uv": [26.75, 6.75], "uv_size": [-0.5, -0.5]},
								"down": {"uv": [27.75, 6.75], "uv_size": [-0.5, -0.5]}
							}
						},
						{
							"origin": [-0.3, -1.5, -21],
							"size": [0.6, 1, 20],
							"pivot": [0, 0, 0.5],
							"rotation": [0, 0, 157.5],
							"uv": {
								"north": {"uv": [28.25, 6.25], "uv_size": [0.5, 0.5]},
								"south": {"uv": [29.25, 6.25], "uv_size": [0.5, 0.5]},
								"up": {"uv": [30.75, 6.75], "uv_size": [-0.5, -0.5]},
								"down": {"uv": [31.75, 6.75], "uv_size": [-0.5, -0.5]}
							}
						},
						{
							"origin": [-0.3, -1.5, -21],
							"size": [0.6, 1, 20],
							"pivot": [0, 0, 0.5],
							"rotation": [0, 0, -180],
							"uv": {
								"north": {"uv": [0.25, 7.25], "uv_size": [0.5, 0.5]},
								"south": {"uv": [1.25, 7.25], "uv_size": [0.5, 0.5]},
								"up": {"uv": [2.75, 7.75], "uv_size": [-0.5, -0.5]},
								"down": {"uv": [3.75, 7.75], "uv_size": [-0.5, -0.5]}
							}
						},
						{
							"origin": [-0.3, -1.5, -21],
							"size": [0.6, 1, 20],
							"pivot": [0, 0, 0.5],
							"rotation": [0, 0, -157.5],
							"uv": {
								"north": {"uv": [4.25, 7.25], "uv_size": [0.5, 0.5]},
								"south": {"uv": [5.25, 7.25], "uv_size": [0.5, 0.5]},
								"up": {"uv": [6.75, 7.75], "uv_size": [-0.5, -0.5]},
								"down": {"uv": [7.75, 7.75], "uv_size": [-0.5, -0.5]}
							}
						},
						{
							"origin": [-0.3, -1.5, -21],
							"size": [0.6, 1, 20],
							"pivot": [0, 0, 0.5],
							"rotation": [0, 0, -135],
							"uv": {
								"north": {"uv": [8.25, 7.25], "uv_size": [0.5, 0.5]},
								"south": {"uv": [9.25, 7.25], "uv_size": [0.5, 0.5]},
								"up": {"uv": [10.75, 7.75], "uv_size": [-0.5, -0.5]},
								"down": {"uv": [11.75, 7.75], "uv_size": [-0.5, -0.5]}
							}
						},
						{
							"origin": [-0.3, -1.5, -21],
							"size": [0.6, 1, 20],
							"pivot": [0, 0, 0.5],
							"rotation": [0, 0, -112.5],
							"uv": {
								"north": {"uv": [12.25, 7.25], "uv_size": [0.5, 0.5]},
								"south": {"uv": [13.25, 7.25], "uv_size": [0.5, 0.5]},
								"up": {"uv": [14.75, 7.75], "uv_size": [-0.5, -0.5]},
								"down": {"uv": [15.75, 7.75], "uv_size": [-0.5, -0.5]}
							}
						},
						{
							"origin": [-0.3, -1.5, -21],
							"size": [0.6, 1, 20],
							"pivot": [0, 0, 0.5],
							"rotation": [0, 0, -90],
							"uv": {
								"north": {"uv": [16.25, 7.25], "uv_size": [0.5, 0.5]},
								"south": {"uv": [17.25, 7.25], "uv_size": [0.5, 0.5]},
								"up": {"uv": [18.75, 7.75], "uv_size": [-0.5, -0.5]},
								"down": {"uv": [19.75, 7.75], "uv_size": [-0.5, -0.5]}
							}
						},
						{
							"origin": [-0.3, -1.5, -21],
							"size": [0.6, 1, 20],
							"pivot": [0, 0, 0.5],
							"rotation": [0, 0, -67.5],
							"uv": {
								"north": {"uv": [20.25, 7.25], "uv_size": [0.5, 0.5]},
								"south": {"uv": [21.25, 7.25], "uv_size": [0.5, 0.5]},
								"up": {"uv": [22.75, 7.75], "uv_size": [-0.5, -0.5]},
								"down": {"uv": [23.75, 7.75], "uv_size": [-0.5, -0.5]}
							}
						},
						{
							"origin": [-0.3, -1.5, -21],
							"size": [0.6, 1, 20],
							"pivot": [0, 0, 0.5],
							"rotation": [0, 0, -45],
							"uv": {
								"north": {"uv": [24.25, 7.25], "uv_size": [0.5, 0.5]},
								"east": {"uv": [25.25, 7.25], "uv_size": [0.5, 0.5]},
								"south": {"uv": [26.25, 7.25], "uv_size": [0.5, 0.5]},
								"up": {"uv": [27.75, 7.75], "uv_size": [-0.5, -0.5]},
								"down": {"uv": [28.75, 7.75], "uv_size": [-0.5, -0.5]}
							}
						},
						{
							"origin": [-0.3, -1.5, -21],
							"size": [0.6, 1, 18.9],
							"pivot": [0, 0, 0.5],
							"rotation": [0, 0, -22.5],
							"uv": {
								"north": {"uv": [29.25, 7.25], "uv_size": [0.5, 0.5]},
								"south": {"uv": [30.25, 7.25], "uv_size": [0.5, 0.5]},
								"up": {"uv": [31.75, 7.75], "uv_size": [-0.5, -0.5]},
								"down": {"uv": [0.75, 8.75], "uv_size": [-0.5, -0.5]}
							}
						}
					]
				},
				{
					"name": "BigSecondaryRetention",
					"parent": "ThunderBeast_ULTRA50",
					"pivot": [0, 0, -4],
					"cubes": [
						{
							"origin": [-0.3, -1.5, -1.9],
							"size": [0.6, 1, 0.9],
							"pivot": [0, 0, 0.5],
							"rotation": [0, 0, -22.5],
							"uv": {
								"north": {"uv": [0.25, 1.25], "uv_size": [0.5, 0.5]},
								"south": {"uv": [1.25, 1.25], "uv_size": [0.5, 0.5]},
								"up": {"uv": [2.75, 1.75], "uv_size": [-0.5, -0.5]},
								"down": {"uv": [3.75, 1.75], "uv_size": [-0.5, -0.5]}
							}
						},
						{
							"origin": [-0.3, -1.5, -1.9],
							"size": [0.6, 1, 0.9],
							"uv": {
								"north": {"uv": [12.25, 1.25], "uv_size": [0.5, 0.5]},
								"south": {"uv": [13.25, 1.25], "uv_size": [0.5, 0.5]},
								"up": {"uv": [14.75, 1.75], "uv_size": [-0.5, -0.5]},
								"down": {"uv": [15.75, 1.75], "uv_size": [-0.5, -0.5]}
							}
						},
						{
							"origin": [-0.3, -1.5, -1.9],
							"size": [0.6, 1, 0.9],
							"pivot": [0, 0, 0.5],
							"rotation": [0, 0, 22.5],
							"uv": {
								"north": {"uv": [8.25, 1.25], "uv_size": [0.5, 0.5]},
								"south": {"uv": [9.25, 1.25], "uv_size": [0.5, 0.5]},
								"up": {"uv": [10.75, 1.75], "uv_size": [-0.5, -0.5]},
								"down": {"uv": [11.75, 1.75], "uv_size": [-0.5, -0.5]}
							}
						},
						{
							"origin": [-0.2586, -1.3, -2.1],
							"size": [0.5172, 0.8, 0.2],
							"pivot": [0, 0, 0.275],
							"rotation": [0, 0, -22.5],
							"uv": {
								"north": {"uv": [4.25, 1.25], "uv_size": [0.5, 0.5]},
								"south": {"uv": [5.25, 1.25], "uv_size": [0.5, 0.5]},
								"up": {"uv": [6.75, 1.75], "uv_size": [-0.5, -0.5]},
								"down": {"uv": [7.75, 1.75], "uv_size": [-0.5, -0.5]}
							}
						},
						{
							"origin": [-0.2586, -1.3, -2.1],
							"size": [0.5172, 0.8, 0.2],
							"pivot": [0, 0, 0.275],
							"rotation": [0, 0, 22.5],
							"uv": {
								"north": {"uv": [28.25, 0.25], "uv_size": [0.5, 0.5]},
								"south": {"uv": [29.25, 0.25], "uv_size": [0.5, 0.5]},
								"up": {"uv": [30.75, 0.75], "uv_size": [-0.5, -0.5]},
								"down": {"uv": [31.75, 0.75], "uv_size": [-0.5, -0.5]}
							}
						},
						{
							"origin": [-0.2586, -1.3, -2.1],
							"size": [0.5172, 0.8, 0.2],
							"uv": {
								"north": {"uv": [24.25, 0.25], "uv_size": [0.5, 0.5]},
								"south": {"uv": [25.25, 0.25], "uv_size": [0.5, 0.5]},
								"up": {"uv": [26.75, 0.75], "uv_size": [-0.5, -0.5]},
								"down": {"uv": [27.75, 0.75], "uv_size": [-0.5, -0.5]}
							}
						}
					]
				},
				{
					"name": "twists1",
					"parent": "ThunderBeast_ULTRA50",
					"pivot": [0, 0, 0],
					"cubes": [
						{
							"origin": [1.04805, -2.14381, -2.4941],
							"size": [0.2, 0.1, 0.55],
							"pivot": [0, 0, 1],
							"rotation": [-10, 22.5, -180],
							"uv": {
								"north": {"uv": [16.25, 1.25], "uv_size": [0.5, 0.5]},
								"east": {"uv": [17.25, 1.25], "uv_size": [0.5, 0.5]},
								"west": {"uv": [18.25, 1.25], "uv_size": [0.5, 0.5]},
								"down": {"uv": [19.75, 1.75], "uv_size": [-0.5, -0.5]}
							}
						},
						{
							"origin": [1.04805, -1.6, -2.27164],
							"size": [0.2, 0.1, 1],
							"pivot": [0, 0, 1],
							"rotation": [0, 22.5, -180],
							"uv": {
								"east": {"uv": [20.25, 1.25], "uv_size": [0.5, 0.5]},
								"west": {"uv": [21.25, 1.25], "uv_size": [0.5, 0.5]},
								"down": {"uv": [22.75, 1.75], "uv_size": [-0.5, -0.5]}
							}
						},
						{
							"origin": [1.04805, -1.18123, -1.51496],
							"size": [0.2, 0.1, 0.55],
							"pivot": [0, 0, 1],
							"rotation": [10, 22.5, -180],
							"uv": {
								"east": {"uv": [23.25, 1.25], "uv_size": [0.5, 0.5]},
								"south": {"uv": [24.25, 1.25], "uv_size": [0.5, 0.5]},
								"west": {"uv": [25.25, 1.25], "uv_size": [0.5, 0.5]},
								"down": {"uv": [26.75, 1.75], "uv_size": [-0.5, -0.5]}
							}
						},
						{
							"origin": [1.04805, -2.14381, -2.4941],
							"size": [0.2, 0.1, 0.55],
							"pivot": [0, 0, 1],
							"rotation": [-10, 22.5, 157.5],
							"uv": {
								"north": {"uv": [27.25, 1.25], "uv_size": [0.5, 0.5]},
								"east": {"uv": [28.25, 1.25], "uv_size": [0.5, 0.5]},
								"west": {"uv": [29.25, 1.25], "uv_size": [0.5, 0.5]},
								"down": {"uv": [30.75, 1.75], "uv_size": [-0.5, -0.5]}
							}
						},
						{
							"origin": [1.04805, -1.6, -2.27164],
							"size": [0.2, 0.1, 1],
							"pivot": [0, 0, 1],
							"rotation": [0, 22.5, 157.5],
							"uv": {
								"east": {"uv": [31.25, 1.25], "uv_size": [0.5, 0.5]},
								"west": {"uv": [0.25, 2.25], "uv_size": [0.5, 0.5]},
								"down": {"uv": [1.75, 2.75], "uv_size": [-0.5, -0.5]}
							}
						},
						{
							"origin": [1.04805, -1.18123, -1.51496],
							"size": [0.2, 0.1, 0.55],
							"pivot": [0, 0, 1],
							"rotation": [10, 22.5, 157.5],
							"uv": {
								"east": {"uv": [2.25, 2.25], "uv_size": [0.5, 0.5]},
								"south": {"uv": [3.25, 2.25], "uv_size": [0.5, 0.5]},
								"west": {"uv": [4.25, 2.25], "uv_size": [0.5, 0.5]},
								"down": {"uv": [5.75, 2.75], "uv_size": [-0.5, -0.5]}
							}
						},
						{
							"origin": [1.04805, -2.14381, -2.4941],
							"size": [0.2, 0.1, 0.55],
							"pivot": [0, 0, 1],
							"rotation": [-10, 22.5, 135],
							"uv": {
								"north": {"uv": [6.25, 2.25], "uv_size": [0.5, 0.5]},
								"east": {"uv": [7.25, 2.25], "uv_size": [0.5, 0.5]},
								"west": {"uv": [8.25, 2.25], "uv_size": [0.5, 0.5]},
								"down": {"uv": [9.75, 2.75], "uv_size": [-0.5, -0.5]}
							}
						},
						{
							"origin": [1.04805, -1.6, -2.27164],
							"size": [0.2, 0.1, 1],
							"pivot": [0, 0, 1],
							"rotation": [0, 22.5, 135],
							"uv": {
								"east": {"uv": [10.25, 2.25], "uv_size": [0.5, 0.5]},
								"west": {"uv": [11.25, 2.25], "uv_size": [0.5, 0.5]},
								"down": {"uv": [12.75, 2.75], "uv_size": [-0.5, -0.5]}
							}
						},
						{
							"origin": [1.04805, -1.18123, -1.51496],
							"size": [0.2, 0.1, 0.55],
							"pivot": [0, 0, 1],
							"rotation": [10, 22.5, 135],
							"uv": {
								"east": {"uv": [13.25, 2.25], "uv_size": [0.5, 0.5]},
								"south": {"uv": [14.25, 2.25], "uv_size": [0.5, 0.5]},
								"west": {"uv": [15.25, 2.25], "uv_size": [0.5, 0.5]},
								"down": {"uv": [16.75, 2.75], "uv_size": [-0.5, -0.5]}
							}
						},
						{
							"origin": [1.04805, -2.14381, -2.4941],
							"size": [0.2, 0.1, 0.55],
							"pivot": [0, 0, 1],
							"rotation": [-10, 22.5, 112.5],
							"uv": {
								"north": {"uv": [17.25, 2.25], "uv_size": [0.5, 0.5]},
								"east": {"uv": [18.25, 2.25], "uv_size": [0.5, 0.5]},
								"west": {"uv": [19.25, 2.25], "uv_size": [0.5, 0.5]},
								"down": {"uv": [20.75, 2.75], "uv_size": [-0.5, -0.5]}
							}
						},
						{
							"origin": [1.04805, -1.6, -2.27164],
							"size": [0.2, 0.1, 1],
							"pivot": [0, 0, 1],
							"rotation": [0, 22.5, 112.5],
							"uv": {
								"east": {"uv": [21.25, 2.25], "uv_size": [0.5, 0.5]},
								"west": {"uv": [22.25, 2.25], "uv_size": [0.5, 0.5]},
								"down": {"uv": [23.75, 2.75], "uv_size": [-0.5, -0.5]}
							}
						},
						{
							"origin": [1.04805, -1.18123, -1.51496],
							"size": [0.2, 0.1, 0.55],
							"pivot": [0, 0, 1],
							"rotation": [10, 22.5, 112.5],
							"uv": {
								"east": {"uv": [24.25, 2.25], "uv_size": [0.5, 0.5]},
								"south": {"uv": [25.25, 2.25], "uv_size": [0.5, 0.5]},
								"west": {"uv": [26.25, 2.25], "uv_size": [0.5, 0.5]},
								"down": {"uv": [27.75, 2.75], "uv_size": [-0.5, -0.5]}
							}
						},
						{
							"origin": [1.04805, -2.14381, -2.4941],
							"size": [0.2, 0.1, 0.55],
							"pivot": [0, 0, 1],
							"rotation": [-10, 22.5, 90],
							"uv": {
								"north": {"uv": [28.25, 2.25], "uv_size": [0.5, 0.5]},
								"east": {"uv": [29.25, 2.25], "uv_size": [0.5, 0.5]},
								"west": {"uv": [30.25, 2.25], "uv_size": [0.5, 0.5]},
								"down": {"uv": [31.75, 2.75], "uv_size": [-0.5, -0.5]}
							}
						},
						{
							"origin": [1.04805, -1.6, -2.27164],
							"size": [0.2, 0.1, 1],
							"pivot": [0, 0, 1],
							"rotation": [0, 22.5, 90],
							"uv": {
								"east": {"uv": [0.25, 3.25], "uv_size": [0.5, 0.5]},
								"west": {"uv": [1.25, 3.25], "uv_size": [0.5, 0.5]},
								"down": {"uv": [2.75, 3.75], "uv_size": [-0.5, -0.5]}
							}
						},
						{
							"origin": [1.04805, -1.18123, -1.51496],
							"size": [0.2, 0.1, 0.55],
							"pivot": [0, 0, 1],
							"rotation": [10, 22.5, 90],
							"uv": {
								"east": {"uv": [3.25, 3.25], "uv_size": [0.5, 0.5]},
								"south": {"uv": [4.25, 3.25], "uv_size": [0.5, 0.5]},
								"west": {"uv": [5.25, 3.25], "uv_size": [0.5, 0.5]},
								"down": {"uv": [6.75, 3.75], "uv_size": [-0.5, -0.5]}
							}
						},
						{
							"origin": [1.04805, -2.14381, -2.4941],
							"size": [0.2, 0.1, 0.55],
							"pivot": [0, 0, 1],
							"rotation": [-10, 22.5, 67.5],
							"uv": {
								"north": {"uv": [7.25, 3.25], "uv_size": [0.5, 0.5]},
								"east": {"uv": [8.25, 3.25], "uv_size": [0.5, 0.5]},
								"west": {"uv": [9.25, 3.25], "uv_size": [0.5, 0.5]},
								"down": {"uv": [10.75, 3.75], "uv_size": [-0.5, -0.5]}
							}
						},
						{
							"origin": [1.04805, -1.6, -2.27164],
							"size": [0.2, 0.1, 1],
							"pivot": [0, 0, 1],
							"rotation": [0, 22.5, 67.5],
							"uv": {
								"east": {"uv": [11.25, 3.25], "uv_size": [0.5, 0.5]},
								"west": {"uv": [12.25, 3.25], "uv_size": [0.5, 0.5]},
								"down": {"uv": [13.75, 3.75], "uv_size": [-0.5, -0.5]}
							}
						},
						{
							"origin": [1.04805, -1.18123, -1.51496],
							"size": [0.2, 0.1, 0.55],
							"pivot": [0, 0, 1],
							"rotation": [10, 22.5, 67.5],
							"uv": {
								"east": {"uv": [14.25, 3.25], "uv_size": [0.5, 0.5]},
								"south": {"uv": [15.25, 3.25], "uv_size": [0.5, 0.5]},
								"west": {"uv": [16.25, 3.25], "uv_size": [0.5, 0.5]},
								"down": {"uv": [17.75, 3.75], "uv_size": [-0.5, -0.5]}
							}
						},
						{
							"origin": [1.04805, -2.14381, -2.4941],
							"size": [0.2, 0.1, 0.55],
							"pivot": [0, 0, 1],
							"rotation": [-10, 22.5, 45],
							"uv": {
								"north": {"uv": [18.25, 3.25], "uv_size": [0.5, 0.5]},
								"east": {"uv": [19.25, 3.25], "uv_size": [0.5, 0.5]},
								"west": {"uv": [20.25, 3.25], "uv_size": [0.5, 0.5]},
								"down": {"uv": [21.75, 3.75], "uv_size": [-0.5, -0.5]}
							}
						},
						{
							"origin": [1.04805, -1.6, -2.27164],
							"size": [0.2, 0.1, 1],
							"pivot": [0, 0, 1],
							"rotation": [0, 22.5, 45],
							"uv": {
								"east": {"uv": [22.25, 3.25], "uv_size": [0.5, 0.5]},
								"west": {"uv": [23.25, 3.25], "uv_size": [0.5, 0.5]},
								"down": {"uv": [24.75, 3.75], "uv_size": [-0.5, -0.5]}
							}
						},
						{
							"origin": [1.04805, -1.18123, -1.51496],
							"size": [0.2, 0.1, 0.55],
							"pivot": [0, 0, 1],
							"rotation": [10, 22.5, 45],
							"uv": {
								"east": {"uv": [25.25, 3.25], "uv_size": [0.5, 0.5]},
								"south": {"uv": [26.25, 3.25], "uv_size": [0.5, 0.5]},
								"west": {"uv": [27.25, 3.25], "uv_size": [0.5, 0.5]},
								"down": {"uv": [28.75, 3.75], "uv_size": [-0.5, -0.5]}
							}
						},
						{
							"origin": [1.04805, -2.14381, -2.4941],
							"size": [0.2, 0.1, 0.55],
							"pivot": [0, 0, 1],
							"rotation": [-10, 22.5, -157.5],
							"uv": {
								"north": {"uv": [29.25, 3.25], "uv_size": [0.5, 0.5]},
								"east": {"uv": [30.25, 3.25], "uv_size": [0.5, 0.5]},
								"west": {"uv": [31.25, 3.25], "uv_size": [0.5, 0.5]},
								"down": {"uv": [0.75, 4.75], "uv_size": [-0.5, -0.5]}
							}
						},
						{
							"origin": [1.04805, -1.6, -2.27164],
							"size": [0.2, 0.1, 1],
							"pivot": [0, 0, 1],
							"rotation": [0, 22.5, -157.5],
							"uv": {
								"east": {"uv": [1.25, 4.25], "uv_size": [0.5, 0.5]},
								"west": {"uv": [2.25, 4.25], "uv_size": [0.5, 0.5]},
								"down": {"uv": [3.75, 4.75], "uv_size": [-0.5, -0.5]}
							}
						},
						{
							"origin": [1.04805, -1.18123, -1.51496],
							"size": [0.2, 0.1, 0.55],
							"pivot": [0, 0, 1],
							"rotation": [10, 22.5, -157.5],
							"uv": {
								"east": {"uv": [4.25, 4.25], "uv_size": [0.5, 0.5]},
								"south": {"uv": [5.25, 4.25], "uv_size": [0.5, 0.5]},
								"west": {"uv": [6.25, 4.25], "uv_size": [0.5, 0.5]},
								"down": {"uv": [7.75, 4.75], "uv_size": [-0.5, -0.5]}
							}
						},
						{
							"origin": [1.04805, -2.14381, -2.4941],
							"size": [0.2, 0.1, 0.55],
							"pivot": [0, 0, 1],
							"rotation": [-10, 22.5, -135],
							"uv": {
								"north": {"uv": [8.25, 4.25], "uv_size": [0.5, 0.5]},
								"east": {"uv": [9.25, 4.25], "uv_size": [0.5, 0.5]},
								"west": {"uv": [10.25, 4.25], "uv_size": [0.5, 0.5]},
								"down": {"uv": [11.75, 4.75], "uv_size": [-0.5, -0.5]}
							}
						},
						{
							"origin": [1.04805, -1.6, -2.27164],
							"size": [0.2, 0.1, 1],
							"pivot": [0, 0, 1],
							"rotation": [0, 22.5, -135],
							"uv": {
								"east": {"uv": [12.25, 4.25], "uv_size": [0.5, 0.5]},
								"west": {"uv": [13.25, 4.25], "uv_size": [0.5, 0.5]},
								"down": {"uv": [14.75, 4.75], "uv_size": [-0.5, -0.5]}
							}
						},
						{
							"origin": [1.04805, -1.18123, -1.51496],
							"size": [0.2, 0.1, 0.55],
							"pivot": [0, 0, 1],
							"rotation": [10, 22.5, -135],
							"uv": {
								"east": {"uv": [15.25, 4.25], "uv_size": [0.5, 0.5]},
								"south": {"uv": [16.25, 4.25], "uv_size": [0.5, 0.5]},
								"west": {"uv": [17.25, 4.25], "uv_size": [0.5, 0.5]},
								"down": {"uv": [18.75, 4.75], "uv_size": [-0.5, -0.5]}
							}
						},
						{
							"origin": [1.04805, -2.14381, -2.4941],
							"size": [0.2, 0.1, 0.55],
							"pivot": [0, 0, 1],
							"rotation": [-10, 22.5, -112.5],
							"uv": {
								"north": {"uv": [19.25, 4.25], "uv_size": [0.5, 0.5]},
								"east": {"uv": [20.25, 4.25], "uv_size": [0.5, 0.5]},
								"west": {"uv": [21.25, 4.25], "uv_size": [0.5, 0.5]},
								"down": {"uv": [22.75, 4.75], "uv_size": [-0.5, -0.5]}
							}
						},
						{
							"origin": [1.04805, -1.6, -2.27164],
							"size": [0.2, 0.1, 1],
							"pivot": [0, 0, 1],
							"rotation": [0, 22.5, -112.5],
							"uv": {
								"east": {"uv": [23.25, 4.25], "uv_size": [0.5, 0.5]},
								"west": {"uv": [24.25, 4.25], "uv_size": [0.5, 0.5]},
								"down": {"uv": [25.75, 4.75], "uv_size": [-0.5, -0.5]}
							}
						},
						{
							"origin": [1.04805, -1.18123, -1.51496],
							"size": [0.2, 0.1, 0.55],
							"pivot": [0, 0, 1],
							"rotation": [10, 22.5, -112.5],
							"uv": {
								"east": {"uv": [26.25, 4.25], "uv_size": [0.5, 0.5]},
								"south": {"uv": [27.25, 4.25], "uv_size": [0.5, 0.5]},
								"west": {"uv": [28.25, 4.25], "uv_size": [0.5, 0.5]},
								"down": {"uv": [29.75, 4.75], "uv_size": [-0.5, -0.5]}
							}
						},
						{
							"origin": [1.04805, -2.14381, -2.4941],
							"size": [0.2, 0.1, 0.55],
							"pivot": [0, 0, 1],
							"rotation": [-10, 22.5, -90],
							"uv": {
								"north": {"uv": [30.25, 4.25], "uv_size": [0.5, 0.5]},
								"east": {"uv": [31.25, 4.25], "uv_size": [0.5, 0.5]},
								"west": {"uv": [0.25, 5.25], "uv_size": [0.5, 0.5]},
								"down": {"uv": [1.75, 5.75], "uv_size": [-0.5, -0.5]}
							}
						},
						{
							"origin": [1.04805, -1.6, -2.27164],
							"size": [0.2, 0.1, 1],
							"pivot": [0, 0, 1],
							"rotation": [0, 22.5, -90],
							"uv": {
								"east": {"uv": [2.25, 5.25], "uv_size": [0.5, 0.5]},
								"west": {"uv": [3.25, 5.25], "uv_size": [0.5, 0.5]},
								"down": {"uv": [4.75, 5.75], "uv_size": [-0.5, -0.5]}
							}
						},
						{
							"origin": [1.04805, -1.18123, -1.51496],
							"size": [0.2, 0.1, 0.55],
							"pivot": [0, 0, 1],
							"rotation": [10, 22.5, -90],
							"uv": {
								"east": {"uv": [5.25, 5.25], "uv_size": [0.5, 0.5]},
								"south": {"uv": [6.25, 5.25], "uv_size": [0.5, 0.5]},
								"west": {"uv": [7.25, 5.25], "uv_size": [0.5, 0.5]},
								"down": {"uv": [8.75, 5.75], "uv_size": [-0.5, -0.5]}
							}
						},
						{
							"origin": [1.04805, -2.14381, -2.4941],
							"size": [0.2, 0.1, 0.55],
							"pivot": [0, 0, 1],
							"rotation": [-10, 22.5, -67.5],
							"uv": {
								"north": {"uv": [9.25, 5.25], "uv_size": [0.5, 0.5]},
								"east": {"uv": [10.25, 5.25], "uv_size": [0.5, 0.5]},
								"west": {"uv": [11.25, 5.25], "uv_size": [0.5, 0.5]},
								"down": {"uv": [12.75, 5.75], "uv_size": [-0.5, -0.5]}
							}
						},
						{
							"origin": [1.04805, -1.6, -2.27164],
							"size": [0.2, 0.1, 1],
							"pivot": [0, 0, 1],
							"rotation": [0, 22.5, -67.5],
							"uv": {
								"east": {"uv": [13.25, 5.25], "uv_size": [0.5, 0.5]},
								"west": {"uv": [14.25, 5.25], "uv_size": [0.5, 0.5]},
								"down": {"uv": [15.75, 5.75], "uv_size": [-0.5, -0.5]}
							}
						},
						{
							"origin": [1.04805, -1.18123, -1.51496],
							"size": [0.2, 0.1, 0.55],
							"pivot": [0, 0, 1],
							"rotation": [10, 22.5, -67.5],
							"uv": {
								"east": {"uv": [16.25, 5.25], "uv_size": [0.5, 0.5]},
								"south": {"uv": [17.25, 5.25], "uv_size": [0.5, 0.5]},
								"west": {"uv": [18.25, 5.25], "uv_size": [0.5, 0.5]},
								"down": {"uv": [19.75, 5.75], "uv_size": [-0.5, -0.5]}
							}
						},
						{
							"origin": [1.04805, -2.14381, -2.4941],
							"size": [0.2, 0.1, 0.55],
							"pivot": [0, 0, 1],
							"rotation": [-10, 22.5, -45],
							"uv": {
								"north": {"uv": [20.25, 5.25], "uv_size": [0.5, 0.5]},
								"east": {"uv": [21.25, 5.25], "uv_size": [0.5, 0.5]},
								"west": {"uv": [22.25, 5.25], "uv_size": [0.5, 0.5]},
								"down": {"uv": [23.75, 5.75], "uv_size": [-0.5, -0.5]}
							}
						},
						{
							"origin": [1.04805, -1.6, -2.27164],
							"size": [0.2, 0.1, 1],
							"pivot": [0, 0, 1],
							"rotation": [0, 22.5, -45],
							"uv": {
								"east": {"uv": [24.25, 5.25], "uv_size": [0.5, 0.5]},
								"west": {"uv": [25.25, 5.25], "uv_size": [0.5, 0.5]},
								"down": {"uv": [26.75, 5.75], "uv_size": [-0.5, -0.5]}
							}
						},
						{
							"origin": [1.04805, -1.18123, -1.51496],
							"size": [0.2, 0.1, 0.55],
							"pivot": [0, 0, 1],
							"rotation": [10, 22.5, -45],
							"uv": {
								"east": {"uv": [27.25, 5.25], "uv_size": [0.5, 0.5]},
								"south": {"uv": [28.25, 5.25], "uv_size": [0.5, 0.5]},
								"west": {"uv": [29.25, 5.25], "uv_size": [0.5, 0.5]},
								"down": {"uv": [30.75, 5.75], "uv_size": [-0.5, -0.5]}
							}
						}
					]
				},
				{
					"name": "twists2",
					"parent": "ThunderBeast_ULTRA50",
					"pivot": [0, 0, 1],
					"cubes": [
						{
							"origin": [-4.30952, -1.6, -9.96267],
							"size": [0.2, 0.1, 1.3],
							"pivot": [0, 0, 1],
							"rotation": [0, -22.5, -180],
							"uv": {
								"north": {"uv": [5.25, 8.25], "uv_size": [0.5, 0.5]},
								"east": {"uv": [6.25, 8.25], "uv_size": [0.5, 0.5]},
								"west": {"uv": [7.25, 8.25], "uv_size": [0.5, 0.5]},
								"down": {"uv": [8.75, 8.75], "uv_size": [-0.5, -0.5]}
							}
						},
						{
							"origin": [-4.30952, 0.10221, -8.79371],
							"size": [0.2, 0.1, 0.55],
							"pivot": [0, 0, 1],
							"rotation": [10, -22.5, -180],
							"uv": {
								"east": {"uv": [1.25, 8.25], "uv_size": [0.5, 0.5]},
								"south": {"uv": [2.25, 8.25], "uv_size": [0.5, 0.5]},
								"west": {"uv": [3.25, 8.25], "uv_size": [0.5, 0.5]},
								"down": {"uv": [4.75, 8.75], "uv_size": [-0.5, -0.5]}
							}
						},
						{
							"origin": [-4.30952, -1.6, -9.96267],
							"size": [0.2, 0.1, 1.3],
							"pivot": [0, 0, 1],
							"rotation": [0, -22.5, -157.5],
							"uv": {
								"north": {"uv": [9.25, 8.25], "uv_size": [0.5, 0.5]},
								"east": {"uv": [10.25, 8.25], "uv_size": [0.5, 0.5]},
								"west": {"uv": [11.25, 8.25], "uv_size": [0.5, 0.5]},
								"down": {"uv": [12.75, 8.75], "uv_size": [-0.5, -0.5]}
							}
						},
						{
							"origin": [-4.30952, 0.10221, -8.79371],
							"size": [0.2, 0.1, 0.55],
							"pivot": [0, 0, 1],
							"rotation": [10, -22.5, -157.5],
							"uv": {
								"east": {"uv": [13.25, 8.25], "uv_size": [0.5, 0.5]},
								"south": {"uv": [14.25, 8.25], "uv_size": [0.5, 0.5]},
								"west": {"uv": [15.25, 8.25], "uv_size": [0.5, 0.5]},
								"down": {"uv": [16.75, 8.75], "uv_size": [-0.5, -0.5]}
							}
						},
						{
							"origin": [-4.30952, -1.6, -9.96267],
							"size": [0.2, 0.1, 1.3],
							"pivot": [0, 0, 1],
							"rotation": [0, -22.5, -135],
							"uv": {
								"north": {"uv": [17.25, 8.25], "uv_size": [0.5, 0.5]},
								"east": {"uv": [18.25, 8.25], "uv_size": [0.5, 0.5]},
								"west": {"uv": [19.25, 8.25], "uv_size": [0.5, 0.5]},
								"down": {"uv": [20.75, 8.75], "uv_size": [-0.5, -0.5]}
							}
						},
						{
							"origin": [-4.30952, 0.10221, -8.79371],
							"size": [0.2, 0.1, 0.55],
							"pivot": [0, 0, 1],
							"rotation": [10, -22.5, -135],
							"uv": {
								"east": {"uv": [21.25, 8.25], "uv_size": [0.5, 0.5]},
								"south": {"uv": [22.25, 8.25], "uv_size": [0.5, 0.5]},
								"west": {"uv": [23.25, 8.25], "uv_size": [0.5, 0.5]},
								"down": {"uv": [24.75, 8.75], "uv_size": [-0.5, -0.5]}
							}
						},
						{
							"origin": [-4.30952, -1.6, -9.96267],
							"size": [0.2, 0.1, 1.3],
							"pivot": [0, 0, 1],
							"rotation": [0, -22.5, -112.5],
							"uv": {
								"north": {"uv": [25.25, 8.25], "uv_size": [0.5, 0.5]},
								"east": {"uv": [26.25, 8.25], "uv_size": [0.5, 0.5]},
								"west": {"uv": [27.25, 8.25], "uv_size": [0.5, 0.5]},
								"down": {"uv": [28.75, 8.75], "uv_size": [-0.5, -0.5]}
							}
						},
						{
							"origin": [-4.30952, 0.10221, -8.79371],
							"size": [0.2, 0.1, 0.55],
							"pivot": [0, 0, 1],
							"rotation": [10, -22.5, -112.5],
							"uv": {
								"east": {"uv": [29.25, 8.25], "uv_size": [0.5, 0.5]},
								"south": {"uv": [30.25, 8.25], "uv_size": [0.5, 0.5]},
								"west": {"uv": [31.25, 8.25], "uv_size": [0.5, 0.5]},
								"down": {"uv": [0.75, 9.75], "uv_size": [-0.5, -0.5]}
							}
						},
						{
							"origin": [-4.30952, -1.6, -9.96267],
							"size": [0.2, 0.1, 1.3],
							"pivot": [0, 0, 1],
							"rotation": [0, -22.5, -90],
							"uv": {
								"north": {"uv": [1.25, 9.25], "uv_size": [0.5, 0.5]},
								"east": {"uv": [2.25, 9.25], "uv_size": [0.5, 0.5]},
								"west": {"uv": [3.25, 9.25], "uv_size": [0.5, 0.5]},
								"down": {"uv": [4.75, 9.75], "uv_size": [-0.5, -0.5]}
							}
						},
						{
							"origin": [-4.30952, 0.10221, -8.79371],
							"size": [0.2, 0.1, 0.55],
							"pivot": [0, 0, 1],
							"rotation": [10, -22.5, -90],
							"uv": {
								"east": {"uv": [5.25, 9.25], "uv_size": [0.5, 0.5]},
								"south": {"uv": [6.25, 9.25], "uv_size": [0.5, 0.5]},
								"west": {"uv": [7.25, 9.25], "uv_size": [0.5, 0.5]},
								"down": {"uv": [8.75, 9.75], "uv_size": [-0.5, -0.5]}
							}
						},
						{
							"origin": [-4.30952, -1.6, -9.96267],
							"size": [0.2, 0.1, 1.3],
							"pivot": [0, 0, 1],
							"rotation": [0, -22.5, -67.5],
							"uv": {
								"north": {"uv": [9.25, 9.25], "uv_size": [0.5, 0.5]},
								"east": {"uv": [10.25, 9.25], "uv_size": [0.5, 0.5]},
								"west": {"uv": [11.25, 9.25], "uv_size": [0.5, 0.5]},
								"down": {"uv": [12.75, 9.75], "uv_size": [-0.5, -0.5]}
							}
						},
						{
							"origin": [-4.30952, 0.10221, -8.79371],
							"size": [0.2, 0.1, 0.55],
							"pivot": [0, 0, 1],
							"rotation": [10, -22.5, -67.5],
							"uv": {
								"east": {"uv": [13.25, 9.25], "uv_size": [0.5, 0.5]},
								"south": {"uv": [14.25, 9.25], "uv_size": [0.5, 0.5]},
								"west": {"uv": [15.25, 9.25], "uv_size": [0.5, 0.5]},
								"down": {"uv": [16.75, 9.75], "uv_size": [-0.5, -0.5]}
							}
						},
						{
							"origin": [-4.30952, -1.6, -9.96267],
							"size": [0.2, 0.1, 1.3],
							"pivot": [0, 0, 1],
							"rotation": [0, -22.5, -45],
							"uv": {
								"north": {"uv": [17.25, 9.25], "uv_size": [0.5, 0.5]},
								"east": {"uv": [18.25, 9.25], "uv_size": [0.5, 0.5]},
								"west": {"uv": [19.25, 9.25], "uv_size": [0.5, 0.5]},
								"down": {"uv": [20.75, 9.75], "uv_size": [-0.5, -0.5]}
							}
						},
						{
							"origin": [-4.30952, 0.10221, -8.79371],
							"size": [0.2, 0.1, 0.55],
							"pivot": [0, 0, 1],
							"rotation": [10, -22.5, -45],
							"uv": {
								"east": {"uv": [21.25, 9.25], "uv_size": [0.5, 0.5]},
								"south": {"uv": [22.25, 9.25], "uv_size": [0.5, 0.5]},
								"west": {"uv": [23.25, 9.25], "uv_size": [0.5, 0.5]},
								"down": {"uv": [24.75, 9.75], "uv_size": [-0.5, -0.5]}
							}
						},
						{
							"origin": [-4.30952, -1.6, -9.96267],
							"size": [0.2, 0.1, 1.3],
							"pivot": [0, 0, 1],
							"rotation": [0, -22.5, -22.5],
							"uv": {
								"north": {"uv": [25.25, 9.25], "uv_size": [0.5, 0.5]},
								"east": {"uv": [26.25, 9.25], "uv_size": [0.5, 0.5]},
								"west": {"uv": [27.25, 9.25], "uv_size": [0.5, 0.5]},
								"down": {"uv": [28.75, 9.75], "uv_size": [-0.5, -0.5]}
							}
						},
						{
							"origin": [-4.30952, 0.10221, -8.79371],
							"size": [0.2, 0.1, 0.55],
							"pivot": [0, 0, 1],
							"rotation": [10, -22.5, -22.5],
							"uv": {
								"east": {"uv": [29.25, 9.25], "uv_size": [0.5, 0.5]},
								"south": {"uv": [30.25, 9.25], "uv_size": [0.5, 0.5]},
								"west": {"uv": [31.25, 9.25], "uv_size": [0.5, 0.5]},
								"down": {"uv": [0.75, 10.75], "uv_size": [-0.5, -0.5]}
							}
						},
						{
							"origin": [-4.30952, -1.6, -9.96267],
							"size": [0.2, 0.1, 1.3],
							"pivot": [0, 0, 1],
							"rotation": [0, -22.5, 0],
							"uv": {
								"north": {"uv": [1.25, 10.25], "uv_size": [0.5, 0.5]},
								"east": {"uv": [2.25, 10.25], "uv_size": [0.5, 0.5]},
								"west": {"uv": [3.25, 10.25], "uv_size": [0.5, 0.5]},
								"down": {"uv": [4.75, 10.75], "uv_size": [-0.5, -0.5]}
							}
						},
						{
							"origin": [-4.30952, 0.10221, -8.79371],
							"size": [0.2, 0.1, 0.55],
							"pivot": [0, 0, 1],
							"rotation": [10, -22.5, 0],
							"uv": {
								"east": {"uv": [5.25, 10.25], "uv_size": [0.5, 0.5]},
								"south": {"uv": [6.25, 10.25], "uv_size": [0.5, 0.5]},
								"west": {"uv": [7.25, 10.25], "uv_size": [0.5, 0.5]},
								"down": {"uv": [8.75, 10.75], "uv_size": [-0.5, -0.5]}
							}
						},
						{
							"origin": [-4.30952, -1.6, -9.96267],
							"size": [0.2, 0.1, 1.3],
							"pivot": [0, 0, 1],
							"rotation": [0, -22.5, 22.5],
							"uv": {
								"north": {"uv": [9.25, 10.25], "uv_size": [0.5, 0.5]},
								"east": {"uv": [10.25, 10.25], "uv_size": [0.5, 0.5]},
								"west": {"uv": [11.25, 10.25], "uv_size": [0.5, 0.5]},
								"down": {"uv": [12.75, 10.75], "uv_size": [-0.5, -0.5]}
							}
						},
						{
							"origin": [-4.30952, 0.10221, -8.79371],
							"size": [0.2, 0.1, 0.55],
							"pivot": [0, 0, 1],
							"rotation": [10, -22.5, 22.5],
							"uv": {
								"east": {"uv": [13.25, 10.25], "uv_size": [0.5, 0.5]},
								"south": {"uv": [14.25, 10.25], "uv_size": [0.5, 0.5]},
								"west": {"uv": [15.25, 10.25], "uv_size": [0.5, 0.5]},
								"down": {"uv": [16.75, 10.75], "uv_size": [-0.5, -0.5]}
							}
						},
						{
							"origin": [-4.30952, -1.6, -9.96267],
							"size": [0.2, 0.1, 1.3],
							"pivot": [0, 0, 1],
							"rotation": [0, -22.5, 45],
							"uv": {
								"north": {"uv": [17.25, 10.25], "uv_size": [0.5, 0.5]},
								"east": {"uv": [18.25, 10.25], "uv_size": [0.5, 0.5]},
								"west": {"uv": [19.25, 10.25], "uv_size": [0.5, 0.5]},
								"down": {"uv": [20.75, 10.75], "uv_size": [-0.5, -0.5]}
							}
						},
						{
							"origin": [-4.30952, 0.10221, -8.79371],
							"size": [0.2, 0.1, 0.55],
							"pivot": [0, 0, 1],
							"rotation": [10, -22.5, 45],
							"uv": {
								"east": {"uv": [21.25, 10.25], "uv_size": [0.5, 0.5]},
								"south": {"uv": [22.25, 10.25], "uv_size": [0.5, 0.5]},
								"west": {"uv": [23.25, 10.25], "uv_size": [0.5, 0.5]},
								"down": {"uv": [24.75, 10.75], "uv_size": [-0.5, -0.5]}
							}
						},
						{
							"origin": [-4.30952, -1.6, -9.96267],
							"size": [0.2, 0.1, 1.3],
							"pivot": [0, 0, 1],
							"rotation": [0, -22.5, 67.5],
							"uv": {
								"north": {"uv": [25.25, 10.25], "uv_size": [0.5, 0.5]},
								"east": {"uv": [26.25, 10.25], "uv_size": [0.5, 0.5]},
								"west": {"uv": [27.25, 10.25], "uv_size": [0.5, 0.5]},
								"down": {"uv": [28.75, 10.75], "uv_size": [-0.5, -0.5]}
							}
						},
						{
							"origin": [-4.30952, 0.10221, -8.79371],
							"size": [0.2, 0.1, 0.55],
							"pivot": [0, 0, 1],
							"rotation": [10, -22.5, 67.5],
							"uv": {
								"east": {"uv": [29.25, 10.25], "uv_size": [0.5, 0.5]},
								"south": {"uv": [30.25, 10.25], "uv_size": [0.5, 0.5]},
								"west": {"uv": [31.25, 10.25], "uv_size": [0.5, 0.5]},
								"down": {"uv": [0.75, 11.75], "uv_size": [-0.5, -0.5]}
							}
						},
						{
							"origin": [-4.30952, -1.6, -9.96267],
							"size": [0.2, 0.1, 1.3],
							"pivot": [0, 0, 1],
							"rotation": [0, -22.5, 90],
							"uv": {
								"north": {"uv": [1.25, 11.25], "uv_size": [0.5, 0.5]},
								"east": {"uv": [2.25, 11.25], "uv_size": [0.5, 0.5]},
								"west": {"uv": [3.25, 11.25], "uv_size": [0.5, 0.5]},
								"down": {"uv": [4.75, 11.75], "uv_size": [-0.5, -0.5]}
							}
						},
						{
							"origin": [-4.30952, 0.10221, -8.79371],
							"size": [0.2, 0.1, 0.55],
							"pivot": [0, 0, 1],
							"rotation": [10, -22.5, 90],
							"uv": {
								"east": {"uv": [5.25, 11.25], "uv_size": [0.5, 0.5]},
								"south": {"uv": [6.25, 11.25], "uv_size": [0.5, 0.5]},
								"west": {"uv": [7.25, 11.25], "uv_size": [0.5, 0.5]},
								"down": {"uv": [8.75, 11.75], "uv_size": [-0.5, -0.5]}
							}
						},
						{
							"origin": [-4.30952, -1.6, -9.96267],
							"size": [0.2, 0.1, 1.3],
							"pivot": [0, 0, 1],
							"rotation": [0, -22.5, 112.5],
							"uv": {
								"north": {"uv": [9.25, 11.25], "uv_size": [0.5, 0.5]},
								"east": {"uv": [10.25, 11.25], "uv_size": [0.5, 0.5]},
								"west": {"uv": [11.25, 11.25], "uv_size": [0.5, 0.5]},
								"down": {"uv": [12.75, 11.75], "uv_size": [-0.5, -0.5]}
							}
						},
						{
							"origin": [-4.30952, 0.10221, -8.79371],
							"size": [0.2, 0.1, 0.55],
							"pivot": [0, 0, 1],
							"rotation": [10, -22.5, 112.5],
							"uv": {
								"east": {"uv": [13.25, 11.25], "uv_size": [0.5, 0.5]},
								"south": {"uv": [14.25, 11.25], "uv_size": [0.5, 0.5]},
								"west": {"uv": [15.25, 11.25], "uv_size": [0.5, 0.5]},
								"down": {"uv": [16.75, 11.75], "uv_size": [-0.5, -0.5]}
							}
						},
						{
							"origin": [-4.30952, -1.6, -9.96267],
							"size": [0.2, 0.1, 1.3],
							"pivot": [0, 0, 1],
							"rotation": [0, -22.5, 135],
							"uv": {
								"north": {"uv": [17.25, 11.25], "uv_size": [0.5, 0.5]},
								"east": {"uv": [18.25, 11.25], "uv_size": [0.5, 0.5]},
								"west": {"uv": [19.25, 11.25], "uv_size": [0.5, 0.5]},
								"down": {"uv": [20.75, 11.75], "uv_size": [-0.5, -0.5]}
							}
						},
						{
							"origin": [-4.30952, 0.10221, -8.79371],
							"size": [0.2, 0.1, 0.55],
							"pivot": [0, 0, 1],
							"rotation": [10, -22.5, 135],
							"uv": {
								"east": {"uv": [21.25, 11.25], "uv_size": [0.5, 0.5]},
								"south": {"uv": [22.25, 11.25], "uv_size": [0.5, 0.5]},
								"west": {"uv": [23.25, 11.25], "uv_size": [0.5, 0.5]},
								"down": {"uv": [24.75, 11.75], "uv_size": [-0.5, -0.5]}
							}
						},
						{
							"origin": [-4.30952, -1.6, -9.96267],
							"size": [0.2, 0.1, 1.3],
							"pivot": [0, 0, 1],
							"rotation": [0, -22.5, 157.5],
							"uv": {
								"north": {"uv": [25.25, 11.25], "uv_size": [0.5, 0.5]},
								"east": {"uv": [26.25, 11.25], "uv_size": [0.5, 0.5]},
								"west": {"uv": [27.25, 11.25], "uv_size": [0.5, 0.5]},
								"down": {"uv": [28.75, 11.75], "uv_size": [-0.5, -0.5]}
							}
						},
						{
							"origin": [-4.30952, 0.10221, -8.79371],
							"size": [0.2, 0.1, 0.55],
							"pivot": [0, 0, 1],
							"rotation": [10, -22.5, 157.5],
							"uv": {
								"east": {"uv": [29.25, 11.25], "uv_size": [0.5, 0.5]},
								"south": {"uv": [30.25, 11.25], "uv_size": [0.5, 0.5]},
								"west": {"uv": [31.25, 11.25], "uv_size": [0.5, 0.5]},
								"down": {"uv": [0.75, 12.75], "uv_size": [-0.5, -0.5]}
							}
						}
					]
				},
				{
					"name": "twists3",
					"parent": "ThunderBeast_ULTRA50",
					"pivot": [0, 0, -0.5],
					"cubes": [
						{
							"origin": [-4.30952, -1.6, -11.48767],
							"size": [0.2, 0.1, 1.65],
							"pivot": [0, 0, -0.5],
							"rotation": [0, -22.5, 157.5],
							"uv": {
								"north": {"uv": [23.25, 15.25], "uv_size": [0.5, 0.5]},
								"east": {"uv": [24.25, 15.25], "uv_size": [0.5, 0.5]},
								"south": {"uv": [25.25, 15.25], "uv_size": [0.5, 0.5]},
								"west": {"uv": [26.25, 15.25], "uv_size": [0.5, 0.5]},
								"down": {"uv": [27.75, 15.75], "uv_size": [-0.5, -0.5]}
							}
						},
						{
							"origin": [-4.30952, -1.6, -11.48767],
							"size": [0.2, 0.1, 1.65],
							"pivot": [0, 0, -0.5],
							"rotation": [0, -22.5, 135],
							"uv": {
								"north": {"uv": [28.25, 15.25], "uv_size": [0.5, 0.5]},
								"east": {"uv": [29.25, 15.25], "uv_size": [0.5, 0.5]},
								"south": {"uv": [30.25, 15.25], "uv_size": [0.5, 0.5]},
								"west": {"uv": [31.25, 15.25], "uv_size": [0.5, 0.5]},
								"down": {"uv": [0.75, 16.75], "uv_size": [-0.5, -0.5]}
							}
						},
						{
							"origin": [-4.30952, -1.6, -11.48767],
							"size": [0.2, 0.1, 1.65],
							"pivot": [0, 0, -0.5],
							"rotation": [0, -22.5, 112.5],
							"uv": {
								"north": {"uv": [1.25, 16.25], "uv_size": [0.5, 0.5]},
								"east": {"uv": [2.25, 16.25], "uv_size": [0.5, 0.5]},
								"south": {"uv": [3.25, 16.25], "uv_size": [0.5, 0.5]},
								"west": {"uv": [4.25, 16.25], "uv_size": [0.5, 0.5]},
								"down": {"uv": [5.75, 16.75], "uv_size": [-0.5, -0.5]}
							}
						},
						{
							"origin": [-4.30952, -1.6, -11.48767],
							"size": [0.2, 0.1, 1.65],
							"pivot": [0, 0, -0.5],
							"rotation": [0, -22.5, 90],
							"uv": {
								"north": {"uv": [6.25, 16.25], "uv_size": [0.5, 0.5]},
								"east": {"uv": [7.25, 16.25], "uv_size": [0.5, 0.5]},
								"south": {"uv": [8.25, 16.25], "uv_size": [0.5, 0.5]},
								"west": {"uv": [9.25, 16.25], "uv_size": [0.5, 0.5]},
								"down": {"uv": [10.75, 16.75], "uv_size": [-0.5, -0.5]}
							}
						},
						{
							"origin": [-4.30952, -1.6, -11.48767],
							"size": [0.2, 0.1, 1.65],
							"pivot": [0, 0, -0.5],
							"rotation": [0, -22.5, 67.5],
							"uv": {
								"north": {"uv": [11.25, 16.25], "uv_size": [0.5, 0.5]},
								"east": {"uv": [12.25, 16.25], "uv_size": [0.5, 0.5]},
								"south": {"uv": [13.25, 16.25], "uv_size": [0.5, 0.5]},
								"west": {"uv": [14.25, 16.25], "uv_size": [0.5, 0.5]},
								"down": {"uv": [15.75, 16.75], "uv_size": [-0.5, -0.5]}
							}
						},
						{
							"origin": [-4.30952, -1.6, -11.48767],
							"size": [0.2, 0.1, 1.65],
							"pivot": [0, 0, -0.5],
							"rotation": [0, -22.5, 45],
							"uv": {
								"north": {"uv": [16.25, 16.25], "uv_size": [0.5, 0.5]},
								"east": {"uv": [17.25, 16.25], "uv_size": [0.5, 0.5]},
								"south": {"uv": [18.25, 16.25], "uv_size": [0.5, 0.5]},
								"west": {"uv": [19.25, 16.25], "uv_size": [0.5, 0.5]},
								"down": {"uv": [20.75, 16.75], "uv_size": [-0.5, -0.5]}
							}
						},
						{
							"origin": [-4.30952, -1.6, -11.48767],
							"size": [0.2, 0.1, 1.65],
							"pivot": [0, 0, -0.5],
							"rotation": [0, -22.5, 22.5],
							"uv": {
								"north": {"uv": [21.25, 16.25], "uv_size": [0.5, 0.5]},
								"east": {"uv": [22.25, 16.25], "uv_size": [0.5, 0.5]},
								"south": {"uv": [23.25, 16.25], "uv_size": [0.5, 0.5]},
								"west": {"uv": [24.25, 16.25], "uv_size": [0.5, 0.5]},
								"down": {"uv": [25.75, 16.75], "uv_size": [-0.5, -0.5]}
							}
						},
						{
							"origin": [-4.30952, -1.6, -11.48767],
							"size": [0.2, 0.1, 1.65],
							"pivot": [0, 0, -0.5],
							"rotation": [0, -22.5, 0],
							"uv": {
								"north": {"uv": [26.25, 16.25], "uv_size": [0.5, 0.5]},
								"east": {"uv": [27.25, 16.25], "uv_size": [0.5, 0.5]},
								"south": {"uv": [28.25, 16.25], "uv_size": [0.5, 0.5]},
								"west": {"uv": [29.25, 16.25], "uv_size": [0.5, 0.5]},
								"down": {"uv": [30.75, 16.75], "uv_size": [-0.5, -0.5]}
							}
						},
						{
							"origin": [-4.30952, -1.6, -11.48767],
							"size": [0.2, 0.1, 1.65],
							"pivot": [0, 0, -0.5],
							"rotation": [0, -22.5, -22.5],
							"uv": {
								"north": {"uv": [31.25, 16.25], "uv_size": [0.5, 0.5]},
								"east": {"uv": [0.25, 17.25], "uv_size": [0.5, 0.5]},
								"south": {"uv": [1.25, 17.25], "uv_size": [0.5, 0.5]},
								"west": {"uv": [2.25, 17.25], "uv_size": [0.5, 0.5]},
								"down": {"uv": [3.75, 17.75], "uv_size": [-0.5, -0.5]}
							}
						},
						{
							"origin": [-4.30952, -1.6, -11.48767],
							"size": [0.2, 0.1, 1.65],
							"pivot": [0, 0, -0.5],
							"rotation": [0, -22.5, -45],
							"uv": {
								"north": {"uv": [4.25, 17.25], "uv_size": [0.5, 0.5]},
								"east": {"uv": [5.25, 17.25], "uv_size": [0.5, 0.5]},
								"south": {"uv": [6.25, 17.25], "uv_size": [0.5, 0.5]},
								"west": {"uv": [7.25, 17.25], "uv_size": [0.5, 0.5]},
								"down": {"uv": [8.75, 17.75], "uv_size": [-0.5, -0.5]}
							}
						},
						{
							"origin": [-4.30952, -1.6, -11.48767],
							"size": [0.2, 0.1, 1.65],
							"pivot": [0, 0, -0.5],
							"rotation": [0, -22.5, -67.5],
							"uv": {
								"north": {"uv": [9.25, 17.25], "uv_size": [0.5, 0.5]},
								"east": {"uv": [10.25, 17.25], "uv_size": [0.5, 0.5]},
								"south": {"uv": [11.25, 17.25], "uv_size": [0.5, 0.5]},
								"west": {"uv": [12.25, 17.25], "uv_size": [0.5, 0.5]},
								"down": {"uv": [13.75, 17.75], "uv_size": [-0.5, -0.5]}
							}
						},
						{
							"origin": [-4.30952, -1.6, -11.48767],
							"size": [0.2, 0.1, 1.65],
							"pivot": [0, 0, -0.5],
							"rotation": [0, -22.5, -90],
							"uv": {
								"north": {"uv": [14.25, 17.25], "uv_size": [0.5, 0.5]},
								"east": {"uv": [15.25, 17.25], "uv_size": [0.5, 0.5]},
								"south": {"uv": [16.25, 17.25], "uv_size": [0.5, 0.5]},
								"west": {"uv": [17.25, 17.25], "uv_size": [0.5, 0.5]},
								"down": {"uv": [18.75, 17.75], "uv_size": [-0.5, -0.5]}
							}
						},
						{
							"origin": [-4.30952, -1.6, -11.48767],
							"size": [0.2, 0.1, 1.65],
							"pivot": [0, 0, -0.5],
							"rotation": [0, -22.5, -112.5],
							"uv": {
								"north": {"uv": [19.25, 17.25], "uv_size": [0.5, 0.5]},
								"east": {"uv": [20.25, 17.25], "uv_size": [0.5, 0.5]},
								"south": {"uv": [21.25, 17.25], "uv_size": [0.5, 0.5]},
								"west": {"uv": [22.25, 17.25], "uv_size": [0.5, 0.5]},
								"down": {"uv": [23.75, 17.75], "uv_size": [-0.5, -0.5]}
							}
						},
						{
							"origin": [-4.30952, -1.6, -11.48767],
							"size": [0.2, 0.1, 1.65],
							"pivot": [0, 0, -0.5],
							"rotation": [0, -22.5, -135],
							"uv": {
								"north": {"uv": [24.25, 17.25], "uv_size": [0.5, 0.5]},
								"east": {"uv": [25.25, 17.25], "uv_size": [0.5, 0.5]},
								"south": {"uv": [26.25, 17.25], "uv_size": [0.5, 0.5]},
								"west": {"uv": [27.25, 17.25], "uv_size": [0.5, 0.5]},
								"down": {"uv": [28.75, 17.75], "uv_size": [-0.5, -0.5]}
							}
						},
						{
							"origin": [-4.30952, -1.6, -11.48767],
							"size": [0.2, 0.1, 1.65],
							"pivot": [0, 0, -0.5],
							"rotation": [0, -22.5, -157.5],
							"uv": {
								"north": {"uv": [29.25, 17.25], "uv_size": [0.5, 0.5]},
								"east": {"uv": [30.25, 17.25], "uv_size": [0.5, 0.5]},
								"south": {"uv": [31.25, 17.25], "uv_size": [0.5, 0.5]},
								"west": {"uv": [0.25, 18.25], "uv_size": [0.5, 0.5]},
								"down": {"uv": [1.75, 18.75], "uv_size": [-0.5, -0.5]}
							}
						},
						{
							"origin": [-4.30952, -1.6, -11.48767],
							"size": [0.2, 0.1, 1.65],
							"pivot": [0, 0, -0.5],
							"rotation": [0, -22.5, -180],
							"uv": {
								"north": {"uv": [2.25, 18.25], "uv_size": [0.5, 0.5]},
								"east": {"uv": [3.25, 18.25], "uv_size": [0.5, 0.5]},
								"south": {"uv": [4.25, 18.25], "uv_size": [0.5, 0.5]},
								"west": {"uv": [5.25, 18.25], "uv_size": [0.5, 0.5]},
								"down": {"uv": [6.75, 18.75], "uv_size": [-0.5, -0.5]}
							}
						}
					]
				},
				{
					"name": "twists4",
					"parent": "ThunderBeast_ULTRA50",
					"pivot": [0, 0, -24],
					"cubes": [
						{
							"origin": [-4.30952, 1.5, -14.33733],
							"size": [0.2, 0.1, 1.3],
							"pivot": [0, 0, -24],
							"rotation": [0, 22.5, 180],
							"uv": {
								"east": {"uv": [11.25, 18.25], "uv_size": [0.5, 0.5]},
								"south": {"uv": [12.25, 18.25], "uv_size": [0.5, 0.5]},
								"west": {"uv": [13.25, 18.25], "uv_size": [0.5, 0.5]},
								"up": {"uv": [14.75, 18.75], "uv_size": [-0.5, -0.5]}
							}
						},
						{
							"origin": [-4.30952, -0.20221, -14.75629],
							"size": [0.2, 0.1, 0.55],
							"pivot": [0, 0, -24],
							"rotation": [10, 22.5, 180],
							"uv": {
								"north": {"uv": [7.25, 18.25], "uv_size": [0.5, 0.5]},
								"east": {"uv": [8.25, 18.25], "uv_size": [0.5, 0.5]},
								"west": {"uv": [9.25, 18.25], "uv_size": [0.5, 0.5]},
								"up": {"uv": [10.75, 18.75], "uv_size": [-0.5, -0.5]}
							}
						},
						{
							"origin": [-4.30952, 1.5, -14.33733],
							"size": [0.2, 0.1, 1.3],
							"pivot": [0, 0, -24],
							"rotation": [0, 22.5, 157.5],
							"uv": {
								"east": {"uv": [15.25, 18.25], "uv_size": [0.5, 0.5]},
								"south": {"uv": [16.25, 18.25], "uv_size": [0.5, 0.5]},
								"west": {"uv": [17.25, 18.25], "uv_size": [0.5, 0.5]},
								"up": {"uv": [18.75, 18.75], "uv_size": [-0.5, -0.5]}
							}
						},
						{
							"origin": [-4.30952, -0.20221, -14.75629],
							"size": [0.2, 0.1, 0.55],
							"pivot": [0, 0, -24],
							"rotation": [10, 22.5, 157.5],
							"uv": {
								"north": {"uv": [19.25, 18.25], "uv_size": [0.5, 0.5]},
								"east": {"uv": [20.25, 18.25], "uv_size": [0.5, 0.5]},
								"west": {"uv": [21.25, 18.25], "uv_size": [0.5, 0.5]},
								"up": {"uv": [22.75, 18.75], "uv_size": [-0.5, -0.5]}
							}
						},
						{
							"origin": [-4.30952, 1.5, -14.33733],
							"size": [0.2, 0.1, 1.3],
							"pivot": [0, 0, -24],
							"rotation": [0, 22.5, 135],
							"uv": {
								"east": {"uv": [23.25, 18.25], "uv_size": [0.5, 0.5]},
								"south": {"uv": [24.25, 18.25], "uv_size": [0.5, 0.5]},
								"west": {"uv": [25.25, 18.25], "uv_size": [0.5, 0.5]},
								"up": {"uv": [26.75, 18.75], "uv_size": [-0.5, -0.5]}
							}
						},
						{
							"origin": [-4.30952, -0.20221, -14.75629],
							"size": [0.2, 0.1, 0.55],
							"pivot": [0, 0, -24],
							"rotation": [10, 22.5, 135],
							"uv": {
								"north": {"uv": [27.25, 18.25], "uv_size": [0.5, 0.5]},
								"east": {"uv": [28.25, 18.25], "uv_size": [0.5, 0.5]},
								"west": {"uv": [29.25, 18.25], "uv_size": [0.5, 0.5]},
								"up": {"uv": [30.75, 18.75], "uv_size": [-0.5, -0.5]}
							}
						},
						{
							"origin": [-4.30952, 1.5, -14.33733],
							"size": [0.2, 0.1, 1.3],
							"pivot": [0, 0, -24],
							"rotation": [0, 22.5, 112.5],
							"uv": {
								"east": {"uv": [31.25, 18.25], "uv_size": [0.5, 0.5]},
								"south": {"uv": [0.25, 19.25], "uv_size": [0.5, 0.5]},
								"west": {"uv": [1.25, 19.25], "uv_size": [0.5, 0.5]},
								"up": {"uv": [2.75, 19.75], "uv_size": [-0.5, -0.5]}
							}
						},
						{
							"origin": [-4.30952, -0.20221, -14.75629],
							"size": [0.2, 0.1, 0.55],
							"pivot": [0, 0, -24],
							"rotation": [10, 22.5, 112.5],
							"uv": {
								"north": {"uv": [3.25, 19.25], "uv_size": [0.5, 0.5]},
								"east": {"uv": [4.25, 19.25], "uv_size": [0.5, 0.5]},
								"west": {"uv": [5.25, 19.25], "uv_size": [0.5, 0.5]},
								"up": {"uv": [6.75, 19.75], "uv_size": [-0.5, -0.5]}
							}
						},
						{
							"origin": [-4.30952, 1.5, -14.33733],
							"size": [0.2, 0.1, 1.3],
							"pivot": [0, 0, -24],
							"rotation": [0, 22.5, 90],
							"uv": {
								"east": {"uv": [7.25, 19.25], "uv_size": [0.5, 0.5]},
								"south": {"uv": [8.25, 19.25], "uv_size": [0.5, 0.5]},
								"west": {"uv": [9.25, 19.25], "uv_size": [0.5, 0.5]},
								"up": {"uv": [10.75, 19.75], "uv_size": [-0.5, -0.5]}
							}
						},
						{
							"origin": [-4.30952, -0.20221, -14.75629],
							"size": [0.2, 0.1, 0.55],
							"pivot": [0, 0, -24],
							"rotation": [10, 22.5, 90],
							"uv": {
								"north": {"uv": [11.25, 19.25], "uv_size": [0.5, 0.5]},
								"east": {"uv": [12.25, 19.25], "uv_size": [0.5, 0.5]},
								"west": {"uv": [13.25, 19.25], "uv_size": [0.5, 0.5]},
								"up": {"uv": [14.75, 19.75], "uv_size": [-0.5, -0.5]}
							}
						},
						{
							"origin": [-4.30952, 1.5, -14.33733],
							"size": [0.2, 0.1, 1.3],
							"pivot": [0, 0, -24],
							"rotation": [0, 22.5, 67.5],
							"uv": {
								"east": {"uv": [15.25, 19.25], "uv_size": [0.5, 0.5]},
								"south": {"uv": [16.25, 19.25], "uv_size": [0.5, 0.5]},
								"west": {"uv": [17.25, 19.25], "uv_size": [0.5, 0.5]},
								"up": {"uv": [18.75, 19.75], "uv_size": [-0.5, -0.5]}
							}
						},
						{
							"origin": [-4.30952, -0.20221, -14.75629],
							"size": [0.2, 0.1, 0.55],
							"pivot": [0, 0, -24],
							"rotation": [10, 22.5, 67.5],
							"uv": {
								"north": {"uv": [19.25, 19.25], "uv_size": [0.5, 0.5]},
								"east": {"uv": [20.25, 19.25], "uv_size": [0.5, 0.5]},
								"west": {"uv": [21.25, 19.25], "uv_size": [0.5, 0.5]},
								"up": {"uv": [22.75, 19.75], "uv_size": [-0.5, -0.5]}
							}
						},
						{
							"origin": [-4.30952, 1.5, -14.33733],
							"size": [0.2, 0.1, 1.3],
							"pivot": [0, 0, -24],
							"rotation": [0, 22.5, 45],
							"uv": {
								"east": {"uv": [23.25, 19.25], "uv_size": [0.5, 0.5]},
								"south": {"uv": [24.25, 19.25], "uv_size": [0.5, 0.5]},
								"west": {"uv": [25.25, 19.25], "uv_size": [0.5, 0.5]},
								"up": {"uv": [26.75, 19.75], "uv_size": [-0.5, -0.5]}
							}
						},
						{
							"origin": [-4.30952, -0.20221, -14.75629],
							"size": [0.2, 0.1, 0.55],
							"pivot": [0, 0, -24],
							"rotation": [10, 22.5, 45],
							"uv": {
								"north": {"uv": [27.25, 19.25], "uv_size": [0.5, 0.5]},
								"east": {"uv": [28.25, 19.25], "uv_size": [0.5, 0.5]},
								"west": {"uv": [29.25, 19.25], "uv_size": [0.5, 0.5]},
								"up": {"uv": [30.75, 19.75], "uv_size": [-0.5, -0.5]}
							}
						},
						{
							"origin": [-4.30952, 1.5, -14.33733],
							"size": [0.2, 0.1, 1.3],
							"pivot": [0, 0, -24],
							"rotation": [0, 22.5, 22.5],
							"uv": {
								"east": {"uv": [31.25, 19.25], "uv_size": [0.5, 0.5]},
								"south": {"uv": [0.25, 20.25], "uv_size": [0.5, 0.5]},
								"west": {"uv": [1.25, 20.25], "uv_size": [0.5, 0.5]},
								"up": {"uv": [2.75, 20.75], "uv_size": [-0.5, -0.5]}
							}
						},
						{
							"origin": [-4.30952, -0.20221, -14.75629],
							"size": [0.2, 0.1, 0.55],
							"pivot": [0, 0, -24],
							"rotation": [10, 22.5, 22.5],
							"uv": {
								"north": {"uv": [3.25, 20.25], "uv_size": [0.5, 0.5]},
								"east": {"uv": [4.25, 20.25], "uv_size": [0.5, 0.5]},
								"west": {"uv": [5.25, 20.25], "uv_size": [0.5, 0.5]},
								"up": {"uv": [6.75, 20.75], "uv_size": [-0.5, -0.5]}
							}
						},
						{
							"origin": [-4.30952, 1.5, -14.33733],
							"size": [0.2, 0.1, 1.3],
							"pivot": [0, 0, -24],
							"rotation": [0, 22.5, 0],
							"uv": {
								"east": {"uv": [7.25, 20.25], "uv_size": [0.5, 0.5]},
								"south": {"uv": [8.25, 20.25], "uv_size": [0.5, 0.5]},
								"west": {"uv": [9.25, 20.25], "uv_size": [0.5, 0.5]},
								"up": {"uv": [10.75, 20.75], "uv_size": [-0.5, -0.5]}
							}
						},
						{
							"origin": [-4.30952, -0.20221, -14.75629],
							"size": [0.2, 0.1, 0.55],
							"pivot": [0, 0, -24],
							"rotation": [10, 22.5, 0],
							"uv": {
								"north": {"uv": [11.25, 20.25], "uv_size": [0.5, 0.5]},
								"east": {"uv": [12.25, 20.25], "uv_size": [0.5, 0.5]},
								"west": {"uv": [13.25, 20.25], "uv_size": [0.5, 0.5]},
								"up": {"uv": [14.75, 20.75], "uv_size": [-0.5, -0.5]}
							}
						},
						{
							"origin": [-4.30952, 1.5, -14.33733],
							"size": [0.2, 0.1, 1.3],
							"pivot": [0, 0, -24],
							"rotation": [0, 22.5, -22.5],
							"uv": {
								"east": {"uv": [15.25, 20.25], "uv_size": [0.5, 0.5]},
								"south": {"uv": [16.25, 20.25], "uv_size": [0.5, 0.5]},
								"west": {"uv": [17.25, 20.25], "uv_size": [0.5, 0.5]},
								"up": {"uv": [18.75, 20.75], "uv_size": [-0.5, -0.5]}
							}
						},
						{
							"origin": [-4.30952, -0.20221, -14.75629],
							"size": [0.2, 0.1, 0.55],
							"pivot": [0, 0, -24],
							"rotation": [10, 22.5, -22.5],
							"uv": {
								"north": {"uv": [19.25, 20.25], "uv_size": [0.5, 0.5]},
								"east": {"uv": [20.25, 20.25], "uv_size": [0.5, 0.5]},
								"west": {"uv": [21.25, 20.25], "uv_size": [0.5, 0.5]},
								"up": {"uv": [22.75, 20.75], "uv_size": [-0.5, -0.5]}
							}
						},
						{
							"origin": [-4.30952, 1.5, -14.33733],
							"size": [0.2, 0.1, 1.3],
							"pivot": [0, 0, -24],
							"rotation": [0, 22.5, -45],
							"uv": {
								"east": {"uv": [23.25, 20.25], "uv_size": [0.5, 0.5]},
								"south": {"uv": [24.25, 20.25], "uv_size": [0.5, 0.5]},
								"west": {"uv": [25.25, 20.25], "uv_size": [0.5, 0.5]},
								"up": {"uv": [26.75, 20.75], "uv_size": [-0.5, -0.5]}
							}
						},
						{
							"origin": [-4.30952, -0.20221, -14.75629],
							"size": [0.2, 0.1, 0.55],
							"pivot": [0, 0, -24],
							"rotation": [10, 22.5, -45],
							"uv": {
								"north": {"uv": [27.25, 20.25], "uv_size": [0.5, 0.5]},
								"east": {"uv": [28.25, 20.25], "uv_size": [0.5, 0.5]},
								"west": {"uv": [29.25, 20.25], "uv_size": [0.5, 0.5]},
								"up": {"uv": [30.75, 20.75], "uv_size": [-0.5, -0.5]}
							}
						},
						{
							"origin": [-4.30952, 1.5, -14.33733],
							"size": [0.2, 0.1, 1.3],
							"pivot": [0, 0, -24],
							"rotation": [0, 22.5, -67.5],
							"uv": {
								"east": {"uv": [31.25, 20.25], "uv_size": [0.5, 0.5]},
								"south": {"uv": [0.25, 21.25], "uv_size": [0.5, 0.5]},
								"west": {"uv": [1.25, 21.25], "uv_size": [0.5, 0.5]},
								"up": {"uv": [2.75, 21.75], "uv_size": [-0.5, -0.5]}
							}
						},
						{
							"origin": [-4.30952, -0.20221, -14.75629],
							"size": [0.2, 0.1, 0.55],
							"pivot": [0, 0, -24],
							"rotation": [10, 22.5, -67.5],
							"uv": {
								"north": {"uv": [3.25, 21.25], "uv_size": [0.5, 0.5]},
								"east": {"uv": [4.25, 21.25], "uv_size": [0.5, 0.5]},
								"west": {"uv": [5.25, 21.25], "uv_size": [0.5, 0.5]},
								"up": {"uv": [6.75, 21.75], "uv_size": [-0.5, -0.5]}
							}
						},
						{
							"origin": [-4.30952, 1.5, -14.33733],
							"size": [0.2, 0.1, 1.3],
							"pivot": [0, 0, -24],
							"rotation": [0, 22.5, -90],
							"uv": {
								"east": {"uv": [7.25, 21.25], "uv_size": [0.5, 0.5]},
								"south": {"uv": [8.25, 21.25], "uv_size": [0.5, 0.5]},
								"west": {"uv": [9.25, 21.25], "uv_size": [0.5, 0.5]},
								"up": {"uv": [10.75, 21.75], "uv_size": [-0.5, -0.5]}
							}
						},
						{
							"origin": [-4.30952, -0.20221, -14.75629],
							"size": [0.2, 0.1, 0.55],
							"pivot": [0, 0, -24],
							"rotation": [10, 22.5, -90],
							"uv": {
								"north": {"uv": [11.25, 21.25], "uv_size": [0.5, 0.5]},
								"east": {"uv": [12.25, 21.25], "uv_size": [0.5, 0.5]},
								"west": {"uv": [13.25, 21.25], "uv_size": [0.5, 0.5]},
								"up": {"uv": [14.75, 21.75], "uv_size": [-0.5, -0.5]}
							}
						},
						{
							"origin": [-4.30952, 1.5, -14.33733],
							"size": [0.2, 0.1, 1.3],
							"pivot": [0, 0, -24],
							"rotation": [0, 22.5, -112.5],
							"uv": {
								"east": {"uv": [15.25, 21.25], "uv_size": [0.5, 0.5]},
								"south": {"uv": [16.25, 21.25], "uv_size": [0.5, 0.5]},
								"west": {"uv": [17.25, 21.25], "uv_size": [0.5, 0.5]},
								"up": {"uv": [18.75, 21.75], "uv_size": [-0.5, -0.5]}
							}
						},
						{
							"origin": [-4.30952, -0.20221, -14.75629],
							"size": [0.2, 0.1, 0.55],
							"pivot": [0, 0, -24],
							"rotation": [10, 22.5, -112.5],
							"uv": {
								"north": {"uv": [19.25, 21.25], "uv_size": [0.5, 0.5]},
								"east": {"uv": [20.25, 21.25], "uv_size": [0.5, 0.5]},
								"west": {"uv": [21.25, 21.25], "uv_size": [0.5, 0.5]},
								"up": {"uv": [22.75, 21.75], "uv_size": [-0.5, -0.5]}
							}
						},
						{
							"origin": [-4.30952, 1.5, -14.33733],
							"size": [0.2, 0.1, 1.3],
							"pivot": [0, 0, -24],
							"rotation": [0, 22.5, -135],
							"uv": {
								"east": {"uv": [23.25, 21.25], "uv_size": [0.5, 0.5]},
								"south": {"uv": [24.25, 21.25], "uv_size": [0.5, 0.5]},
								"west": {"uv": [25.25, 21.25], "uv_size": [0.5, 0.5]},
								"up": {"uv": [26.75, 21.75], "uv_size": [-0.5, -0.5]}
							}
						},
						{
							"origin": [-4.30952, -0.20221, -14.75629],
							"size": [0.2, 0.1, 0.55],
							"pivot": [0, 0, -24],
							"rotation": [10, 22.5, -135],
							"uv": {
								"north": {"uv": [27.25, 21.25], "uv_size": [0.5, 0.5]},
								"east": {"uv": [28.25, 21.25], "uv_size": [0.5, 0.5]},
								"west": {"uv": [29.25, 21.25], "uv_size": [0.5, 0.5]},
								"up": {"uv": [30.75, 21.75], "uv_size": [-0.5, -0.5]}
							}
						},
						{
							"origin": [-4.30952, 1.5, -14.33733],
							"size": [0.2, 0.1, 1.3],
							"pivot": [0, 0, -24],
							"rotation": [0, 22.5, -157.5],
							"uv": {
								"east": {"uv": [31.25, 21.25], "uv_size": [0.5, 0.5]},
								"south": {"uv": [0.25, 22.25], "uv_size": [0.5, 0.5]},
								"west": {"uv": [1.25, 22.25], "uv_size": [0.5, 0.5]},
								"up": {"uv": [2.75, 22.75], "uv_size": [-0.5, -0.5]}
							}
						},
						{
							"origin": [-4.30952, -0.20221, -14.75629],
							"size": [0.2, 0.1, 0.55],
							"pivot": [0, 0, -24],
							"rotation": [10, 22.5, -157.5],
							"uv": {
								"north": {"uv": [3.25, 22.25], "uv_size": [0.5, 0.5]},
								"east": {"uv": [4.25, 22.25], "uv_size": [0.5, 0.5]},
								"west": {"uv": [5.25, 22.25], "uv_size": [0.5, 0.5]},
								"up": {"uv": [6.75, 22.75], "uv_size": [-0.5, -0.5]}
							}
						}
					]
				},
				{
					"name": "RRmb",
					"parent": "ThunderBeast_ULTRA50",
					"pivot": [0, 0, -4.9],
					"cubes": [
						{
							"origin": [-0.84853, -1.27279, -25.5],
							"size": [1.69706, 0.77279, 4.5],
							"uv": {
								"north": {"uv": [1.25, 12.25], "uv_size": [0.5, 0.5]},
								"up": {"uv": [2.75, 12.75], "uv_size": [-0.5, -0.5]},
								"down": {"uv": [3.75, 12.75], "uv_size": [-0.5, -0.5]}
							}
						},
						{
							"origin": [-0.84853, -1.27279, -25.5],
							"size": [1.69706, 0.77279, 4.5],
							"pivot": [0, 0, -2.5],
							"rotation": [0, 0, -180],
							"uv": {
								"north": {"uv": [4.25, 12.25], "uv_size": [0.5, 0.5]},
								"up": {"uv": [5.75, 12.75], "uv_size": [-0.5, -0.5]},
								"down": {"uv": [6.75, 12.75], "uv_size": [-0.5, -0.5]}
							}
						},
						{
							"origin": [-0.3, -1.5, -25.5],
							"size": [0.6, 0.575, 4.5],
							"pivot": [0, 0, -2.5],
							"rotation": [0, 0, -135],
							"uv": {
								"north": {"uv": [7.25, 12.25], "uv_size": [0.5, 0.5]},
								"east": {"uv": [8.25, 12.25], "uv_size": [0.5, 0.5]},
								"up": {"uv": [9.75, 12.75], "uv_size": [-0.5, -0.5]},
								"down": {"uv": [10.75, 12.75], "uv_size": [-0.5, -0.5]}
							}
						},
						{
							"origin": [-0.3, -1.5, -25.5],
							"size": [0.6, 0.575, 4.5],
							"pivot": [0, 0, -2.5],
							"rotation": [0, 0, -45],
							"uv": {
								"north": {"uv": [23.25, 12.25], "uv_size": [0.5, 0.5]},
								"west": {"uv": [24.25, 12.25], "uv_size": [0.5, 0.5]},
								"up": {"uv": [25.75, 12.75], "uv_size": [-0.5, -0.5]},
								"down": {"uv": [26.75, 12.75], "uv_size": [-0.5, -0.5]}
							}
						},
						{
							"origin": [-0.3, -1.5, -21.75],
							"size": [0.6, 0.9, 0.75],
							"pivot": [0, 0, -2.5],
							"rotation": [0, 0, -112.5],
							"uv": {
								"north": {"uv": [11.25, 12.25], "uv_size": [0.5, 0.5]},
								"south": {"uv": [12.25, 12.25], "uv_size": [0.5, 0.5]},
								"up": {"uv": [13.75, 12.75], "uv_size": [-0.5, -0.5]},
								"down": {"uv": [14.75, 12.75], "uv_size": [-0.5, -0.5]}
							}
						},
						{
							"origin": [-0.3, -1.5, -21.75],
							"size": [0.6, 0.9, 0.75],
							"pivot": [0, 0, -2.5],
							"rotation": [0, 0, -90],
							"uv": {
								"north": {"uv": [15.25, 12.25], "uv_size": [0.5, 0.5]},
								"south": {"uv": [16.25, 12.25], "uv_size": [0.5, 0.5]},
								"up": {"uv": [17.75, 12.75], "uv_size": [-0.5, -0.5]},
								"down": {"uv": [18.75, 12.75], "uv_size": [-0.5, -0.5]}
							}
						},
						{
							"origin": [-0.3, -1.5, -21.75],
							"size": [0.6, 0.9, 0.75],
							"pivot": [0, 0, -2.5],
							"rotation": [0, 0, -67.5],
							"uv": {
								"north": {"uv": [19.25, 12.25], "uv_size": [0.5, 0.5]},
								"south": {"uv": [20.25, 12.25], "uv_size": [0.5, 0.5]},
								"up": {"uv": [21.75, 12.75], "uv_size": [-0.5, -0.5]},
								"down": {"uv": [22.75, 12.75], "uv_size": [-0.5, -0.5]}
							}
						},
						{
							"origin": [-0.3, -1.5, -23],
							"size": [0.6, 0.9, 0.5],
							"pivot": [0, 0, -4],
							"rotation": [0, 0, -67.5],
							"uv": {
								"north": {"uv": [3.25, 13.25], "uv_size": [0.5, 0.5]},
								"south": {"uv": [4.25, 13.25], "uv_size": [0.5, 0.5]},
								"up": {"uv": [5.75, 13.75], "uv_size": [-0.5, -0.5]},
								"down": {"uv": [6.75, 13.75], "uv_size": [-0.5, -0.5]}
							}
						},
						{
							"origin": [-0.3, -1.5, -23],
							"size": [0.6, 0.9, 0.5],
							"pivot": [0, 0, -4],
							"rotation": [0, 0, -90],
							"uv": {
								"north": {"uv": [31.25, 12.25], "uv_size": [0.5, 0.5]},
								"south": {"uv": [0.25, 13.25], "uv_size": [0.5, 0.5]},
								"up": {"uv": [1.75, 13.75], "uv_size": [-0.5, -0.5]},
								"down": {"uv": [2.75, 13.75], "uv_size": [-0.5, -0.5]}
							}
						},
						{
							"origin": [-0.3, -1.5, -23],
							"size": [0.6, 0.9, 0.5],
							"pivot": [0, 0, -4],
							"rotation": [0, 0, -112.5],
							"uv": {
								"north": {"uv": [27.25, 12.25], "uv_size": [0.5, 0.5]},
								"south": {"uv": [28.25, 12.25], "uv_size": [0.5, 0.5]},
								"up": {"uv": [29.75, 12.75], "uv_size": [-0.5, -0.5]},
								"down": {"uv": [30.75, 12.75], "uv_size": [-0.5, -0.5]}
							}
						},
						{
							"origin": [-0.3, -1.5, -24.25],
							"size": [0.6, 0.9, 0.5],
							"pivot": [0, 0, -5.25],
							"rotation": [0, 0, -67.5],
							"uv": {
								"north": {"uv": [15.25, 13.25], "uv_size": [0.5, 0.5]},
								"south": {"uv": [16.25, 13.25], "uv_size": [0.5, 0.5]},
								"up": {"uv": [17.75, 13.75], "uv_size": [-0.5, -0.5]},
								"down": {"uv": [18.75, 13.75], "uv_size": [-0.5, -0.5]}
							}
						},
						{
							"origin": [-0.3, -1.5, -24.25],
							"size": [0.6, 0.9, 0.5],
							"pivot": [0, 0, -5.25],
							"rotation": [0, 0, -90],
							"uv": {
								"north": {"uv": [11.25, 13.25], "uv_size": [0.5, 0.5]},
								"south": {"uv": [12.25, 13.25], "uv_size": [0.5, 0.5]},
								"up": {"uv": [13.75, 13.75], "uv_size": [-0.5, -0.5]},
								"down": {"uv": [14.75, 13.75], "uv_size": [-0.5, -0.5]}
							}
						},
						{
							"origin": [-0.3, -1.5, -24.25],
							"size": [0.6, 0.9, 0.5],
							"pivot": [0, 0, -5.25],
							"rotation": [0, 0, -112.5],
							"uv": {
								"north": {"uv": [7.25, 13.25], "uv_size": [0.5, 0.5]},
								"south": {"uv": [8.25, 13.25], "uv_size": [0.5, 0.5]},
								"up": {"uv": [9.75, 13.75], "uv_size": [-0.5, -0.5]},
								"down": {"uv": [10.75, 13.75], "uv_size": [-0.5, -0.5]}
							}
						},
						{
							"origin": [-0.3, -1.5, -25.5],
							"size": [0.6, 0.9, 0.5],
							"pivot": [0, 0, -6.5],
							"rotation": [0, 0, -67.5],
							"uv": {
								"north": {"uv": [27.25, 13.25], "uv_size": [0.5, 0.5]},
								"south": {"uv": [28.25, 13.25], "uv_size": [0.5, 0.5]},
								"up": {"uv": [29.75, 13.75], "uv_size": [-0.5, -0.5]},
								"down": {"uv": [30.75, 13.75], "uv_size": [-0.5, -0.5]}
							}
						},
						{
							"origin": [-0.3, -1.5, -25.5],
							"size": [0.6, 0.9, 0.5],
							"pivot": [0, 0, -6.5],
							"rotation": [0, 0, -90],
							"uv": {
								"north": {"uv": [23.25, 13.25], "uv_size": [0.5, 0.5]},
								"south": {"uv": [24.25, 13.25], "uv_size": [0.5, 0.5]},
								"up": {"uv": [25.75, 13.75], "uv_size": [-0.5, -0.5]},
								"down": {"uv": [26.75, 13.75], "uv_size": [-0.5, -0.5]}
							}
						},
						{
							"origin": [-0.3, -1.5, -25.5],
							"size": [0.6, 0.9, 0.5],
							"pivot": [0, 0, -6.5],
							"rotation": [0, 0, -112.5],
							"uv": {
								"north": {"uv": [19.25, 13.25], "uv_size": [0.5, 0.5]},
								"south": {"uv": [20.25, 13.25], "uv_size": [0.5, 0.5]},
								"up": {"uv": [21.75, 13.75], "uv_size": [-0.5, -0.5]},
								"down": {"uv": [22.75, 13.75], "uv_size": [-0.5, -0.5]}
							}
						},
						{
							"origin": [-0.3, -1.5, -25.5],
							"size": [0.6, 0.9, 0.5],
							"pivot": [0, 0, -6.5],
							"rotation": [0, 0, 112.5],
							"uv": {
								"north": {"uv": [19.25, 15.25], "uv_size": [0.5, 0.5]},
								"south": {"uv": [20.25, 15.25], "uv_size": [0.5, 0.5]},
								"up": {"uv": [21.75, 15.75], "uv_size": [-0.5, -0.5]},
								"down": {"uv": [22.75, 15.75], "uv_size": [-0.5, -0.5]}
							}
						},
						{
							"origin": [-0.3, -1.5, -25.5],
							"size": [0.6, 0.9, 0.5],
							"pivot": [0, 0, -6.5],
							"rotation": [0, 0, 90],
							"uv": {
								"north": {"uv": [15.25, 15.25], "uv_size": [0.5, 0.5]},
								"south": {"uv": [16.25, 15.25], "uv_size": [0.5, 0.5]},
								"up": {"uv": [17.75, 15.75], "uv_size": [-0.5, -0.5]},
								"down": {"uv": [18.75, 15.75], "uv_size": [-0.5, -0.5]}
							}
						},
						{
							"origin": [-0.3, -1.5, -25.5],
							"size": [0.6, 0.9, 0.5],
							"pivot": [0, 0, -6.5],
							"rotation": [0, 0, 67.5],
							"uv": {
								"north": {"uv": [11.25, 15.25], "uv_size": [0.5, 0.5]},
								"south": {"uv": [12.25, 15.25], "uv_size": [0.5, 0.5]},
								"up": {"uv": [13.75, 15.75], "uv_size": [-0.5, -0.5]},
								"down": {"uv": [14.75, 15.75], "uv_size": [-0.5, -0.5]}
							}
						},
						{
							"origin": [-0.3, -1.5, -24.25],
							"size": [0.6, 0.9, 0.5],
							"pivot": [0, 0, -5.25],
							"rotation": [0, 0, 112.5],
							"uv": {
								"north": {"uv": [7.25, 15.25], "uv_size": [0.5, 0.5]},
								"south": {"uv": [8.25, 15.25], "uv_size": [0.5, 0.5]},
								"up": {"uv": [9.75, 15.75], "uv_size": [-0.5, -0.5]},
								"down": {"uv": [10.75, 15.75], "uv_size": [-0.5, -0.5]}
							}
						},
						{
							"origin": [-0.3, -1.5, -24.25],
							"size": [0.6, 0.9, 0.5],
							"pivot": [0, 0, -5.25],
							"rotation": [0, 0, 90],
							"uv": {
								"north": {"uv": [3.25, 15.25], "uv_size": [0.5, 0.5]},
								"south": {"uv": [4.25, 15.25], "uv_size": [0.5, 0.5]},
								"up": {"uv": [5.75, 15.75], "uv_size": [-0.5, -0.5]},
								"down": {"uv": [6.75, 15.75], "uv_size": [-0.5, -0.5]}
							}
						},
						{
							"origin": [-0.3, -1.5, -24.25],
							"size": [0.6, 0.9, 0.5],
							"pivot": [0, 0, -5.25],
							"rotation": [0, 0, 67.5],
							"uv": {
								"north": {"uv": [31.25, 14.25], "uv_size": [0.5, 0.5]},
								"south": {"uv": [0.25, 15.25], "uv_size": [0.5, 0.5]},
								"up": {"uv": [1.75, 15.75], "uv_size": [-0.5, -0.5]},
								"down": {"uv": [2.75, 15.75], "uv_size": [-0.5, -0.5]}
							}
						},
						{
							"origin": [-0.3, -1.5, -23],
							"size": [0.6, 0.9, 0.5],
							"pivot": [0, 0, -4],
							"rotation": [0, 0, 112.5],
							"uv": {
								"north": {"uv": [27.25, 14.25], "uv_size": [0.5, 0.5]},
								"south": {"uv": [28.25, 14.25], "uv_size": [0.5, 0.5]},
								"up": {"uv": [29.75, 14.75], "uv_size": [-0.5, -0.5]},
								"down": {"uv": [30.75, 14.75], "uv_size": [-0.5, -0.5]}
							}
						},
						{
							"origin": [-0.3, -1.5, -23],
							"size": [0.6, 0.9, 0.5],
							"pivot": [0, 0, -4],
							"rotation": [0, 0, 90],
							"uv": {
								"north": {"uv": [23.25, 14.25], "uv_size": [0.5, 0.5]},
								"south": {"uv": [24.25, 14.25], "uv_size": [0.5, 0.5]},
								"up": {"uv": [25.75, 14.75], "uv_size": [-0.5, -0.5]},
								"down": {"uv": [26.75, 14.75], "uv_size": [-0.5, -0.5]}
							}
						},
						{
							"origin": [-0.3, -1.5, -23],
							"size": [0.6, 0.9, 0.5],
							"pivot": [0, 0, -4],
							"rotation": [0, 0, 67.5],
							"uv": {
								"north": {"uv": [19.25, 14.25], "uv_size": [0.5, 0.5]},
								"south": {"uv": [20.25, 14.25], "uv_size": [0.5, 0.5]},
								"up": {"uv": [21.75, 14.75], "uv_size": [-0.5, -0.5]},
								"down": {"uv": [22.75, 14.75], "uv_size": [-0.5, -0.5]}
							}
						},
						{
							"origin": [-0.3, -1.5, -21.75],
							"size": [0.6, 0.9, 0.75],
							"pivot": [0, 0, -2.5],
							"rotation": [0, 0, 67.5],
							"uv": {
								"north": {"uv": [15.25, 14.25], "uv_size": [0.5, 0.5]},
								"south": {"uv": [16.25, 14.25], "uv_size": [0.5, 0.5]},
								"up": {"uv": [17.75, 14.75], "uv_size": [-0.5, -0.5]},
								"down": {"uv": [18.75, 14.75], "uv_size": [-0.5, -0.5]}
							}
						},
						{
							"origin": [-0.3, -1.5, -21.75],
							"size": [0.6, 0.9, 0.75],
							"pivot": [0, 0, -2.5],
							"rotation": [0, 0, 90],
							"uv": {
								"north": {"uv": [11.25, 14.25], "uv_size": [0.5, 0.5]},
								"south": {"uv": [12.25, 14.25], "uv_size": [0.5, 0.5]},
								"up": {"uv": [13.75, 14.75], "uv_size": [-0.5, -0.5]},
								"down": {"uv": [14.75, 14.75], "uv_size": [-0.5, -0.5]}
							}
						},
						{
							"origin": [-0.3, -1.5, -21.75],
							"size": [0.6, 0.9, 0.75],
							"pivot": [0, 0, -2.5],
							"rotation": [0, 0, 112.5],
							"uv": {
								"north": {"uv": [7.25, 14.25], "uv_size": [0.5, 0.5]},
								"south": {"uv": [8.25, 14.25], "uv_size": [0.5, 0.5]},
								"up": {"uv": [9.75, 14.75], "uv_size": [-0.5, -0.5]},
								"down": {"uv": [10.75, 14.75], "uv_size": [-0.5, -0.5]}
							}
						},
						{
							"origin": [-0.3, -1.5, -25.5],
							"size": [0.6, 0.575, 4.5],
							"pivot": [0, 0, -2.5],
							"rotation": [0, 0, 45],
							"uv": {
								"north": {"uv": [3.25, 14.25], "uv_size": [0.5, 0.5]},
								"east": {"uv": [4.25, 14.25], "uv_size": [0.5, 0.5]},
								"up": {"uv": [5.75, 14.75], "uv_size": [-0.5, -0.5]},
								"down": {"uv": [6.75, 14.75], "uv_size": [-0.5, -0.5]}
							}
						},
						{
							"origin": [-0.3, -1.5, -25.5],
							"size": [0.6, 0.575, 4.5],
							"pivot": [0, 0, -2.5],
							"rotation": [0, 0, 135],
							"uv": {
								"north": {"uv": [31.25, 13.25], "uv_size": [0.5, 0.5]},
								"west": {"uv": [0.25, 14.25], "uv_size": [0.5, 0.5]},
								"up": {"uv": [1.75, 14.75], "uv_size": [-0.5, -0.5]},
								"down": {"uv": [2.75, 14.75], "uv_size": [-0.5, -0.5]}
							}
						}
					]
				},
				{
					"name": "chassismuzzledevice",
					"parent": "silencer",
					"pivot": [0, 0, -1.5],
					"cubes": [
						{
							"origin": [-0.2485, -0.6, -0.5],
							"size": [0.497, 1.2, 0.5],
							"uv": {
								"south": {"uv": [0.25, 0.25], "uv_size": [0.5, 0.5]},
								"up": {"uv": [1.75, 0.75], "uv_size": [-0.5, -0.5]},
								"down": {"uv": [2.75, 0.75], "uv_size": [-0.5, -0.5]}
							}
						},
						{
							"origin": [-0.2485, -0.6, -0.5],
							"size": [0.497, 1.2, 0.5],
							"pivot": [0, 0, -0.25],
							"rotation": [0, 0, 45],
							"uv": {
								"south": {"uv": [15.25, 0.25], "uv_size": [0.5, 0.5]},
								"up": {"uv": [16.75, 0.75], "uv_size": [-0.5, -0.5]},
								"down": {"uv": [17.75, 0.75], "uv_size": [-0.5, -0.5]}
							}
						},
						{
							"origin": [-0.2485, -0.6, -0.5],
							"size": [0.497, 1.2, 0.5],
							"pivot": [0, 0, -0.25],
							"rotation": [0, 0, 90],
							"uv": {
								"south": {"uv": [18.25, 0.25], "uv_size": [0.5, 0.5]},
								"up": {"uv": [19.75, 0.75], "uv_size": [-0.5, -0.5]},
								"down": {"uv": [20.75, 0.75], "uv_size": [-0.5, -0.5]}
							}
						},
						{
							"origin": [-0.2485, -0.6, -0.5],
							"size": [0.497, 1.2, 0.5],
							"pivot": [0, 0, -0.25],
							"rotation": [0, 0, 135],
							"uv": {
								"south": {"uv": [21.25, 0.25], "uv_size": [0.5, 0.5]},
								"up": {"uv": [22.75, 0.75], "uv_size": [-0.5, -0.5]},
								"down": {"uv": [23.75, 0.75], "uv_size": [-0.5, -0.5]}
							}
						},
						{
							"origin": [-0.3107, -0.75, -1],
							"size": [0.6214, 1.5, 0.5],
							"uv": {
								"south": {"uv": [3.25, 0.25], "uv_size": [0.5, 0.5]},
								"up": {"uv": [4.75, 0.75], "uv_size": [-0.5, -0.5]},
								"down": {"uv": [5.75, 0.75], "uv_size": [-0.5, -0.5]}
							}
						},
						{
							"origin": [-0.3107, -0.75, -1],
							"size": [0.6214, 1.5, 0.5],
							"pivot": [0, 0, -0.75],
							"rotation": [0, 0, 45],
							"uv": {
								"south": {"uv": [6.25, 0.25], "uv_size": [0.5, 0.5]},
								"up": {"uv": [7.75, 0.75], "uv_size": [-0.5, -0.5]},
								"down": {"uv": [8.75, 0.75], "uv_size": [-0.5, -0.5]}
							}
						},
						{
							"origin": [-0.3107, -0.75, -1],
							"size": [0.6214, 1.5, 0.5],
							"pivot": [0, 0, -0.75],
							"rotation": [0, 0, 90],
							"uv": {
								"south": {"uv": [9.25, 0.25], "uv_size": [0.5, 0.5]},
								"up": {"uv": [10.75, 0.75], "uv_size": [-0.5, -0.5]},
								"down": {"uv": [11.75, 0.75], "uv_size": [-0.5, -0.5]}
							}
						},
						{
							"origin": [-0.3107, -0.75, -1],
							"size": [0.6214, 1.5, 0.5],
							"pivot": [0, 0, -0.75],
							"rotation": [0, 0, 135],
							"uv": {
								"south": {"uv": [12.25, 0.25], "uv_size": [0.5, 0.5]},
								"up": {"uv": [13.75, 0.75], "uv_size": [-0.5, -0.5]},
								"down": {"uv": [14.75, 0.75], "uv_size": [-0.5, -0.5]}
							}
						}
					]
				}
			]
		}
	]
}