{
	"format_version": "1.12.0",
	"minecraft:geometry": [
		{
			"description": {
				"identifier": "geometry.muzzle_vector12 - Converted",
				"texture_width": 32,
				"texture_height": 32,
				"visible_bounds_width": 4,
				"visible_bounds_height": 2.5,
				"visible_bounds_offset": [0, 0.75, 0]
			},
			"bones": [
				{
					"name": "KRISS_12inch",
					"pivot": [-4, -1, 0],
					"cubes": [
						{
							"origin": [0.225, -0.15533, -9.425],
							"size": [0.15, 0.31066, 9.2],
							"pivot": [0, 0, -12.6],
							"rotation": [0, 0, -45],
							"uv": {
								"north": {"uv": [21, 20], "uv_size": [1, 1]},
								"east": {"uv": [0, 0], "uv_size": [9, 1]},
								"south": {"uv": [2, 22], "uv_size": [1, 1]},
								"west": {"uv": [0, 1], "uv_size": [9, 1]}
							}
						},
						{
							"origin": [-0.375, -0.15533, -9.425],
							"size": [0.15, 0.31066, 9.2],
							"pivot": [0, 0, -12.6],
							"rotation": [0, 0, 45],
							"uv": {
								"north": {"uv": [3, 22], "uv_size": [1, 1]},
								"east": {"uv": [0, 2], "uv_size": [9, 1]},
								"south": {"uv": [4, 22], "uv_size": [1, 1]},
								"west": {"uv": [0, 3], "uv_size": [9, 1]}
							}
						},
						{
							"origin": [-0.15533, -0.375, -9.425],
							"size": [0.31066, 0.15, 9.2],
							"pivot": [0, 0, -12.6],
							"rotation": [0, 0, 45],
							"uv": {
								"north": {"uv": [5, 22], "uv_size": [1, 1]},
								"south": {"uv": [22, 12], "uv_size": [1, 1]},
								"up": {"uv": [0, 4], "uv_size": [1, 9]},
								"down": {"uv": [1, 13], "uv_size": [1, -9]}
							}
						},
						{
							"origin": [-0.15533, -0.375, -9.425],
							"size": [0.31066, 0.15, 9.2],
							"pivot": [0, 0, -12.6],
							"rotation": [0, 0, -45],
							"uv": {
								"north": {"uv": [22, 13], "uv_size": [1, 1]},
								"south": {"uv": [22, 14], "uv_size": [1, 1]},
								"up": {"uv": [2, 4], "uv_size": [1, 9]},
								"down": {"uv": [3, 13], "uv_size": [1, -9]}
							}
						},
						{
							"origin": [-0.15533, -0.375, -9.425],
							"size": [0.31066, 0.15, 9.2],
							"uv": {
								"north": {"uv": [22, 15], "uv_size": [1, 1]},
								"south": {"uv": [18, 22], "uv_size": [1, 1]},
								"up": {"uv": [4, 4], "uv_size": [1, 9]},
								"down": {"uv": [5, 13], "uv_size": [1, -9]}
							}
						},
						{
							"origin": [-0.15533, -0.375, -9.425],
							"size": [0.31066, 0.15, 9.2],
							"pivot": [0, 0, -12.6],
							"rotation": [0, 0, 90],
							"uv": {
								"north": {"uv": [19, 22], "uv_size": [1, 1]},
								"south": {"uv": [20, 22], "uv_size": [1, 1]},
								"up": {"uv": [6, 4], "uv_size": [1, 9]},
								"down": {"uv": [7, 13], "uv_size": [1, -9]}
							}
						},
						{
							"origin": [-0.375, -0.15533, -9.425],
							"size": [0.15, 0.31066, 9.2],
							"pivot": [0, 0, -12.6],
							"rotation": [0, 0, 90],
							"uv": {
								"north": {"uv": [22, 20], "uv_size": [1, 1]},
								"east": {"uv": [8, 4], "uv_size": [9, 1]},
								"south": {"uv": [21, 22], "uv_size": [1, 1]},
								"west": {"uv": [8, 5], "uv_size": [9, 1]}
							}
						},
						{
							"origin": [0.225, -0.15533, -9.425],
							"size": [0.15, 0.31066, 9.2],
							"uv": {
								"north": {"uv": [22, 21], "uv_size": [1, 1]},
								"east": {"uv": [8, 6], "uv_size": [9, 1]},
								"south": {"uv": [22, 22], "uv_size": [1, 1]},
								"west": {"uv": [8, 7], "uv_size": [9, 1]}
							}
						}
					]
				},
				{
					"name": "KRISS_MK11",
					"pivot": [0, -1.08145, -2.93239],
					"cubes": [
						{
							"origin": [-0.175, 0.9625, -8.65],
							"size": [0.35, 0.2, 1.5],
							"uv": {
								"north": {"uv": [2, 23], "uv_size": [1, 1]},
								"south": {"uv": [3, 23], "uv_size": [1, 1]},
								"up": {"uv": [14, 21], "uv_size": [1, 2]},
								"down": {"uv": [15, 23], "uv_size": [1, -2]}
							}
						},
						{
							"origin": [-0.175, -1.2375, -2.95],
							"size": [0.35, 0.2, 0.5],
							"uv": {
								"north": {"uv": [4, 23], "uv_size": [1, 1]},
								"south": {"uv": [5, 23], "uv_size": [1, 1]},
								"up": {"uv": [23, 12], "uv_size": [1, 1]},
								"down": {"uv": [23, 14], "uv_size": [1, -1]}
							}
						},
						{
							"origin": [-0.175, -1.2375, -5.35],
							"size": [0.35, 0.2, 0.5],
							"uv": {
								"north": {"uv": [9, 28], "uv_size": [1, 1]},
								"south": {"uv": [28, 9], "uv_size": [1, 1]},
								"up": {"uv": [10, 28], "uv_size": [1, 1]},
								"down": {"uv": [28, 11], "uv_size": [1, -1]}
							}
						},
						{
							"origin": [-0.175, 0.9625, -2.95],
							"size": [0.35, 0.2, 0.5],
							"uv": {
								"north": {"uv": [14, 23], "uv_size": [1, 1]},
								"south": {"uv": [23, 14], "uv_size": [1, 1]},
								"up": {"uv": [15, 23], "uv_size": [1, 1]},
								"down": {"uv": [23, 16], "uv_size": [1, -1]}
							}
						},
						{
							"origin": [-0.175, 0.9625, -5.35],
							"size": [0.35, 0.2, 0.5],
							"uv": {
								"north": {"uv": [7, 28], "uv_size": [1, 1]},
								"south": {"uv": [28, 7], "uv_size": [1, 1]},
								"up": {"uv": [8, 28], "uv_size": [1, 1]},
								"down": {"uv": [28, 9], "uv_size": [1, -1]}
							}
						},
						{
							"origin": [-0.475, -1.2375, -0.45],
							"size": [0.95, 0.2, 1.45],
							"uv": {
								"north": {"uv": [16, 23], "uv_size": [1, 1]},
								"south": {"uv": [23, 16], "uv_size": [1, 1]},
								"up": {"uv": [17, 23], "uv_size": [1, 1]},
								"down": {"uv": [18, 24], "uv_size": [1, -1]}
							}
						},
						{
							"origin": [-0.475, 0.9625, -0.45],
							"size": [0.95, 0.2, 1.45],
							"uv": {
								"north": {"uv": [19, 23], "uv_size": [1, 1]},
								"south": {"uv": [23, 19], "uv_size": [1, 1]},
								"up": {"uv": [20, 23], "uv_size": [1, 1]},
								"down": {"uv": [23, 21], "uv_size": [1, -1]}
							}
						},
						{
							"origin": [-0.475, 0.9625, -8.65],
							"size": [0.3, 0.2, 8.2],
							"uv": {
								"north": {"uv": [21, 23], "uv_size": [1, 1]},
								"west": {"uv": [8, 8], "uv_size": [8, 1]},
								"up": {"uv": [8, 9], "uv_size": [1, 8]},
								"down": {"uv": [9, 17], "uv_size": [1, -8]}
							}
						},
						{
							"origin": [0.175, 0.9625, -8.65],
							"size": [0.3, 0.2, 8.2],
							"uv": {
								"north": {"uv": [23, 21], "uv_size": [1, 1]},
								"east": {"uv": [9, 0], "uv_size": [8, 1]},
								"up": {"uv": [10, 9], "uv_size": [1, 8]},
								"down": {"uv": [11, 17], "uv_size": [1, -8]}
							}
						},
						{
							"origin": [0.175, -1.2375, -8.65],
							"size": [0.3, 0.2, 8.2],
							"uv": {
								"north": {"uv": [22, 23], "uv_size": [1, 1]},
								"east": {"uv": [9, 1], "uv_size": [8, 1]},
								"up": {"uv": [12, 9], "uv_size": [1, 8]},
								"down": {"uv": [0, 21], "uv_size": [1, -8]}
							}
						},
						{
							"origin": [-0.175, -1.2375, -8.65],
							"size": [0.35, 0.2, 1.5],
							"uv": {
								"north": {"uv": [23, 22], "uv_size": [1, 1]},
								"south": {"uv": [23, 23], "uv_size": [1, 1]},
								"up": {"uv": [16, 21], "uv_size": [1, 2]},
								"down": {"uv": [17, 23], "uv_size": [1, -2]}
							}
						},
						{
							"origin": [-0.475, -1.2375, -8.65],
							"size": [0.3, 0.2, 8.2],
							"uv": {
								"north": {"uv": [2, 24], "uv_size": [1, 1]},
								"west": {"uv": [9, 2], "uv_size": [8, 1]},
								"up": {"uv": [1, 13], "uv_size": [1, 8]},
								"down": {"uv": [2, 21], "uv_size": [1, -8]}
							}
						},
						{
							"origin": [-1, -1.42029, -0.15],
							"size": [0.2, 0.84529, 1.15],
							"pivot": [-1, -0.575, -0.15],
							"rotation": [0, 0, -38.5],
							"uv": {
								"north": {"uv": [3, 24], "uv_size": [1, 1]},
								"east": {"uv": [4, 24], "uv_size": [1, 1]},
								"south": {"uv": [5, 24], "uv_size": [1, 1]},
								"west": {"uv": [24, 8], "uv_size": [1, 1]}
							}
						},
						{
							"origin": [-1, 0.375, -0.15],
							"size": [0.2, 0.94646, 1.15],
							"pivot": [-1, 0.375, -0.15],
							"rotation": [0, 0, 33.75],
							"uv": {
								"north": {"uv": [24, 12], "uv_size": [1, 1]},
								"east": {"uv": [24, 13], "uv_size": [1, 1]},
								"south": {"uv": [14, 24], "uv_size": [1, 1]},
								"west": {"uv": [24, 14], "uv_size": [1, 1]}
							}
						},
						{
							"origin": [-1, -1.175, -1.75],
							"size": [0.2, 0.35, 0.5],
							"pivot": [-1, -0.575, -1.75],
							"rotation": [0, 0, -38.5],
							"uv": {
								"north": {"uv": [15, 24], "uv_size": [1, 1]},
								"east": {"uv": [24, 15], "uv_size": [1, 1]},
								"south": {"uv": [16, 24], "uv_size": [1, 1]},
								"west": {"uv": [24, 16], "uv_size": [1, 1]}
							}
						},
						{
							"origin": [-1, 0.675, -1.75],
							"size": [0.2, 0.35, 0.5],
							"pivot": [-1, 0.375, -1.75],
							"rotation": [0, 0, 33.75],
							"uv": {
								"north": {"uv": [17, 24], "uv_size": [1, 1]},
								"east": {"uv": [18, 24], "uv_size": [1, 1]},
								"south": {"uv": [19, 24], "uv_size": [1, 1]},
								"west": {"uv": [24, 19], "uv_size": [1, 1]}
							}
						},
						{
							"origin": [-1, -1.175, -4.15],
							"size": [0.2, 0.35, 0.5],
							"pivot": [-1, -0.575, -4.15],
							"rotation": [0, 0, -38.5],
							"uv": {
								"north": {"uv": [20, 24], "uv_size": [1, 1]},
								"east": {"uv": [24, 20], "uv_size": [1, 1]},
								"south": {"uv": [21, 24], "uv_size": [1, 1]},
								"west": {"uv": [24, 21], "uv_size": [1, 1]}
							}
						},
						{
							"origin": [-1, 0.675, -4.15],
							"size": [0.2, 0.35, 0.5],
							"pivot": [-1, 0.375, -4.15],
							"rotation": [0, 0, 33.75],
							"uv": {
								"north": {"uv": [22, 24], "uv_size": [1, 1]},
								"east": {"uv": [24, 22], "uv_size": [1, 1]},
								"south": {"uv": [23, 24], "uv_size": [1, 1]},
								"west": {"uv": [24, 23], "uv_size": [1, 1]}
							}
						},
						{
							"origin": [-1, -1.175, -6.55],
							"size": [0.2, 0.35, 0.5],
							"pivot": [-1, -0.575, -6.55],
							"rotation": [0, 0, -38.5],
							"uv": {
								"north": {"uv": [27, 23], "uv_size": [1, 1]},
								"east": {"uv": [24, 27], "uv_size": [1, 1]},
								"south": {"uv": [27, 24], "uv_size": [1, 1]},
								"west": {"uv": [25, 27], "uv_size": [1, 1]}
							}
						},
						{
							"origin": [-1, 0.675, -6.55],
							"size": [0.2, 0.35, 0.5],
							"pivot": [-1, 0.375, -6.55],
							"rotation": [0, 0, 33.75],
							"uv": {
								"north": {"uv": [27, 21], "uv_size": [1, 1]},
								"east": {"uv": [22, 27], "uv_size": [1, 1]},
								"south": {"uv": [27, 22], "uv_size": [1, 1]},
								"west": {"uv": [23, 27], "uv_size": [1, 1]}
							}
						},
						{
							"origin": [-1.03151, -1.43238, -8.35],
							"size": [0.2, 0.2453, 8.2],
							"pivot": [-1.03306, -0.53593, -8.95],
							"rotation": [0, 0, -38.5],
							"uv": {
								"east": {"uv": [9, 3], "uv_size": [8, 1]},
								"west": {"uv": [13, 9], "uv_size": [8, 1]},
								"up": {"uv": [3, 13], "uv_size": [1, 8]}
							}
						},
						{
							"origin": [-1, -1.175, -8.35],
							"size": [0.2, 0.35, 0.4],
							"pivot": [-1, -0.575, -8.95],
							"rotation": [0, 0, -38.5],
							"uv": {
								"north": {"uv": [24, 24], "uv_size": [1, 1]},
								"east": {"uv": [25, 0], "uv_size": [1, 1]},
								"south": {"uv": [25, 1], "uv_size": [1, 1]},
								"west": {"uv": [2, 25], "uv_size": [1, 1]}
							}
						},
						{
							"origin": [-1, -0.825, -8.35],
							"size": [0.2, 0.25, 8.2],
							"pivot": [-1, -0.575, -8.95],
							"rotation": [0, 0, -38.5],
							"uv": {
								"east": {"uv": [13, 10], "uv_size": [8, 1]},
								"west": {"uv": [13, 11], "uv_size": [8, 1]},
								"down": {"uv": [4, 21], "uv_size": [1, -8]}
							}
						},
						{
							"origin": [-1.03151, -1.43238, -8.65],
							"size": [0.2, 0.1625, 0.3],
							"pivot": [-1.03306, -0.53593, -8.65],
							"rotation": [0, 0, -38.5],
							"uv": {
								"north": {"uv": [25, 2], "uv_size": [1, 1]},
								"east": {"uv": [3, 25], "uv_size": [1, 1]},
								"west": {"uv": [25, 3], "uv_size": [1, 1]}
							}
						},
						{
							"origin": [-0.57495, -1.25936, -8.65],
							"size": [0.2, 0.15, 0.35],
							"pivot": [-0.57495, -1.10936, -8.65],
							"rotation": [30, 0, -38.5],
							"uv": {
								"east": {"uv": [4, 25], "uv_size": [1, 1]},
								"west": {"uv": [25, 4], "uv_size": [1, 1]},
								"up": {"uv": [5, 25], "uv_size": [1, 1]}
							}
						},
						{
							"origin": [-1, -0.7125, -8.65],
							"size": [0.2, 0.1375, 0.3],
							"pivot": [-1, -0.575, -8.65],
							"rotation": [0, 0, -38.5],
							"uv": {
								"north": {"uv": [25, 5], "uv_size": [1, 1]},
								"east": {"uv": [6, 25], "uv_size": [1, 1]},
								"west": {"uv": [25, 6], "uv_size": [1, 1]}
							}
						},
						{
							"origin": [-0.9144, -0.68261, -8.65],
							"size": [0.2, 0.15, 0.35],
							"pivot": [-0.9144, -0.68261, -8.65],
							"rotation": [-30, 0, -38.5],
							"uv": {
								"east": {"uv": [7, 25], "uv_size": [1, 1]},
								"west": {"uv": [25, 7], "uv_size": [1, 1]},
								"down": {"uv": [8, 26], "uv_size": [1, -1]}
							}
						},
						{
							"origin": [-1, 0.675, -8.35],
							"size": [0.2, 0.35, 0.4],
							"pivot": [-1, 0.375, -8.95],
							"rotation": [0, 0, 33.75],
							"uv": {
								"north": {"uv": [25, 8], "uv_size": [1, 1]},
								"east": {"uv": [9, 25], "uv_size": [1, 1]},
								"south": {"uv": [25, 9], "uv_size": [1, 1]},
								"west": {"uv": [10, 25], "uv_size": [1, 1]}
							}
						},
						{
							"origin": [-1, 0.375, -8.35],
							"size": [0.2, 0.3, 8.2],
							"pivot": [-1, 0.375, -8.95],
							"rotation": [0, 0, 33.75],
							"uv": {
								"east": {"uv": [13, 12], "uv_size": [8, 1]},
								"west": {"uv": [13, 13], "uv_size": [8, 1]},
								"up": {"uv": [5, 13], "uv_size": [1, 8]}
							}
						},
						{
							"origin": [-1, 0.375, -8.65],
							"size": [0.2, 0.15, 0.3],
							"pivot": [-1, 0.375, -8.65],
							"rotation": [0, 0, 33.75],
							"uv": {
								"north": {"uv": [25, 10], "uv_size": [1, 1]},
								"east": {"uv": [11, 25], "uv_size": [1, 1]},
								"west": {"uv": [25, 11], "uv_size": [1, 1]}
							}
						},
						{
							"origin": [-0.91666, 0.34972, -8.65],
							"size": [0.2, 0.15, 0.35],
							"pivot": [-0.91666, 0.49972, -8.65],
							"rotation": [30, 0, 33.75],
							"uv": {
								"east": {"uv": [25, 12], "uv_size": [1, 1]},
								"west": {"uv": [13, 25], "uv_size": [1, 1]},
								"up": {"uv": [25, 13], "uv_size": [1, 1]}
							}
						},
						{
							"origin": [-1, 1.025, -8.35],
							"size": [0.2, 0.29646, 8.2],
							"pivot": [-1, 0.375, -8.95],
							"rotation": [0, 0, 33.75],
							"uv": {
								"east": {"uv": [13, 14], "uv_size": [8, 1]},
								"west": {"uv": [13, 15], "uv_size": [8, 1]},
								"down": {"uv": [6, 21], "uv_size": [1, -8]}
							}
						},
						{
							"origin": [-1, 1.13396, -8.65],
							"size": [0.2, 0.1875, 0.3],
							"pivot": [-1, 0.375, -8.65],
							"rotation": [0, 0, 33.75],
							"uv": {
								"north": {"uv": [14, 25], "uv_size": [1, 1]},
								"east": {"uv": [25, 14], "uv_size": [1, 1]},
								"west": {"uv": [15, 25], "uv_size": [1, 1]}
							}
						},
						{
							"origin": [-0.57835, 1.00605, -8.65],
							"size": [0.2, 0.15, 0.35],
							"pivot": [-0.57835, 1.00605, -8.65],
							"rotation": [-30, 0, 33.75],
							"uv": {
								"east": {"uv": [25, 15], "uv_size": [1, 1]},
								"west": {"uv": [16, 25], "uv_size": [1, 1]},
								"down": {"uv": [25, 17], "uv_size": [1, -1]}
							}
						},
						{
							"origin": [-1, -0.275, -2.85],
							"size": [0.2, 0.35, 0.5],
							"uv": {
								"north": {"uv": [17, 25], "uv_size": [1, 1]},
								"east": {"uv": [18, 25], "uv_size": [1, 1]},
								"south": {"uv": [19, 25], "uv_size": [1, 1]},
								"west": {"uv": [25, 19], "uv_size": [1, 1]}
							}
						},
						{
							"origin": [-1, -0.275, -5.25],
							"size": [0.2, 0.35, 0.5],
							"uv": {
								"north": {"uv": [3, 28], "uv_size": [1, 1]},
								"east": {"uv": [28, 3], "uv_size": [1, 1]},
								"south": {"uv": [4, 28], "uv_size": [1, 1]},
								"west": {"uv": [28, 4], "uv_size": [1, 1]}
							}
						},
						{
							"origin": [-1, -0.275, -8.65],
							"size": [0.2, 0.35, 1.5],
							"uv": {
								"north": {"uv": [20, 25], "uv_size": [1, 1]},
								"east": {"uv": [21, 16], "uv_size": [2, 1]},
								"south": {"uv": [25, 20], "uv_size": [1, 1]},
								"west": {"uv": [18, 21], "uv_size": [2, 1]}
							}
						},
						{
							"origin": [-1, -0.575, -0.45],
							"size": [0.2, 0.95, 1.45],
							"uv": {
								"north": {"uv": [21, 25], "uv_size": [1, 1]},
								"east": {"uv": [25, 21], "uv_size": [1, 1]},
								"south": {"uv": [22, 25], "uv_size": [1, 1]},
								"west": {"uv": [25, 22], "uv_size": [1, 1]}
							}
						},
						{
							"origin": [-1, -0.575, -8.65],
							"size": [0.2, 0.3, 8.2],
							"uv": {
								"north": {"uv": [23, 25], "uv_size": [1, 1]},
								"east": {"uv": [16, 8], "uv_size": [8, 1]},
								"west": {"uv": [13, 16], "uv_size": [8, 1]},
								"up": {"uv": [7, 13], "uv_size": [1, 8]}
							}
						},
						{
							"origin": [-1, 0.075, -8.65],
							"size": [0.2, 0.3, 8.2],
							"uv": {
								"north": {"uv": [25, 23], "uv_size": [1, 1]},
								"east": {"uv": [17, 0], "uv_size": [8, 1]},
								"west": {"uv": [17, 1], "uv_size": [8, 1]},
								"down": {"uv": [8, 25], "uv_size": [1, -8]}
							}
						},
						{
							"origin": [-1.1, -0.4, 4.0625],
							"size": [0.2, 0.3, 0.3],
							"pivot": [-0.9, -0.25, 4.2125],
							"rotation": [45, 0, 0],
							"uv": {
								"north": {"uv": [24, 25], "uv_size": [1, 1]},
								"east": {"uv": [25, 24], "uv_size": [1, 1]},
								"south": {"uv": [25, 25], "uv_size": [1, 1]},
								"up": {"uv": [26, 0], "uv_size": [1, 1]},
								"down": {"uv": [26, 2], "uv_size": [1, -1]}
							}
						},
						{
							"origin": [-1, -0.575, 1],
							"size": [0.2, 0.8, 3.75],
							"uv": {
								"east": {"uv": [2, 21], "uv_size": [4, 1]},
								"south": {"uv": [2, 26], "uv_size": [1, 1]},
								"west": {"uv": [21, 9], "uv_size": [4, 1]},
								"up": {"uv": [6, 21], "uv_size": [1, 4]},
								"down": {"uv": [7, 25], "uv_size": [1, -4]}
							}
						},
						{
							"origin": [0.37495, -1.25936, -8.65],
							"size": [0.2, 0.15, 0.35],
							"pivot": [0.57495, -1.10936, -8.65],
							"rotation": [30, 0, 38.5],
							"uv": {
								"east": {"uv": [26, 2], "uv_size": [1, 1]},
								"west": {"uv": [3, 26], "uv_size": [1, 1]},
								"up": {"uv": [26, 3], "uv_size": [1, 1]}
							}
						},
						{
							"origin": [0.7144, -0.68261, -8.65],
							"size": [0.2, 0.15, 0.35],
							"pivot": [0.9144, -0.68261, -8.65],
							"rotation": [-30, 0, 38.5],
							"uv": {
								"east": {"uv": [4, 26], "uv_size": [1, 1]},
								"west": {"uv": [26, 4], "uv_size": [1, 1]},
								"down": {"uv": [5, 27], "uv_size": [1, -1]}
							}
						},
						{
							"origin": [0.8, -0.7125, -8.65],
							"size": [0.2, 0.1375, 0.3],
							"pivot": [1, -0.575, -8.65],
							"rotation": [0, 0, 38.5],
							"uv": {
								"north": {"uv": [26, 5], "uv_size": [1, 1]},
								"east": {"uv": [6, 26], "uv_size": [1, 1]},
								"west": {"uv": [26, 6], "uv_size": [1, 1]}
							}
						},
						{
							"origin": [0.83151, -1.43238, -8.65],
							"size": [0.2, 0.1625, 0.3],
							"pivot": [1.03306, -0.53593, -8.65],
							"rotation": [0, 0, 38.5],
							"uv": {
								"north": {"uv": [7, 26], "uv_size": [1, 1]},
								"east": {"uv": [26, 7], "uv_size": [1, 1]},
								"west": {"uv": [8, 26], "uv_size": [1, 1]}
							}
						},
						{
							"origin": [0.37835, 1.00605, -8.65],
							"size": [0.2, 0.15, 0.35],
							"pivot": [0.57835, 1.00605, -8.65],
							"rotation": [-30, 0, -33.75],
							"uv": {
								"east": {"uv": [26, 8], "uv_size": [1, 1]},
								"west": {"uv": [9, 26], "uv_size": [1, 1]},
								"down": {"uv": [26, 10], "uv_size": [1, -1]}
							}
						},
						{
							"origin": [0.8, 1.13396, -8.65],
							"size": [0.2, 0.1875, 0.3],
							"pivot": [1, 0.375, -8.65],
							"rotation": [0, 0, -33.75],
							"uv": {
								"north": {"uv": [10, 26], "uv_size": [1, 1]},
								"east": {"uv": [26, 10], "uv_size": [1, 1]},
								"west": {"uv": [11, 26], "uv_size": [1, 1]}
							}
						},
						{
							"origin": [0.71666, 0.34972, -8.65],
							"size": [0.2, 0.15, 0.35],
							"pivot": [0.91666, 0.49972, -8.65],
							"rotation": [30, 0, -33.75],
							"uv": {
								"east": {"uv": [26, 11], "uv_size": [1, 1]},
								"west": {"uv": [26, 12], "uv_size": [1, 1]},
								"up": {"uv": [13, 26], "uv_size": [1, 1]}
							}
						},
						{
							"origin": [0.8, 0.375, -8.65],
							"size": [0.2, 0.15, 0.3],
							"pivot": [1, 0.375, -8.65],
							"rotation": [0, 0, -33.75],
							"uv": {
								"north": {"uv": [26, 13], "uv_size": [1, 1]},
								"east": {"uv": [14, 26], "uv_size": [1, 1]},
								"west": {"uv": [26, 14], "uv_size": [1, 1]}
							}
						},
						{
							"origin": [0.8, -1.42029, -0.15],
							"size": [0.2, 0.84529, 1.15],
							"pivot": [1, -0.575, -0.15],
							"rotation": [0, 0, 38.5],
							"uv": {
								"north": {"uv": [15, 26], "uv_size": [1, 1]},
								"east": {"uv": [26, 15], "uv_size": [1, 1]},
								"south": {"uv": [16, 26], "uv_size": [1, 1]},
								"west": {"uv": [26, 16], "uv_size": [1, 1]}
							}
						},
						{
							"origin": [0.8, 0.375, -0.15],
							"size": [0.2, 0.94646, 1.15],
							"pivot": [1, 0.375, -0.15],
							"rotation": [0, 0, -33.75],
							"uv": {
								"north": {"uv": [17, 26], "uv_size": [1, 1]},
								"east": {"uv": [18, 26], "uv_size": [1, 1]},
								"south": {"uv": [19, 26], "uv_size": [1, 1]},
								"west": {"uv": [26, 19], "uv_size": [1, 1]}
							}
						},
						{
							"origin": [0.8, -1.175, -1.75],
							"size": [0.2, 0.35, 0.5],
							"pivot": [1, -0.575, -1.75],
							"rotation": [0, 0, 38.5],
							"uv": {
								"north": {"uv": [20, 26], "uv_size": [1, 1]},
								"east": {"uv": [26, 20], "uv_size": [1, 1]},
								"south": {"uv": [21, 26], "uv_size": [1, 1]},
								"west": {"uv": [26, 21], "uv_size": [1, 1]}
							}
						},
						{
							"origin": [0.8, 0.675, -1.75],
							"size": [0.2, 0.35, 0.5],
							"pivot": [1, 0.375, -1.75],
							"rotation": [0, 0, -33.75],
							"uv": {
								"north": {"uv": [22, 26], "uv_size": [1, 1]},
								"east": {"uv": [26, 22], "uv_size": [1, 1]},
								"south": {"uv": [23, 26], "uv_size": [1, 1]},
								"west": {"uv": [26, 23], "uv_size": [1, 1]}
							}
						},
						{
							"origin": [0.8, -1.175, -4.15],
							"size": [0.2, 0.35, 0.5],
							"pivot": [1, -0.575, -4.15],
							"rotation": [0, 0, 38.5],
							"uv": {
								"north": {"uv": [24, 26], "uv_size": [1, 1]},
								"east": {"uv": [26, 24], "uv_size": [1, 1]},
								"south": {"uv": [25, 26], "uv_size": [1, 1]},
								"west": {"uv": [26, 25], "uv_size": [1, 1]}
							}
						},
						{
							"origin": [0.8, 0.675, -4.15],
							"size": [0.2, 0.35, 0.5],
							"pivot": [1, 0.375, -4.15],
							"rotation": [0, 0, -33.75],
							"uv": {
								"north": {"uv": [26, 26], "uv_size": [1, 1]},
								"east": {"uv": [27, 0], "uv_size": [1, 1]},
								"south": {"uv": [27, 1], "uv_size": [1, 1]},
								"west": {"uv": [2, 27], "uv_size": [1, 1]}
							}
						},
						{
							"origin": [0.8, -1.175, -6.55],
							"size": [0.2, 0.35, 0.5],
							"pivot": [1, -0.575, -6.55],
							"rotation": [0, 0, 38.5],
							"uv": {
								"north": {"uv": [28, 0], "uv_size": [1, 1]},
								"east": {"uv": [28, 1], "uv_size": [1, 1]},
								"south": {"uv": [2, 28], "uv_size": [1, 1]},
								"west": {"uv": [28, 2], "uv_size": [1, 1]}
							}
						},
						{
							"origin": [0.8, 0.675, -6.55],
							"size": [0.2, 0.35, 0.5],
							"pivot": [1, 0.375, -6.55],
							"rotation": [0, 0, -33.75],
							"uv": {
								"north": {"uv": [27, 25], "uv_size": [1, 1]},
								"east": {"uv": [26, 27], "uv_size": [1, 1]},
								"south": {"uv": [27, 26], "uv_size": [1, 1]},
								"west": {"uv": [27, 27], "uv_size": [1, 1]}
							}
						},
						{
							"origin": [0.83151, -1.43238, -8.35],
							"size": [0.2, 0.2453, 8.2],
							"pivot": [1.03306, -0.53593, -8.95],
							"rotation": [0, 0, 38.5],
							"uv": {
								"east": {"uv": [17, 2], "uv_size": [8, 1]},
								"west": {"uv": [17, 3], "uv_size": [8, 1]},
								"up": {"uv": [9, 17], "uv_size": [1, 8]}
							}
						},
						{
							"origin": [0.8, -1.175, -8.35],
							"size": [0.2, 0.35, 0.4],
							"pivot": [1, -0.575, -8.95],
							"rotation": [0, 0, 38.5],
							"uv": {
								"north": {"uv": [27, 2], "uv_size": [1, 1]},
								"east": {"uv": [3, 27], "uv_size": [1, 1]},
								"south": {"uv": [27, 3], "uv_size": [1, 1]},
								"west": {"uv": [4, 27], "uv_size": [1, 1]}
							}
						},
						{
							"origin": [0.8, -0.825, -8.35],
							"size": [0.2, 0.25, 8.2],
							"pivot": [1, -0.575, -8.95],
							"rotation": [0, 0, 38.5],
							"uv": {
								"east": {"uv": [17, 4], "uv_size": [8, 1]},
								"west": {"uv": [17, 5], "uv_size": [8, 1]},
								"down": {"uv": [10, 25], "uv_size": [1, -8]}
							}
						},
						{
							"origin": [0.8, 0.675, -8.35],
							"size": [0.2, 0.35, 0.4],
							"pivot": [1, 0.375, -8.95],
							"rotation": [0, 0, -33.75],
							"uv": {
								"north": {"uv": [27, 4], "uv_size": [1, 1]},
								"east": {"uv": [5, 27], "uv_size": [1, 1]},
								"south": {"uv": [27, 5], "uv_size": [1, 1]},
								"west": {"uv": [6, 27], "uv_size": [1, 1]}
							}
						},
						{
							"origin": [0.8, 0.375, -8.35],
							"size": [0.2, 0.3, 8.2],
							"pivot": [1, 0.375, -8.95],
							"rotation": [0, 0, -33.75],
							"uv": {
								"east": {"uv": [17, 6], "uv_size": [8, 1]},
								"west": {"uv": [17, 7], "uv_size": [8, 1]},
								"up": {"uv": [11, 17], "uv_size": [1, 8]}
							}
						},
						{
							"origin": [0.8, 1.025, -8.35],
							"size": [0.2, 0.29646, 8.2],
							"pivot": [1, 0.375, -8.95],
							"rotation": [0, 0, -33.75],
							"uv": {
								"east": {"uv": [12, 17], "uv_size": [8, 1]},
								"west": {"uv": [12, 18], "uv_size": [8, 1]},
								"down": {"uv": [12, 27], "uv_size": [1, -8]}
							}
						},
						{
							"origin": [0.8, -0.275, -2.85],
							"size": [0.2, 0.35, 0.5],
							"uv": {
								"north": {"uv": [27, 6], "uv_size": [1, 1]},
								"east": {"uv": [7, 27], "uv_size": [1, 1]},
								"south": {"uv": [27, 7], "uv_size": [1, 1]},
								"west": {"uv": [8, 27], "uv_size": [1, 1]}
							}
						},
						{
							"origin": [0.8, -0.275, -5.25],
							"size": [0.2, 0.35, 0.5],
							"uv": {
								"north": {"uv": [5, 28], "uv_size": [1, 1]},
								"east": {"uv": [28, 5], "uv_size": [1, 1]},
								"south": {"uv": [6, 28], "uv_size": [1, 1]},
								"west": {"uv": [28, 6], "uv_size": [1, 1]}
							}
						},
						{
							"origin": [0.8, -0.275, -8.65],
							"size": [0.2, 0.35, 1.5],
							"uv": {
								"north": {"uv": [27, 8], "uv_size": [1, 1]},
								"east": {"uv": [21, 19], "uv_size": [2, 1]},
								"south": {"uv": [9, 27], "uv_size": [1, 1]},
								"west": {"uv": [20, 21], "uv_size": [2, 1]}
							}
						},
						{
							"origin": [0.8, -0.575, -0.45],
							"size": [0.2, 0.95, 1.45],
							"uv": {
								"north": {"uv": [27, 9], "uv_size": [1, 1]},
								"east": {"uv": [10, 27], "uv_size": [1, 1]},
								"south": {"uv": [27, 10], "uv_size": [1, 1]},
								"west": {"uv": [11, 27], "uv_size": [1, 1]}
							}
						},
						{
							"origin": [0.8, -0.575, -8.65],
							"size": [0.2, 0.3, 8.2],
							"uv": {
								"north": {"uv": [27, 11], "uv_size": [1, 1]},
								"east": {"uv": [13, 19], "uv_size": [8, 1]},
								"west": {"uv": [13, 20], "uv_size": [8, 1]},
								"up": {"uv": [0, 21], "uv_size": [1, 8]}
							}
						},
						{
							"origin": [0.8, 0.075, -8.65],
							"size": [0.2, 0.3, 8.2],
							"uv": {
								"north": {"uv": [12, 27], "uv_size": [1, 1]},
								"east": {"uv": [20, 17], "uv_size": [8, 1]},
								"west": {"uv": [20, 18], "uv_size": [8, 1]},
								"down": {"uv": [1, 29], "uv_size": [1, -8]}
							}
						},
						{
							"origin": [0.9, -0.4, 4.0625],
							"size": [0.2, 0.3, 0.3],
							"pivot": [0.9, -0.25, 4.2125],
							"rotation": [45, 0, 0],
							"uv": {
								"north": {"uv": [27, 12], "uv_size": [1, 1]},
								"south": {"uv": [13, 27], "uv_size": [1, 1]},
								"west": {"uv": [27, 13], "uv_size": [1, 1]},
								"up": {"uv": [14, 27], "uv_size": [1, 1]},
								"down": {"uv": [27, 15], "uv_size": [1, -1]}
							}
						},
						{
							"origin": [0.8, -0.575, 1],
							"size": [0.2, 0.8, 3.75],
							"uv": {
								"east": {"uv": [21, 10], "uv_size": [4, 1]},
								"south": {"uv": [15, 27], "uv_size": [1, 1]},
								"west": {"uv": [21, 11], "uv_size": [4, 1]},
								"up": {"uv": [21, 12], "uv_size": [1, 4]},
								"down": {"uv": [13, 25], "uv_size": [1, -4]}
							}
						},
						{
							"origin": [0.9, -0.4, 1.9375],
							"size": [0.2, 0.3, 0.3],
							"pivot": [0.9, -0.25, 2.0875],
							"rotation": [45, 0, 0],
							"uv": {
								"north": {"uv": [27, 15], "uv_size": [1, 1]},
								"south": {"uv": [16, 27], "uv_size": [1, 1]},
								"west": {"uv": [27, 16], "uv_size": [1, 1]},
								"up": {"uv": [17, 27], "uv_size": [1, 1]},
								"down": {"uv": [18, 28], "uv_size": [1, -1]}
							}
						},
						{
							"origin": [-1.1, -0.4, 1.9375],
							"size": [0.2, 0.3, 0.3],
							"pivot": [-0.9, -0.25, 2.0875],
							"rotation": [45, 0, 0],
							"uv": {
								"north": {"uv": [19, 27], "uv_size": [1, 1]},
								"east": {"uv": [27, 19], "uv_size": [1, 1]},
								"south": {"uv": [20, 27], "uv_size": [1, 1]},
								"up": {"uv": [27, 20], "uv_size": [1, 1]},
								"down": {"uv": [21, 28], "uv_size": [1, -1]}
							}
						}
					]
				}
			]
		}
	]
}