{
	"format_version": "1.12.0",
	"minecraft:geometry": [
		{
			"description": {
				"identifier": "geometry.sight_vortex_viper_rd_rex",
				"texture_width": 32,
				"texture_height": 32,
				"visible_bounds_width": 22,
				"visible_bounds_height": 10,
				"visible_bounds_offset": [0, 0, 0]
			},
			"bones": [
				{
					"name": "scope_view",
					"pivot": [0, 1.4356, 8]
				},
				{
					"name": "division",
					"pivot": [0, 0, 0]
				},
				{
					"name": "crosshair_illuminated",
					"parent": "division",
					"pivot": [0, 0, 0],
					"cubes": [
						{
							"origin": [-0.0354, 1.4, -10],
							"size": [0.0707, 0.0707, 0.025],
							"pivot": [0, 1.4353, 0],
							"rotation": [0, 0, 45],
							"uv": {
								"south": {"uv": [2, 7], "uv_size": [1, 1]}
							}
						}
					]
				},
				{
					"name": "ocular",
					"pivot": [0, 0.3, 1],
					"cubes": [
						{
							"origin": [-0.573, 1.0875, -1.1],
							"size": [1.146, 0.6146, 0.02],
							"uv": {
								"south": {"uv": [3, 7], "uv_size": [1, 1]}
							}
						},
						{
							"origin": [-0.3, 1.7021, -1.1],
							"size": [0.6, 0.1817, 0.02],
							"uv": {
								"south": {"uv": [7, 3], "uv_size": [1, 1]}
							}
						},
						{
							"origin": [0.225, 1.7021, -1.1],
							"size": [0.25, 0.1067, 0.02],
							"pivot": [0.3, 1.69295, -1.09],
							"rotation": [0, 0, 31.25],
							"uv": {
								"south": {"uv": [4, 7], "uv_size": [1, 1]}
							}
						},
						{
							"origin": [-0.475, 1.7021, -1.1],
							"size": [0.25, 0.1067, 0.02],
							"pivot": [-0.3, 1.69295, -1.09],
							"rotation": [0, 0, -31.25],
							"uv": {
								"south": {"uv": [5, 7], "uv_size": [1, 1]}
							}
						}
					]
				},
				{
					"name": "scope_body",
					"pivot": [0, 0, 1]
				},
				{
					"name": "Vortex_ViperRD",
					"parent": "scope_body",
					"pivot": [0, 0.325, 1],
					"cubes": [
						{
							"origin": [0.58059, 1.1075, 0.49309],
							"size": [0.2, 0.025, 0.2],
							"pivot": [0, 1.38531, -0.0875],
							"rotation": [0, -45, 0],
							"uv": {
								"north": {"uv": [6, 7], "uv_size": [1, 1]},
								"east": {"uv": [7, 7], "uv_size": [1, 1]},
								"south": {"uv": [0, 8], "uv_size": [1, 1]},
								"west": {"uv": [1, 8], "uv_size": [1, 1]},
								"up": {"uv": [8, 1], "uv_size": [1, 1]},
								"down": {"uv": [2, 9], "uv_size": [1, -1]}
							}
						},
						{
							"origin": [-0.6, 0.6875, 0.389],
							"size": [1.2, 0.42, 0.524],
							"uv": {
								"north": {"uv": [8, 2], "uv_size": [1, 1]},
								"east": {"uv": [3, 8], "uv_size": [1, 1]},
								"west": {"uv": [8, 3], "uv_size": [1, 1]},
								"up": {"uv": [4, 8], "uv_size": [1, 1]},
								"down": {"uv": [8, 5], "uv_size": [1, -1]}
							}
						},
						{
							"origin": [-0.6, 0.6875, 0.913],
							"size": [1.2, 0.27, 0.25],
							"uv": {
								"east": {"uv": [5, 8], "uv_size": [1, 1]},
								"south": {"uv": [8, 5], "uv_size": [1, 1]},
								"west": {"uv": [6, 8], "uv_size": [1, 1]},
								"down": {"uv": [8, 7], "uv_size": [1, -1]}
							}
						},
						{
							"origin": [-0.35, 0.9575, 0.913],
							"size": [0.7, 0.15, 0.25],
							"uv": {
								"south": {"uv": [7, 8], "uv_size": [1, 1]},
								"up": {"uv": [8, 7], "uv_size": [1, 1]}
							}
						},
						{
							"origin": [-0.6, 0.8325, 0.873],
							"size": [0.25, 0.125, 0.29],
							"pivot": [-0.6, 0.9575, 1.163],
							"rotation": [-30, 0, 0],
							"uv": {
								"east": {"uv": [8, 8], "uv_size": [1, 1]},
								"up": {"uv": [0, 9], "uv_size": [1, 1]}
							}
						},
						{
							"origin": [-0.60115, 0.8375, 0.913],
							"size": [0.29, 0.125, 0.25],
							"pivot": [-0.60115, 0.9625, 1.163],
							"rotation": [0, 0, -30],
							"uv": {
								"south": {"uv": [9, 0], "uv_size": [1, 1]},
								"up": {"uv": [1, 9], "uv_size": [1, 1]}
							}
						},
						{
							"origin": [-0.70354, 0.9575, 0.91296],
							"size": [0.3535, 0.15, 0.25],
							"pivot": [-0.35004, 1.1075, 1.16296],
							"rotation": [0, -45, 0],
							"uv": {
								"south": {"uv": [9, 1], "uv_size": [1, 1]},
								"up": {"uv": [2, 9], "uv_size": [1, 1]}
							}
						},
						{
							"origin": [0.31115, 0.8375, 0.913],
							"size": [0.29, 0.125, 0.25],
							"pivot": [0.60115, 0.9625, 1.163],
							"rotation": [0, 0, 30],
							"uv": {
								"south": {"uv": [9, 2], "uv_size": [1, 1]},
								"up": {"uv": [3, 9], "uv_size": [1, 1]}
							}
						},
						{
							"origin": [0.35, 0.8325, 0.873],
							"size": [0.25, 0.125, 0.29],
							"pivot": [0.6, 0.9575, 1.163],
							"rotation": [-30, 0, 0],
							"uv": {
								"west": {"uv": [9, 3], "uv_size": [1, 1]},
								"up": {"uv": [4, 9], "uv_size": [1, 1]}
							}
						},
						{
							"origin": [0.35004, 0.9575, 0.91296],
							"size": [0.3535, 0.15, 0.25],
							"pivot": [0.35004, 1.1075, 1.16296],
							"rotation": [0, 45, 0],
							"uv": {
								"south": {"uv": [9, 4], "uv_size": [1, 1]},
								"up": {"uv": [5, 9], "uv_size": [1, 1]}
							}
						},
						{
							"origin": [-0.65, 0.7875, 0.57501],
							"size": [1.3, 0.2, 0.2],
							"pivot": [0, 0.8875, 0.67501],
							"rotation": [-45, 0, 0],
							"uv": {
								"north": {"uv": [9, 5], "uv_size": [1, 1]},
								"east": {"uv": [6, 9], "uv_size": [1, 1]},
								"south": {"uv": [9, 6], "uv_size": [1, 1]},
								"west": {"uv": [7, 9], "uv_size": [1, 1]},
								"up": {"uv": [9, 7], "uv_size": [1, 1]},
								"down": {"uv": [8, 10], "uv_size": [1, -1]}
							}
						},
						{
							"origin": [0.175, 0.8625, 1.07501],
							"size": [0.15, 0.15, 0.125],
							"pivot": [0.25, 0.9375, 1.16251],
							"rotation": [0, 0, 45],
							"uv": {
								"east": {"uv": [9, 8], "uv_size": [1, 1]},
								"south": {"uv": [9, 9], "uv_size": [1, 1]},
								"west": {"uv": [0, 10], "uv_size": [1, 1]},
								"up": {"uv": [10, 0], "uv_size": [1, 1]},
								"down": {"uv": [1, 11], "uv_size": [1, -1]}
							}
						},
						{
							"origin": [-0.325, 0.8625, 1.07501],
							"size": [0.15, 0.15, 0.125],
							"pivot": [-0.25, 0.9375, 1.16251],
							"rotation": [0, 0, 45],
							"uv": {
								"east": {"uv": [10, 1], "uv_size": [1, 1]},
								"south": {"uv": [2, 10], "uv_size": [1, 1]},
								"west": {"uv": [10, 2], "uv_size": [1, 1]},
								"up": {"uv": [3, 10], "uv_size": [1, 1]},
								"down": {"uv": [10, 4], "uv_size": [1, -1]}
							}
						},
						{
							"origin": [0.05099, 0.9832, -0.15405],
							"size": [0.15, 0.075, 0.15],
							"pivot": [0.58106, 1.48101, -0.18057],
							"rotation": [0, 45, 0],
							"uv": {
								"north": {"uv": [4, 10], "uv_size": [1, 1]},
								"east": {"uv": [10, 4], "uv_size": [1, 1]},
								"south": {"uv": [5, 10], "uv_size": [1, 1]},
								"west": {"uv": [10, 5], "uv_size": [1, 1]},
								"up": {"uv": [6, 10], "uv_size": [1, 1]}
							}
						},
						{
							"origin": [-0.61114, 0.9832, -0.15405],
							"size": [0.15, 0.075, 0.15],
							"pivot": [-0.08107, 1.48101, -0.18057],
							"rotation": [0, 45, 0],
							"uv": {
								"north": {"uv": [10, 6], "uv_size": [1, 1]},
								"east": {"uv": [7, 10], "uv_size": [1, 1]},
								"south": {"uv": [10, 7], "uv_size": [1, 1]},
								"west": {"uv": [8, 10], "uv_size": [1, 1]},
								"up": {"uv": [10, 8], "uv_size": [1, 1]}
							}
						},
						{
							"origin": [-0.673, 0.6875, -1.25],
							"size": [1.347, 0.3, 1.639],
							"uv": {
								"north": {"uv": [9, 10], "uv_size": [1, 1]},
								"east": {"uv": [0, 0], "uv_size": [2, 1]},
								"west": {"uv": [0, 1], "uv_size": [2, 1]},
								"up": {"uv": [0, 2], "uv_size": [1, 2]},
								"down": {"uv": [2, 2], "uv_size": [1, -2]}
							}
						},
						{
							"origin": [0.54043, 0.6875, 0.3173],
							"size": [0.1047, 0.42, 0.10465],
							"pivot": [0.57302, 0.8475, 0.388],
							"rotation": [0, -45, 0],
							"uv": {
								"east": {"uv": [10, 9], "uv_size": [1, 1]},
								"west": {"uv": [10, 10], "uv_size": [1, 1]},
								"up": {"uv": [0, 11], "uv_size": [1, 1]},
								"down": {"uv": [11, 1], "uv_size": [1, -1]}
							}
						},
						{
							"origin": [-0.64513, 0.6875, 0.3173],
							"size": [0.1047, 0.42, 0.10465],
							"pivot": [-0.57302, 0.8475, 0.388],
							"rotation": [0, 45, 0],
							"uv": {
								"east": {"uv": [1, 11], "uv_size": [1, 1]},
								"west": {"uv": [11, 1], "uv_size": [1, 1]},
								"up": {"uv": [2, 11], "uv_size": [1, 1]},
								"down": {"uv": [11, 3], "uv_size": [1, -1]}
							}
						},
						{
							"origin": [0.673, 0.7332, -1.012],
							"size": [0.1, 0.3, 0.7],
							"uv": {
								"north": {"uv": [3, 11], "uv_size": [1, 1]},
								"south": {"uv": [11, 3], "uv_size": [1, 1]},
								"west": {"uv": [4, 11], "uv_size": [1, 1]},
								"up": {"uv": [11, 4], "uv_size": [1, 1]},
								"down": {"uv": [5, 12], "uv_size": [1, -1]}
							}
						},
						{
							"origin": [-0.573, 0.9875, -1.25],
							"size": [1.146, 0.1, 0.25],
							"uv": {
								"north": {"uv": [11, 5], "uv_size": [1, 1]},
								"south": {"uv": [6, 11], "uv_size": [1, 1]},
								"up": {"uv": [11, 6], "uv_size": [1, 1]}
							}
						},
						{
							"origin": [-0.23447, 1.88379, -1.12006],
							"size": [0.46893, 0.10116, 0.45],
							"uv": {
								"north": {"uv": [7, 11], "uv_size": [1, 1]},
								"south": {"uv": [11, 7], "uv_size": [1, 1]},
								"up": {"uv": [8, 11], "uv_size": [1, 1]},
								"down": {"uv": [11, 9], "uv_size": [1, -1]}
							}
						},
						{
							"origin": [0.573, 0.9875, -1.25],
							"size": [0.101, 0.12, 1.639],
							"uv": {
								"north": {"uv": [9, 11], "uv_size": [1, 1]},
								"east": {"uv": [1, 2], "uv_size": [2, 1]},
								"west": {"uv": [3, 0], "uv_size": [2, 1]}
							}
						},
						{
							"origin": [0.52967, 1.74323, -1.12006],
							"size": [0.1, 0.51296, 0.45],
							"pivot": [0.673, 1.76953, -0.56831],
							"rotation": [0, 0, -58.75],
							"uv": {
								"north": {"uv": [11, 9], "uv_size": [1, 1]},
								"east": {"uv": [10, 11], "uv_size": [1, 1]},
								"south": {"uv": [11, 10], "uv_size": [1, 1]},
								"west": {"uv": [11, 11], "uv_size": [1, 1]}
							}
						},
						{
							"origin": [0.573, 1.1075, -1.25],
							"size": [0.1, 0.625, 0.135],
							"pivot": [0.673, 1.1075, -1.25],
							"rotation": [-12, 0, 0],
							"uv": {
								"north": {"uv": [0, 12], "uv_size": [1, 1]},
								"east": {"uv": [12, 0], "uv_size": [1, 1]},
								"west": {"uv": [1, 12], "uv_size": [1, 1]}
							}
						},
						{
							"origin": [0.573, 1.1075, -1.12006],
							"size": [0.1, 0.61134, 0.45],
							"uv": {
								"east": {"uv": [12, 1], "uv_size": [1, 1]},
								"west": {"uv": [2, 12], "uv_size": [1, 1]}
							}
						},
						{
							"origin": [0.572, 0.49592, -0.94501],
							"size": [0.101, 1.22284, 0.275],
							"pivot": [0.672, 1.71876, -0.6701],
							"rotation": [60, 0, 0],
							"uv": {
								"east": {"uv": [12, 2], "uv_size": [1, 1]},
								"south": {"uv": [3, 12], "uv_size": [1, 1]},
								"west": {"uv": [12, 3], "uv_size": [1, 1]}
							}
						},
						{
							"origin": [0.573, 1.1075, -0.67006],
							"size": [0.1, 0.3, 0.5],
							"uv": {
								"east": {"uv": [4, 12], "uv_size": [1, 1]},
								"west": {"uv": [12, 4], "uv_size": [1, 1]}
							}
						},
						{
							"origin": [-0.674, 0.9875, -1.25],
							"size": [0.101, 0.12, 1.639],
							"uv": {
								"north": {"uv": [5, 12], "uv_size": [1, 1]},
								"east": {"uv": [1, 3], "uv_size": [2, 1]},
								"west": {"uv": [3, 1], "uv_size": [2, 1]}
							}
						},
						{
							"origin": [-0.62901, 1.7444, -1.12006],
							"size": [0.1, 0.51296, 0.45],
							"pivot": [-0.6737, 1.77069, -0.56831],
							"rotation": [0, 0, 58.75],
							"uv": {
								"north": {"uv": [12, 5], "uv_size": [1, 1]},
								"east": {"uv": [6, 12], "uv_size": [1, 1]},
								"south": {"uv": [12, 6], "uv_size": [1, 1]},
								"west": {"uv": [7, 12], "uv_size": [1, 1]}
							}
						},
						{
							"origin": [-0.673, 1.1075, -1.25],
							"size": [0.1, 0.625, 0.135],
							"pivot": [-0.673, 1.1075, -1.25],
							"rotation": [-12, 0, 0],
							"uv": {
								"north": {"uv": [12, 7], "uv_size": [1, 1]},
								"east": {"uv": [8, 12], "uv_size": [1, 1]},
								"west": {"uv": [12, 8], "uv_size": [1, 1]}
							}
						},
						{
							"origin": [-0.673, 1.1075, -1.12006],
							"size": [0.1, 0.61134, 0.45],
							"uv": {
								"east": {"uv": [9, 12], "uv_size": [1, 1]},
								"west": {"uv": [12, 9], "uv_size": [1, 1]}
							}
						},
						{
							"origin": [-0.673, 0.49592, -0.94501],
							"size": [0.101, 1.22284, 0.275],
							"pivot": [-0.672, 1.71876, -0.6701],
							"rotation": [60, 0, 0],
							"uv": {
								"east": {"uv": [10, 12], "uv_size": [1, 1]},
								"south": {"uv": [12, 10], "uv_size": [1, 1]},
								"west": {"uv": [11, 12], "uv_size": [1, 1]}
							}
						},
						{
							"origin": [-0.673, 1.1075, -0.67006],
							"size": [0.1, 0.3, 0.5],
							"uv": {
								"east": {"uv": [12, 11], "uv_size": [1, 1]},
								"west": {"uv": [12, 12], "uv_size": [1, 1]}
							}
						}
					]
				},
				{
					"name": "StrikeIndus_REX",
					"parent": "scope_body",
					"pivot": [0, 0, 1]
				},
				{
					"name": "Base",
					"parent": "StrikeIndus_REX",
					"pivot": [-0.22712, -0.2028, -2.7625],
					"cubes": [
						{
							"origin": [-0.7875, -0.3, -0.25],
							"size": [1.475, 0.3125, 0.3125],
							"pivot": [0, -0.175, -0.125],
							"rotation": [45, 0, 0],
							"uv": {
								"north": {"uv": [0, 13], "uv_size": [1, 1]},
								"east": {"uv": [13, 0], "uv_size": [1, 1]},
								"south": {"uv": [1, 13], "uv_size": [1, 1]},
								"west": {"uv": [13, 1], "uv_size": [1, 1]},
								"up": {"uv": [2, 13], "uv_size": [1, 1]},
								"down": {"uv": [13, 3], "uv_size": [1, -1]}
							}
						},
						{
							"origin": [-0.62493, -0.2375, -0.74993],
							"size": [1.25, 0.5, 1.25],
							"uv": {
								"north": {"uv": [3, 13], "uv_size": [1, 1]},
								"east": {"uv": [13, 3], "uv_size": [1, 1]},
								"south": {"uv": [4, 13], "uv_size": [1, 1]},
								"west": {"uv": [13, 4], "uv_size": [1, 1]},
								"up": {"uv": [5, 13], "uv_size": [1, 1]},
								"down": {"uv": [13, 6], "uv_size": [1, -1]}
							}
						},
						{
							"origin": [-0.72493, -0.3375, -0.34993],
							"size": [0.2, 0.6, 0.45],
							"uv": {
								"north": {"uv": [6, 13], "uv_size": [1, 1]},
								"east": {"uv": [13, 6], "uv_size": [1, 1]},
								"south": {"uv": [7, 13], "uv_size": [1, 1]},
								"up": {"uv": [13, 7], "uv_size": [1, 1]},
								"down": {"uv": [8, 14], "uv_size": [1, -1]}
							}
						},
						{
							"origin": [0.32322, -0.3625, -0.75],
							"size": [0.25, 0.25, 1.25],
							"pivot": [0.44822, -0.2375, 0.9875],
							"rotation": [0, 0, 45],
							"uv": {
								"north": {"uv": [13, 8], "uv_size": [1, 1]},
								"south": {"uv": [9, 13], "uv_size": [1, 1]},
								"west": {"uv": [13, 9], "uv_size": [1, 1]},
								"down": {"uv": [10, 14], "uv_size": [1, -1]}
							}
						},
						{
							"origin": [-0.57322, -0.3625, -0.75],
							"size": [0.25, 0.25, 1.25],
							"pivot": [-0.44822, -0.2375, 0.9875],
							"rotation": [0, 0, -45],
							"uv": {
								"north": {"uv": [13, 10], "uv_size": [1, 1]},
								"east": {"uv": [11, 13], "uv_size": [1, 1]},
								"south": {"uv": [13, 11], "uv_size": [1, 1]},
								"down": {"uv": [12, 14], "uv_size": [1, -1]}
							}
						},
						{
							"origin": [-0.375, 0.0125, -1.25],
							"size": [0.75, 0.1375, 2.25],
							"uv": {
								"north": {"uv": [13, 12], "uv_size": [1, 1]},
								"east": {"uv": [3, 2], "uv_size": [2, 1]},
								"south": {"uv": [13, 13], "uv_size": [1, 1]},
								"west": {"uv": [3, 3], "uv_size": [2, 1]},
								"up": {"uv": [0, 4], "uv_size": [1, 2]},
								"down": {"uv": [1, 6], "uv_size": [1, -2]}
							}
						},
						{
							"origin": [-0.62493, 0.0125, -1.10343],
							"size": [0.1717, 0.25, 0.3535],
							"pivot": [-0.62493, 0.2625, -0.74993],
							"rotation": [0, -45, 0],
							"uv": {
								"north": {"uv": [0, 14], "uv_size": [1, 1]},
								"east": {"uv": [14, 0], "uv_size": [1, 1]},
								"south": {"uv": [1, 14], "uv_size": [1, 1]},
								"west": {"uv": [14, 1], "uv_size": [1, 1]},
								"up": {"uv": [2, 14], "uv_size": [1, 1]},
								"down": {"uv": [14, 3], "uv_size": [1, -1]}
							}
						},
						{
							"origin": [-0.62493, 0.0125, 0.50007],
							"size": [0.1717, 0.25, 0.3535],
							"pivot": [-0.62493, 0.2625, 0.50007],
							"rotation": [0, 45, 0],
							"uv": {
								"north": {"uv": [3, 14], "uv_size": [1, 1]},
								"east": {"uv": [14, 3], "uv_size": [1, 1]},
								"south": {"uv": [4, 14], "uv_size": [1, 1]},
								"west": {"uv": [14, 4], "uv_size": [1, 1]},
								"up": {"uv": [5, 14], "uv_size": [1, 1]},
								"down": {"uv": [14, 6], "uv_size": [1, -1]}
							}
						},
						{
							"origin": [0.45323, 0.0125, -1.10343],
							"size": [0.1717, 0.25, 0.3535],
							"pivot": [0.62493, 0.2625, -0.74993],
							"rotation": [0, 45, 0],
							"uv": {
								"north": {"uv": [6, 14], "uv_size": [1, 1]},
								"east": {"uv": [14, 6], "uv_size": [1, 1]},
								"south": {"uv": [7, 14], "uv_size": [1, 1]},
								"west": {"uv": [14, 7], "uv_size": [1, 1]},
								"up": {"uv": [8, 14], "uv_size": [1, 1]},
								"down": {"uv": [14, 9], "uv_size": [1, -1]}
							}
						},
						{
							"origin": [0.45323, 0.0125, 0.50007],
							"size": [0.1717, 0.25, 0.3535],
							"pivot": [0.62493, 0.2625, 0.50007],
							"rotation": [0, -45, 0],
							"uv": {
								"north": {"uv": [9, 14], "uv_size": [1, 1]},
								"east": {"uv": [14, 9], "uv_size": [1, 1]},
								"south": {"uv": [10, 14], "uv_size": [1, 1]},
								"west": {"uv": [14, 10], "uv_size": [1, 1]},
								"up": {"uv": [11, 14], "uv_size": [1, 1]},
								"down": {"uv": [14, 12], "uv_size": [1, -1]}
							}
						}
					]
				},
				{
					"name": "Riser",
					"parent": "StrikeIndus_REX",
					"pivot": [0, -11.05, 3.875],
					"cubes": [
						{
							"origin": [-0.5, 0.4, -1.25],
							"size": [1, 0.001, 2.25],
							"uv": {
								"north": {"uv": [0, 0], "uv_size": [1, 0]},
								"east": {"uv": [0, 0], "uv_size": [2, 0]},
								"south": {"uv": [0, 0], "uv_size": [1, 0]},
								"west": {"uv": [0, 0], "uv_size": [2, 0]},
								"up": {"uv": [2, 4], "uv_size": [1, 2]},
								"down": {"uv": [3, 6], "uv_size": [1, -2]}
							}
						},
						{
							"origin": [-0.375, 0.15, -1.25],
							"size": [0.75, 0.25, 2.25],
							"uv": {
								"north": {"uv": [12, 14], "uv_size": [1, 1]},
								"east": {"uv": [4, 4], "uv_size": [2, 1]},
								"south": {"uv": [14, 12], "uv_size": [1, 1]},
								"west": {"uv": [5, 0], "uv_size": [2, 1]},
								"down": {"uv": [5, 3], "uv_size": [1, -2]}
							}
						},
						{
							"origin": [-0.3643, 0.27025, 0.5],
							"size": [0.177, 0.177, 0.5],
							"pivot": [-0.375, 0.25955, -2.3025],
							"rotation": [0, 0, -45],
							"uv": {
								"north": {"uv": [13, 14], "uv_size": [1, 1]},
								"east": {"uv": [14, 13], "uv_size": [1, 1]},
								"south": {"uv": [14, 14], "uv_size": [1, 1]},
								"up": {"uv": [0, 15], "uv_size": [1, 1]}
							}
						},
						{
							"origin": [-0.375, 0.4, 0.5],
							"size": [0.75, 0.125, 0.5],
							"uv": {
								"north": {"uv": [15, 0], "uv_size": [1, 1]},
								"east": {"uv": [1, 15], "uv_size": [1, 1]},
								"south": {"uv": [15, 1], "uv_size": [1, 1]},
								"west": {"uv": [2, 15], "uv_size": [1, 1]},
								"up": {"uv": [15, 2], "uv_size": [1, 1]}
							}
						},
						{
							"origin": [0.1873, 0.27025, 0.5],
							"size": [0.177, 0.177, 0.5],
							"pivot": [0.375, 0.25955, -2.3025],
							"rotation": [0, 0, 45],
							"uv": {
								"north": {"uv": [3, 15], "uv_size": [1, 1]},
								"south": {"uv": [15, 3], "uv_size": [1, 1]},
								"west": {"uv": [4, 15], "uv_size": [1, 1]},
								"up": {"uv": [15, 4], "uv_size": [1, 1]}
							}
						},
						{
							"origin": [-0.3643, 0.27025, -1.25],
							"size": [0.177, 0.177, 0.5],
							"pivot": [-0.375, 0.25955, -3.8275],
							"rotation": [0, 0, -45],
							"uv": {
								"north": {"uv": [5, 15], "uv_size": [1, 1]},
								"east": {"uv": [15, 5], "uv_size": [1, 1]},
								"south": {"uv": [6, 15], "uv_size": [1, 1]},
								"up": {"uv": [15, 6], "uv_size": [1, 1]}
							}
						},
						{
							"origin": [-0.375, 0.4, -1.25],
							"size": [0.75, 0.125, 0.5],
							"uv": {
								"north": {"uv": [7, 15], "uv_size": [1, 1]},
								"east": {"uv": [15, 7], "uv_size": [1, 1]},
								"south": {"uv": [8, 15], "uv_size": [1, 1]},
								"west": {"uv": [15, 8], "uv_size": [1, 1]},
								"up": {"uv": [9, 15], "uv_size": [1, 1]}
							}
						},
						{
							"origin": [0.1873, 0.27025, -1.25],
							"size": [0.177, 0.177, 0.5],
							"pivot": [0.375, 0.25955, -3.8275],
							"rotation": [0, 0, 45],
							"uv": {
								"north": {"uv": [15, 9], "uv_size": [1, 1]},
								"south": {"uv": [10, 15], "uv_size": [1, 1]},
								"west": {"uv": [15, 10], "uv_size": [1, 1]},
								"up": {"uv": [11, 15], "uv_size": [1, 1]}
							}
						},
						{
							"origin": [0.1873, 0.27025, -0.5],
							"size": [0.177, 0.177, 0.75],
							"pivot": [0.375, 0.25955, -3.3275],
							"rotation": [0, 0, 45],
							"uv": {
								"north": {"uv": [15, 11], "uv_size": [1, 1]},
								"south": {"uv": [12, 15], "uv_size": [1, 1]},
								"west": {"uv": [15, 12], "uv_size": [1, 1]},
								"up": {"uv": [13, 15], "uv_size": [1, 1]}
							}
						},
						{
							"origin": [-0.375, 0.4, -0.5],
							"size": [0.75, 0.125, 0.75],
							"uv": {
								"north": {"uv": [15, 13], "uv_size": [1, 1]},
								"east": {"uv": [14, 15], "uv_size": [1, 1]},
								"south": {"uv": [15, 14], "uv_size": [1, 1]},
								"west": {"uv": [15, 15], "uv_size": [1, 1]},
								"up": {"uv": [0, 16], "uv_size": [1, 1]}
							}
						},
						{
							"origin": [-0.3643, 0.27025, -0.5],
							"size": [0.177, 0.177, 0.75],
							"pivot": [-0.375, 0.25955, -3.3275],
							"rotation": [0, 0, -45],
							"uv": {
								"north": {"uv": [16, 0], "uv_size": [1, 1]},
								"east": {"uv": [1, 16], "uv_size": [1, 1]},
								"south": {"uv": [16, 1], "uv_size": [1, 1]},
								"up": {"uv": [2, 16], "uv_size": [1, 1]}
							}
						}
					]
				},
				{
					"name": "Exoskeleton",
					"parent": "StrikeIndus_REX",
					"pivot": [0, 0, 1],
					"cubes": [
						{
							"origin": [-0.6, 0.2625, -0.1],
							"size": [1.2, 0.275, 0.95],
							"uv": {
								"north": {"uv": [16, 2], "uv_size": [1, 1]},
								"east": {"uv": [3, 16], "uv_size": [1, 1]},
								"south": {"uv": [16, 3], "uv_size": [1, 1]},
								"west": {"uv": [4, 16], "uv_size": [1, 1]},
								"down": {"uv": [16, 5], "uv_size": [1, -1]}
							}
						},
						{
							"origin": [-0.6875, 0.275, 0.3],
							"size": [1.375, 0.2125, 0.2125],
							"pivot": [0, 0.35, 0.375],
							"rotation": [45, 0, 0],
							"uv": {
								"north": {"uv": [5, 16], "uv_size": [1, 1]},
								"east": {"uv": [16, 5], "uv_size": [1, 1]},
								"south": {"uv": [6, 16], "uv_size": [1, 1]},
								"west": {"uv": [16, 6], "uv_size": [1, 1]},
								"up": {"uv": [7, 16], "uv_size": [1, 1]},
								"down": {"uv": [16, 8], "uv_size": [1, -1]}
							}
						},
						{
							"origin": [-0.7, 0.5375, -1.05],
							"size": [1.4, 0.15, 1.85],
							"uv": {
								"east": {"uv": [5, 3], "uv_size": [2, 1]},
								"west": {"uv": [4, 5], "uv_size": [2, 1]},
								"up": {"uv": [0, 6], "uv_size": [1, 2]},
								"down": {"uv": [1, 8], "uv_size": [1, -2]}
							}
						},
						{
							"origin": [-0.9, 0.5375, -1.25],
							"size": [1.8, 0.15, 0.2],
							"uv": {
								"north": {"uv": [6, 1], "uv_size": [2, 1]},
								"east": {"uv": [8, 16], "uv_size": [1, 1]},
								"south": {"uv": [2, 6], "uv_size": [2, 1]},
								"west": {"uv": [16, 8], "uv_size": [1, 1]},
								"up": {"uv": [6, 2], "uv_size": [2, 1]},
								"down": {"uv": [4, 7], "uv_size": [2, -1]}
							}
						},
						{
							"origin": [-0.9, 0.5375, 0.8],
							"size": [1.8, 0.15, 0.2],
							"uv": {
								"north": {"uv": [6, 4], "uv_size": [2, 1]},
								"east": {"uv": [9, 16], "uv_size": [1, 1]},
								"south": {"uv": [6, 5], "uv_size": [2, 1]},
								"west": {"uv": [16, 9], "uv_size": [1, 1]},
								"up": {"uv": [6, 6], "uv_size": [2, 1]},
								"down": {"uv": [7, 1], "uv_size": [2, -1]}
							}
						},
						{
							"origin": [0.75, 0.6875, -1.25],
							"size": [0.15, 0.35, 0.2],
							"uv": {
								"north": {"uv": [10, 16], "uv_size": [1, 1]},
								"east": {"uv": [16, 10], "uv_size": [1, 1]},
								"south": {"uv": [11, 16], "uv_size": [1, 1]},
								"west": {"uv": [16, 11], "uv_size": [1, 1]}
							}
						},
						{
							"origin": [0.75, 0.6875, 0.8],
							"size": [0.15, 0.35, 0.2],
							"uv": {
								"north": {"uv": [12, 16], "uv_size": [1, 1]},
								"east": {"uv": [16, 12], "uv_size": [1, 1]},
								"south": {"uv": [13, 16], "uv_size": [1, 1]},
								"west": {"uv": [16, 13], "uv_size": [1, 1]}
							}
						},
						{
							"origin": [0.75, 1.0375, 0.8],
							"size": [0.15, 1.3, 0.2],
							"pivot": [0.9, 1.0375, 1],
							"rotation": [67.5, 0, 0],
							"uv": {
								"north": {"uv": [14, 16], "uv_size": [1, 1]},
								"east": {"uv": [16, 14], "uv_size": [1, 1]},
								"south": {"uv": [15, 16], "uv_size": [1, 1]},
								"west": {"uv": [16, 15], "uv_size": [1, 1]}
							}
						},
						{
							"origin": [0.75, 1.0375, -1.25],
							"size": [0.15, 0.8, 0.2],
							"pivot": [0.9, 1.0375, -1.25],
							"rotation": [-11.25, 0, 0],
							"uv": {
								"north": {"uv": [16, 16], "uv_size": [1, 1]},
								"east": {"uv": [0, 17], "uv_size": [1, 1]},
								"south": {"uv": [17, 0], "uv_size": [1, 1]},
								"west": {"uv": [1, 17], "uv_size": [1, 1]}
							}
						},
						{
							"origin": [0.75, 1.0375, -1.35],
							"size": [0.15, 0.9, 0.3],
							"pivot": [0.9, 1.0375, -1.05],
							"rotation": [-69.75, 0, 0],
							"uv": {
								"east": {"uv": [17, 1], "uv_size": [1, 1]},
								"south": {"uv": [2, 17], "uv_size": [1, 1]},
								"west": {"uv": [17, 2], "uv_size": [1, 1]}
							}
						},
						{
							"origin": [0.75, 1.82213, -1.09393],
							"size": [0.15, 0.55, 0.5],
							"pivot": [0.9, 1.82213, -1.09393],
							"rotation": [-78.75, 0, 0],
							"uv": {
								"north": {"uv": [3, 17], "uv_size": [1, 1]},
								"east": {"uv": [17, 3], "uv_size": [1, 1]},
								"west": {"uv": [4, 17], "uv_size": [1, 1]}
							}
						},
						{
							"origin": [0.75, 1.92943, -0.5545],
							"size": [0.15, 0.6, 0.2],
							"pivot": [0.9, 1.92943, -0.5545],
							"rotation": [-138, 0, 0],
							"uv": {
								"north": {"uv": [17, 4], "uv_size": [1, 1]},
								"east": {"uv": [5, 17], "uv_size": [1, 1]},
								"west": {"uv": [17, 5], "uv_size": [1, 1]}
							}
						},
						{
							"origin": [-0.9, 1.92943, -0.5545],
							"size": [0.15, 0.6, 0.2],
							"pivot": [-0.9, 1.92943, -0.5545],
							"rotation": [-138, 0, 0],
							"uv": {
								"north": {"uv": [6, 17], "uv_size": [1, 1]},
								"east": {"uv": [17, 6], "uv_size": [1, 1]},
								"west": {"uv": [7, 17], "uv_size": [1, 1]}
							}
						},
						{
							"origin": [-0.9, 1.82213, -1.09393],
							"size": [0.15, 0.55, 0.5],
							"pivot": [-0.9, 1.82213, -1.09393],
							"rotation": [-78.75, 0, 0],
							"uv": {
								"north": {"uv": [17, 7], "uv_size": [1, 1]},
								"east": {"uv": [8, 17], "uv_size": [1, 1]},
								"west": {"uv": [17, 8], "uv_size": [1, 1]}
							}
						},
						{
							"origin": [-0.9, 1.0375, -1.35],
							"size": [0.15, 0.9, 0.3],
							"pivot": [-0.9, 1.0375, -1.05],
							"rotation": [-69.75, 0, 0],
							"uv": {
								"east": {"uv": [9, 17], "uv_size": [1, 1]},
								"south": {"uv": [17, 9], "uv_size": [1, 1]},
								"west": {"uv": [10, 17], "uv_size": [1, 1]}
							}
						},
						{
							"origin": [-0.9, 1.0375, -1.25],
							"size": [0.15, 0.8, 0.2],
							"pivot": [-0.9, 1.0375, -1.25],
							"rotation": [-11.25, 0, 0],
							"uv": {
								"north": {"uv": [17, 10], "uv_size": [1, 1]},
								"east": {"uv": [11, 17], "uv_size": [1, 1]},
								"south": {"uv": [17, 11], "uv_size": [1, 1]},
								"west": {"uv": [12, 17], "uv_size": [1, 1]}
							}
						},
						{
							"origin": [-0.9, 1.0375, 0.8],
							"size": [0.15, 1.3, 0.2],
							"pivot": [-0.9, 1.0375, 1],
							"rotation": [67.5, 0, 0],
							"uv": {
								"north": {"uv": [17, 12], "uv_size": [1, 1]},
								"east": {"uv": [13, 17], "uv_size": [1, 1]},
								"south": {"uv": [17, 13], "uv_size": [1, 1]},
								"west": {"uv": [14, 17], "uv_size": [1, 1]}
							}
						},
						{
							"origin": [-0.9, 0.6875, 0.8],
							"size": [0.15, 0.35, 0.2],
							"uv": {
								"north": {"uv": [17, 14], "uv_size": [1, 1]},
								"east": {"uv": [15, 17], "uv_size": [1, 1]},
								"south": {"uv": [17, 15], "uv_size": [1, 1]},
								"west": {"uv": [16, 17], "uv_size": [1, 1]}
							}
						},
						{
							"origin": [-0.9, 0.6875, -1.25],
							"size": [0.15, 0.35, 0.2],
							"uv": {
								"north": {"uv": [17, 16], "uv_size": [1, 1]},
								"east": {"uv": [17, 17], "uv_size": [1, 1]},
								"south": {"uv": [0, 18], "uv_size": [1, 1]},
								"west": {"uv": [18, 0], "uv_size": [1, 1]}
							}
						}
					]
				}
			]
		}
	]
}