{
	"format_version": "1.12.0",
	"minecraft:geometry": [
		{
			"description": {
				"identifier": "geometry.sight_vortex_viper_rd",
				"texture_width": 32,
				"texture_height": 32,
				"visible_bounds_width": 22,
				"visible_bounds_height": 10,
				"visible_bounds_offset": [0, 0, 0]
			},
			"bones": [
				{
					"name": "scope_view",
					"pivot": [0, 0.7478, 7.25]
				},
				{
					"name": "division",
					"pivot": [0, 0, 0]
				},
				{
					"name": "crosshair_illuminated",
					"parent": "division",
					"pivot": [0, 0, 0],
					"cubes": [
						{
							"origin": [-0.0354, 0.7125, -10.183],
							"size": [0.0707, 0.0707, 0.025],
							"pivot": [0, 0.7478, -0.183],
							"rotation": [0, 0, 45],
							"uv": {
								"south": {"uv": [2, 7], "uv_size": [1, 1]}
							}
						}
					]
				},
				{
					"name": "ocular",
					"pivot": [0, 0.3, -1.1],
					"cubes": [
						{
							"origin": [-0.475, 1.0146, -2.2],
							"size": [0.25, 0.1067, 0.02],
							"pivot": [-0.3, 1.00545, -2.19],
							"rotation": [0, 0, -31.25],
							"uv": {
								"south": {"uv": [5, 7], "uv_size": [1, 1]}
							}
						},
						{
							"origin": [0.225, 1.0146, -2.2],
							"size": [0.25, 0.1067, 0.02],
							"pivot": [0.3, 1.00545, -2.19],
							"rotation": [0, 0, 31.25],
							"uv": {
								"south": {"uv": [4, 7], "uv_size": [1, 1]}
							}
						},
						{
							"origin": [-0.3, 1.0146, -2.2],
							"size": [0.6, 0.1817, 0.02],
							"uv": {
								"south": {"uv": [7, 3], "uv_size": [1, 1]}
							}
						},
						{
							"origin": [-0.573, 0.4, -2.2],
							"size": [1.146, 0.6146, 0.02],
							"uv": {
								"south": {"uv": [3, 7], "uv_size": [1, 1]}
							}
						}
					]
				},
				{
					"name": "scope_body",
					"pivot": [0, 0, 0]
				},
				{
					"name": "Vortex_ViperRD",
					"parent": "scope_body",
					"pivot": [0, -0.3625, -0.1625],
					"cubes": [
						{
							"origin": [0.58059, 0.42, -0.66941],
							"size": [0.2, 0.025, 0.2],
							"pivot": [0, 0.69781, -1.25],
							"rotation": [0, -45, 0],
							"uv": {
								"north": {"uv": [6, 7], "uv_size": [1, 1]},
								"east": {"uv": [7, 7], "uv_size": [1, 1]},
								"south": {"uv": [0, 8], "uv_size": [1, 1]},
								"west": {"uv": [1, 8], "uv_size": [1, 1]},
								"up": {"uv": [8, 1], "uv_size": [1, 1]},
								"down": {"uv": [2, 9], "uv_size": [1, -1]}
							}
						},
						{
							"origin": [-0.6, 0, -0.7735],
							"size": [1.2, 0.42, 0.524],
							"uv": {
								"north": {"uv": [8, 2], "uv_size": [1, 1]},
								"east": {"uv": [3, 8], "uv_size": [1, 1]},
								"west": {"uv": [8, 3], "uv_size": [1, 1]},
								"up": {"uv": [4, 8], "uv_size": [1, 1]},
								"down": {"uv": [8, 5], "uv_size": [1, -1]}
							}
						},
						{
							"origin": [-0.6, 0, -0.2495],
							"size": [1.2, 0.27, 0.25],
							"uv": {
								"east": {"uv": [5, 8], "uv_size": [1, 1]},
								"south": {"uv": [8, 5], "uv_size": [1, 1]},
								"west": {"uv": [6, 8], "uv_size": [1, 1]},
								"down": {"uv": [8, 7], "uv_size": [1, -1]}
							}
						},
						{
							"origin": [-0.35, 0.27, -0.2495],
							"size": [0.7, 0.15, 0.25],
							"uv": {
								"south": {"uv": [7, 8], "uv_size": [1, 1]},
								"up": {"uv": [8, 7], "uv_size": [1, 1]}
							}
						},
						{
							"origin": [-0.6, 0.145, -0.2895],
							"size": [0.25, 0.125, 0.29],
							"pivot": [-0.6, 0.27, 0.0005],
							"rotation": [-30, 0, 0],
							"uv": {
								"east": {"uv": [8, 8], "uv_size": [1, 1]},
								"up": {"uv": [0, 9], "uv_size": [1, 1]}
							}
						},
						{
							"origin": [-0.60115, 0.15, -0.2495],
							"size": [0.29, 0.125, 0.25],
							"pivot": [-0.60115, 0.275, 0.0005],
							"rotation": [0, 0, -30],
							"uv": {
								"south": {"uv": [9, 0], "uv_size": [1, 1]},
								"up": {"uv": [1, 9], "uv_size": [1, 1]}
							}
						},
						{
							"origin": [-0.70354, 0.27, -0.24954],
							"size": [0.3535, 0.15, 0.25],
							"pivot": [-0.35004, 0.42, 0.00046],
							"rotation": [0, -45, 0],
							"uv": {
								"south": {"uv": [9, 1], "uv_size": [1, 1]},
								"up": {"uv": [2, 9], "uv_size": [1, 1]}
							}
						},
						{
							"origin": [0.31115, 0.15, -0.2495],
							"size": [0.29, 0.125, 0.25],
							"pivot": [0.60115, 0.275, 0.0005],
							"rotation": [0, 0, 30],
							"uv": {
								"south": {"uv": [9, 2], "uv_size": [1, 1]},
								"up": {"uv": [3, 9], "uv_size": [1, 1]}
							}
						},
						{
							"origin": [0.35, 0.145, -0.2895],
							"size": [0.25, 0.125, 0.29],
							"pivot": [0.6, 0.27, 0.0005],
							"rotation": [-30, 0, 0],
							"uv": {
								"west": {"uv": [9, 3], "uv_size": [1, 1]},
								"up": {"uv": [4, 9], "uv_size": [1, 1]}
							}
						},
						{
							"origin": [0.35004, 0.27, -0.24954],
							"size": [0.3535, 0.15, 0.25],
							"pivot": [0.35004, 0.42, 0.00046],
							"rotation": [0, 45, 0],
							"uv": {
								"south": {"uv": [9, 4], "uv_size": [1, 1]},
								"up": {"uv": [5, 9], "uv_size": [1, 1]}
							}
						},
						{
							"origin": [-0.65, 0.1, -0.58749],
							"size": [1.3, 0.2, 0.2],
							"pivot": [0, 0.2, -0.48749],
							"rotation": [-45, 0, 0],
							"uv": {
								"north": {"uv": [9, 5], "uv_size": [1, 1]},
								"east": {"uv": [6, 9], "uv_size": [1, 1]},
								"south": {"uv": [9, 6], "uv_size": [1, 1]},
								"west": {"uv": [7, 9], "uv_size": [1, 1]},
								"up": {"uv": [9, 7], "uv_size": [1, 1]},
								"down": {"uv": [8, 10], "uv_size": [1, -1]}
							}
						},
						{
							"origin": [0.175, 0.175, -0.08749],
							"size": [0.15, 0.15, 0.125],
							"pivot": [0.25, 0.25, 0.00001],
							"rotation": [0, 0, 45],
							"uv": {
								"east": {"uv": [9, 8], "uv_size": [1, 1]},
								"south": {"uv": [9, 9], "uv_size": [1, 1]},
								"west": {"uv": [0, 10], "uv_size": [1, 1]},
								"up": {"uv": [10, 0], "uv_size": [1, 1]},
								"down": {"uv": [1, 11], "uv_size": [1, -1]}
							}
						},
						{
							"origin": [-0.325, 0.175, -0.08749],
							"size": [0.15, 0.15, 0.125],
							"pivot": [-0.25, 0.25, 0.00001],
							"rotation": [0, 0, 45],
							"uv": {
								"east": {"uv": [10, 1], "uv_size": [1, 1]},
								"south": {"uv": [2, 10], "uv_size": [1, 1]},
								"west": {"uv": [10, 2], "uv_size": [1, 1]},
								"up": {"uv": [3, 10], "uv_size": [1, 1]},
								"down": {"uv": [10, 4], "uv_size": [1, -1]}
							}
						},
						{
							"origin": [0.05099, 0.2957, -1.31655],
							"size": [0.15, 0.075, 0.15],
							"pivot": [0.58106, 0.79351, -1.34307],
							"rotation": [0, 45, 0],
							"uv": {
								"north": {"uv": [4, 10], "uv_size": [1, 1]},
								"east": {"uv": [10, 4], "uv_size": [1, 1]},
								"south": {"uv": [5, 10], "uv_size": [1, 1]},
								"west": {"uv": [10, 5], "uv_size": [1, 1]},
								"up": {"uv": [6, 10], "uv_size": [1, 1]}
							}
						},
						{
							"origin": [-0.61114, 0.2957, -1.31655],
							"size": [0.15, 0.075, 0.15],
							"pivot": [-0.08107, 0.79351, -1.34307],
							"rotation": [0, 45, 0],
							"uv": {
								"north": {"uv": [10, 6], "uv_size": [1, 1]},
								"east": {"uv": [7, 10], "uv_size": [1, 1]},
								"south": {"uv": [10, 7], "uv_size": [1, 1]},
								"west": {"uv": [8, 10], "uv_size": [1, 1]},
								"up": {"uv": [10, 8], "uv_size": [1, 1]}
							}
						},
						{
							"origin": [-0.673, 0, -2.4125],
							"size": [1.347, 0.3, 1.639],
							"uv": {
								"north": {"uv": [9, 10], "uv_size": [1, 1]},
								"east": {"uv": [0, 0], "uv_size": [2, 1]},
								"west": {"uv": [0, 1], "uv_size": [2, 1]},
								"up": {"uv": [0, 2], "uv_size": [1, 2]},
								"down": {"uv": [2, 2], "uv_size": [1, -2]}
							}
						},
						{
							"origin": [0.54043, 0, -0.8452],
							"size": [0.1047, 0.42, 0.10465],
							"pivot": [0.57302, 0.16, -0.7745],
							"rotation": [0, -45, 0],
							"uv": {
								"east": {"uv": [10, 9], "uv_size": [1, 1]},
								"west": {"uv": [10, 10], "uv_size": [1, 1]},
								"up": {"uv": [0, 11], "uv_size": [1, 1]},
								"down": {"uv": [11, 1], "uv_size": [1, -1]}
							}
						},
						{
							"origin": [-0.64513, 0, -0.8452],
							"size": [0.1047, 0.42, 0.10465],
							"pivot": [-0.57302, 0.16, -0.7745],
							"rotation": [0, 45, 0],
							"uv": {
								"east": {"uv": [1, 11], "uv_size": [1, 1]},
								"west": {"uv": [11, 1], "uv_size": [1, 1]},
								"up": {"uv": [2, 11], "uv_size": [1, 1]},
								"down": {"uv": [11, 3], "uv_size": [1, -1]}
							}
						},
						{
							"origin": [0.673, 0.0457, -2.1745],
							"size": [0.1, 0.3, 0.7],
							"uv": {
								"north": {"uv": [3, 11], "uv_size": [1, 1]},
								"south": {"uv": [11, 3], "uv_size": [1, 1]},
								"west": {"uv": [4, 11], "uv_size": [1, 1]},
								"up": {"uv": [11, 4], "uv_size": [1, 1]},
								"down": {"uv": [5, 12], "uv_size": [1, -1]}
							}
						},
						{
							"origin": [-0.573, 0.3, -2.4125],
							"size": [1.146, 0.1, 0.25],
							"uv": {
								"north": {"uv": [11, 5], "uv_size": [1, 1]},
								"south": {"uv": [6, 11], "uv_size": [1, 1]},
								"up": {"uv": [11, 6], "uv_size": [1, 1]}
							}
						},
						{
							"origin": [-0.23447, 1.19629, -2.28256],
							"size": [0.46893, 0.10116, 0.45],
							"uv": {
								"north": {"uv": [7, 11], "uv_size": [1, 1]},
								"south": {"uv": [11, 7], "uv_size": [1, 1]},
								"up": {"uv": [8, 11], "uv_size": [1, 1]},
								"down": {"uv": [11, 9], "uv_size": [1, -1]}
							}
						},
						{
							"origin": [0.573, 0.3, -2.4125],
							"size": [0.101, 0.12, 1.639],
							"uv": {
								"north": {"uv": [9, 11], "uv_size": [1, 1]},
								"east": {"uv": [1, 2], "uv_size": [2, 1]},
								"west": {"uv": [3, 0], "uv_size": [2, 1]}
							}
						},
						{
							"origin": [0.52967, 1.05573, -2.28256],
							"size": [0.1, 0.51296, 0.45],
							"pivot": [0.673, 1.08203, -1.73081],
							"rotation": [0, 0, -58.75],
							"uv": {
								"north": {"uv": [11, 9], "uv_size": [1, 1]},
								"east": {"uv": [10, 11], "uv_size": [1, 1]},
								"south": {"uv": [11, 10], "uv_size": [1, 1]},
								"west": {"uv": [11, 11], "uv_size": [1, 1]}
							}
						},
						{
							"origin": [0.573, 0.42, -2.4125],
							"size": [0.1, 0.625, 0.135],
							"pivot": [0.673, 0.42, -2.4125],
							"rotation": [-12, 0, 0],
							"uv": {
								"north": {"uv": [0, 12], "uv_size": [1, 1]},
								"east": {"uv": [12, 0], "uv_size": [1, 1]},
								"west": {"uv": [1, 12], "uv_size": [1, 1]}
							}
						},
						{
							"origin": [0.573, 0.42, -2.28256],
							"size": [0.1, 0.61134, 0.45],
							"uv": {
								"east": {"uv": [12, 1], "uv_size": [1, 1]},
								"west": {"uv": [2, 12], "uv_size": [1, 1]}
							}
						},
						{
							"origin": [0.572, -0.19158, -2.10751],
							"size": [0.101, 1.22284, 0.275],
							"pivot": [0.672, 1.03126, -1.8326],
							"rotation": [60, 0, 0],
							"uv": {
								"east": {"uv": [12, 2], "uv_size": [1, 1]},
								"south": {"uv": [3, 12], "uv_size": [1, 1]},
								"west": {"uv": [12, 3], "uv_size": [1, 1]}
							}
						},
						{
							"origin": [0.573, 0.42, -1.83256],
							"size": [0.1, 0.3, 0.5],
							"uv": {
								"east": {"uv": [4, 12], "uv_size": [1, 1]},
								"west": {"uv": [12, 4], "uv_size": [1, 1]}
							}
						},
						{
							"origin": [-0.674, 0.3, -2.4125],
							"size": [0.101, 0.12, 1.639],
							"uv": {
								"north": {"uv": [5, 12], "uv_size": [1, 1]},
								"east": {"uv": [1, 3], "uv_size": [2, 1]},
								"west": {"uv": [3, 1], "uv_size": [2, 1]}
							}
						},
						{
							"origin": [-0.62901, 1.0569, -2.28256],
							"size": [0.1, 0.51296, 0.45],
							"pivot": [-0.6737, 1.08319, -1.73081],
							"rotation": [0, 0, 58.75],
							"uv": {
								"north": {"uv": [12, 5], "uv_size": [1, 1]},
								"east": {"uv": [6, 12], "uv_size": [1, 1]},
								"south": {"uv": [12, 6], "uv_size": [1, 1]},
								"west": {"uv": [7, 12], "uv_size": [1, 1]}
							}
						},
						{
							"origin": [-0.673, 0.42, -2.4125],
							"size": [0.1, 0.625, 0.135],
							"pivot": [-0.673, 0.42, -2.4125],
							"rotation": [-12, 0, 0],
							"uv": {
								"north": {"uv": [12, 7], "uv_size": [1, 1]},
								"east": {"uv": [8, 12], "uv_size": [1, 1]},
								"west": {"uv": [12, 8], "uv_size": [1, 1]}
							}
						},
						{
							"origin": [-0.673, 0.42, -2.28256],
							"size": [0.1, 0.61134, 0.45],
							"uv": {
								"east": {"uv": [9, 12], "uv_size": [1, 1]},
								"west": {"uv": [12, 9], "uv_size": [1, 1]}
							}
						},
						{
							"origin": [-0.673, -0.19158, -2.10751],
							"size": [0.101, 1.22284, 0.275],
							"pivot": [-0.672, 1.03126, -1.8326],
							"rotation": [60, 0, 0],
							"uv": {
								"east": {"uv": [10, 12], "uv_size": [1, 1]},
								"south": {"uv": [12, 10], "uv_size": [1, 1]},
								"west": {"uv": [11, 12], "uv_size": [1, 1]}
							}
						},
						{
							"origin": [-0.673, 0.42, -1.83256],
							"size": [0.1, 0.3, 0.5],
							"uv": {
								"east": {"uv": [12, 11], "uv_size": [1, 1]},
								"west": {"uv": [12, 12], "uv_size": [1, 1]}
							}
						}
					]
				}
			]
		}
	]
}