{
	"format_version": "1.12.0",
	"minecraft:geometry": [
		{
			"description": {
				"identifier": "geometry.sight_eotech_hhs8",
				"texture_width": 256,
				"texture_height": 256,
				"visible_bounds_width": 112,
				"visible_bounds_height": 25,
				"visible_bounds_offset": [0, 0.5, 0]
			},
			"bones": [
				{
					"name": "scope_view",
					"pivot": [0, 2.4, 6.7]
				},
				{
					"name": "division",
					"pivot": [0, -1, -25],
					"cubes": [
						{
							"origin": [-64, -61.6, -275],
							"size": [128, 128, 0.1],
							"uv": {
								"south": {"uv": [0, 0], "uv_size": [128, 128]}
							}
						},
						{
							"origin": [-64, 66.4, -275],
							"size": [128, 128, 0.1],
							"uv": {
								"south": {"uv": [0, 0], "uv_size": [1, 1]}
							}
						},
						{
							"origin": [-64, -189.6, -275],
							"size": [128, 128, 0.1],
							"uv": {
								"south": {"uv": [0, 0], "uv_size": [1, 1]}
							}
						},
						{
							"origin": [-320, -189.6, -275],
							"size": [256, 384, 0.1],
							"uv": {
								"south": {"uv": [0, 0], "uv_size": [1, 1]}
							}
						},
						{
							"origin": [64, -189.6, -275],
							"size": [256, 384, 0.1],
							"uv": {
								"south": {"uv": [1, 0], "uv_size": [-1, 1]}
							}
						}
					]
				},
				{
					"name": "crosshair_illuminated",
					"parent": "division",
					"pivot": [0, 1.12625, -56.3],
					"cubes": [
						{
							"origin": [-59.5, -57.1, -775],
							"size": [119, 119, 0.1],
							"uv": {
								"south": {"uv": [0, 128], "uv_size": [119, 119]}
							}
						}
					]
				},
				{
					"name": "ocular",
					"pivot": [0, 2.4, -0.4],
					"cubes": [
						{
							"origin": [-0.2753, 1.75, 3.75],
							"size": [0.5506, 1.3, 0.1],
							"uv": {
								"south": {"uv": [129, 25], "uv_size": [1, 1]}
							}
						},
						{
							"origin": [-0.2753, 1.75, 3.75],
							"size": [0.5506, 1.3, 0.1],
							"pivot": [0, 2.4, 0.95],
							"rotation": [0, 0, 45],
							"uv": {
								"south": {"uv": [130, 25], "uv_size": [1, 1]}
							}
						},
						{
							"origin": [-0.2753, 1.75, 3.75],
							"size": [0.5506, 1.3, 0.1],
							"pivot": [0, 2.4, 0.95],
							"rotation": [0, 0, 90],
							"uv": {
								"south": {"uv": [130, 27], "uv_size": [1, 1]}
							}
						},
						{
							"origin": [-0.2753, 1.75, 3.75],
							"size": [0.5506, 1.3, 0.1],
							"pivot": [0, 2.4, 0.95],
							"rotation": [0, 0, 135],
							"uv": {
								"south": {"uv": [130, 28], "uv_size": [1, 1]}
							}
						}
					]
				},
				{
					"name": "ocular_ring",
					"pivot": [0, 2.4, 1.2],
					"cubes": [
						{
							"origin": [-0.1691, 1.55, 3.5],
							"size": [0.3382, 0.2, 0.5],
							"pivot": [0, 2.4, 3.75],
							"rotation": [0, 0, -180],
							"uv": {
								"south": {"uv": [130, 29], "uv_size": [1, 1]},
								"up": {"uv": [130, 30], "uv_size": [1, 1]},
								"down": {"uv": [130, 32], "uv_size": [1, -1]}
							}
						},
						{
							"origin": [-0.1691, 1.55, 3.5],
							"size": [0.3382, 0.2, 0.5],
							"pivot": [0, 2.4, 3.75],
							"rotation": [0, 0, 157.5],
							"uv": {
								"south": {"uv": [130, 32], "uv_size": [1, 1]},
								"up": {"uv": [130, 33], "uv_size": [1, 1]},
								"down": {"uv": [130, 35], "uv_size": [1, -1]}
							}
						},
						{
							"origin": [-0.1691, 1.55, 3.5],
							"size": [0.3382, 0.2, 0.5],
							"pivot": [0, 2.4, 3.75],
							"rotation": [0, 0, 135],
							"uv": {
								"south": {"uv": [130, 35], "uv_size": [1, 1]},
								"up": {"uv": [130, 36], "uv_size": [1, 1]},
								"down": {"uv": [130, 38], "uv_size": [1, -1]}
							}
						},
						{
							"origin": [-0.1691, 1.55, 3.5],
							"size": [0.3382, 0.2, 0.5],
							"pivot": [0, 2.4, 3.75],
							"rotation": [0, 0, 112.5],
							"uv": {
								"south": {"uv": [130, 38], "uv_size": [1, 1]},
								"up": {"uv": [130, 39], "uv_size": [1, 1]},
								"down": {"uv": [130, 41], "uv_size": [1, -1]}
							}
						},
						{
							"origin": [-0.1691, 1.55, 3.5],
							"size": [0.3382, 0.2, 0.5],
							"pivot": [0, 2.4, 3.75],
							"rotation": [0, 0, 90],
							"uv": {
								"south": {"uv": [130, 41], "uv_size": [1, 1]},
								"up": {"uv": [130, 42], "uv_size": [1, 1]},
								"down": {"uv": [130, 44], "uv_size": [1, -1]}
							}
						},
						{
							"origin": [-0.1691, 1.55, 3.5],
							"size": [0.3382, 0.2, 0.5],
							"pivot": [0, 2.4, 3.75],
							"rotation": [0, 0, 67.5],
							"uv": {
								"south": {"uv": [130, 44], "uv_size": [1, 1]},
								"up": {"uv": [130, 45], "uv_size": [1, 1]},
								"down": {"uv": [130, 47], "uv_size": [1, -1]}
							}
						},
						{
							"origin": [-0.1691, 1.55, 3.5],
							"size": [0.3382, 0.2, 0.5],
							"pivot": [0, 2.4, 3.75],
							"rotation": [0, 0, 45],
							"uv": {
								"south": {"uv": [130, 47], "uv_size": [1, 1]},
								"up": {"uv": [130, 48], "uv_size": [1, 1]},
								"down": {"uv": [130, 50], "uv_size": [1, -1]}
							}
						},
						{
							"origin": [-0.1691, 1.55, 3.5],
							"size": [0.3382, 0.2, 0.5],
							"pivot": [0, 2.4, 3.75],
							"rotation": [0, 0, 22.5],
							"uv": {
								"south": {"uv": [130, 50], "uv_size": [1, 1]},
								"up": {"uv": [130, 51], "uv_size": [1, 1]},
								"down": {"uv": [130, 53], "uv_size": [1, -1]}
							}
						},
						{
							"origin": [-0.1691, 1.55, 3.5],
							"size": [0.3382, 0.2, 0.5],
							"pivot": [0, 2.4, 3.75],
							"rotation": [0, 0, -157.5],
							"uv": {
								"south": {"uv": [130, 53], "uv_size": [1, 1]},
								"up": {"uv": [130, 54], "uv_size": [1, 1]},
								"down": {"uv": [130, 56], "uv_size": [1, -1]}
							}
						},
						{
							"origin": [-0.1691, 1.55, 3.5],
							"size": [0.3382, 0.2, 0.5],
							"pivot": [0, 2.4, 3.75],
							"rotation": [0, 0, -135],
							"uv": {
								"south": {"uv": [130, 56], "uv_size": [1, 1]},
								"up": {"uv": [130, 57], "uv_size": [1, 1]},
								"down": {"uv": [130, 59], "uv_size": [1, -1]}
							}
						},
						{
							"origin": [-0.1691, 1.55, 3.5],
							"size": [0.3382, 0.2, 0.5],
							"pivot": [0, 2.4, 3.75],
							"rotation": [0, 0, -112.5],
							"uv": {
								"south": {"uv": [130, 59], "uv_size": [1, 1]},
								"up": {"uv": [130, 60], "uv_size": [1, 1]},
								"down": {"uv": [130, 62], "uv_size": [1, -1]}
							}
						},
						{
							"origin": [-0.1691, 1.55, 3.5],
							"size": [0.3382, 0.2, 0.5],
							"pivot": [0, 2.4, 3.75],
							"rotation": [0, 0, -90],
							"uv": {
								"south": {"uv": [130, 62], "uv_size": [1, 1]},
								"up": {"uv": [130, 63], "uv_size": [1, 1]},
								"down": {"uv": [130, 65], "uv_size": [1, -1]}
							}
						},
						{
							"origin": [-0.1691, 1.55, 3.5],
							"size": [0.3382, 0.2, 0.5],
							"pivot": [0, 2.4, 3.75],
							"rotation": [0, 0, -67.5],
							"uv": {
								"south": {"uv": [130, 65], "uv_size": [1, 1]},
								"up": {"uv": [130, 66], "uv_size": [1, 1]},
								"down": {"uv": [130, 68], "uv_size": [1, -1]}
							}
						},
						{
							"origin": [-0.1691, 1.55, 3.5],
							"size": [0.3382, 0.2, 0.5],
							"pivot": [0, 2.4, 3.75],
							"rotation": [0, 0, -45],
							"uv": {
								"south": {"uv": [130, 68], "uv_size": [1, 1]},
								"up": {"uv": [130, 69], "uv_size": [1, 1]},
								"down": {"uv": [130, 71], "uv_size": [1, -1]}
							}
						},
						{
							"origin": [-0.1691, 1.55, 3.5],
							"size": [0.3382, 0.2, 0.5],
							"pivot": [0, 2.4, 3.75],
							"rotation": [0, 0, -22.5],
							"uv": {
								"south": {"uv": [130, 71], "uv_size": [1, 1]},
								"up": {"uv": [130, 72], "uv_size": [1, 1]},
								"down": {"uv": [130, 74], "uv_size": [1, -1]}
							}
						},
						{
							"origin": [-0.1691, 1.55, 3.5],
							"size": [0.3382, 0.2, 0.5],
							"uv": {
								"south": {"uv": [130, 74], "uv_size": [1, 1]},
								"up": {"uv": [130, 75], "uv_size": [1, 1]},
								"down": {"uv": [130, 77], "uv_size": [1, -1]}
							}
						}
					]
				},
				{
					"name": "scope_body",
					"pivot": [0, 21.7, 1.35]
				},
				{
					"name": "EOTech_EXPS3",
					"parent": "scope_body",
					"pivot": [-0.5625, 1, -4.84067],
					"cubes": [
						{
							"origin": [-0.375, -0.03125, -3.925],
							"size": [1.4375, 0.375, 2.625],
							"uv": {
								"north": {"uv": [130, 77], "uv_size": [1, 1]},
								"south": {"uv": [130, 78], "uv_size": [1, 1]},
								"west": {"uv": [128, 22], "uv_size": [3, 1]},
								"down": {"uv": [128, 26], "uv_size": [1, -3]}
							}
						},
						{
							"origin": [0.375, -0.21875, -3.925],
							"size": [0.5, 0.1875, 2.625],
							"uv": {
								"east": {"uv": [128, 26], "uv_size": [3, 1]},
								"south": {"uv": [130, 79], "uv_size": [1, 1]},
								"down": {"uv": [128, 30], "uv_size": [1, -3]}
							}
						},
						{
							"origin": [-1.12565, -0.06943, -2.2375],
							"size": [0.26516, 0.1875, 0.9375],
							"pivot": [-1.11049, 0.02432, -2.8625],
							"rotation": [0, 0, 45],
							"uv": {
								"north": {"uv": [130, 80], "uv_size": [1, 1]},
								"south": {"uv": [130, 81], "uv_size": [1, 1]},
								"down": {"uv": [130, 83], "uv_size": [1, -1]}
							}
						},
						{
							"origin": [-0.375, -0.03125, -4.4875],
							"size": [0.75, 0.375, 0.5625],
							"uv": {
								"north": {"uv": [130, 83], "uv_size": [1, 1]},
								"down": {"uv": [130, 85], "uv_size": [1, -1]}
							}
						},
						{
							"origin": [-1, -0.21875, -2.2375],
							"size": [0.625, 0.1875, 0.9375],
							"uv": {
								"north": {"uv": [130, 85], "uv_size": [1, 1]},
								"south": {"uv": [130, 86], "uv_size": [1, 1]},
								"west": {"uv": [130, 87], "uv_size": [1, 1]},
								"down": {"uv": [130, 89], "uv_size": [1, -1]}
							}
						},
						{
							"origin": [0.73549, -0.06943, -3.925],
							"size": [0.26516, 0.1875, 2.625],
							"pivot": [0.98549, 0.02432, -2.8625],
							"rotation": [0, 0, -45],
							"uv": {
								"south": {"uv": [130, 89], "uv_size": [1, 1]},
								"down": {"uv": [128, 33], "uv_size": [1, -3]}
							}
						},
						{
							"origin": [-1.1875, -0.03125, -2.2375],
							"size": [0.8125, 0.375, 0.9375],
							"uv": {
								"north": {"uv": [130, 90], "uv_size": [1, 1]},
								"east": {"uv": [130, 91], "uv_size": [1, 1]},
								"south": {"uv": [130, 92], "uv_size": [1, 1]},
								"up": {"uv": [130, 93], "uv_size": [1, 1]}
							}
						},
						{
							"origin": [-0.875, -0.28125, -4.4875],
							"size": [0.5, 0.625, 2.25],
							"uv": {
								"north": {"uv": [130, 94], "uv_size": [1, 1]},
								"south": {"uv": [130, 95], "uv_size": [1, 1]},
								"west": {"uv": [128, 33], "uv_size": [2, 1]},
								"down": {"uv": [128, 36], "uv_size": [1, -2]}
							}
						},
						{
							"origin": [-1.0625, -0.28125, -4.3],
							"size": [0.1875, 0.625, 1.875],
							"uv": {
								"east": {"uv": [128, 36], "uv_size": [2, 1]},
								"down": {"uv": [128, 39], "uv_size": [1, -2]}
							}
						},
						{
							"origin": [-0.73641, -0.28125, -4.35243],
							"size": [0.1875, 0.625, 0.26517],
							"pivot": [-0.64266, 0.03125, -4.58726],
							"rotation": [0, -45, 0],
							"uv": {
								"east": {"uv": [130, 96], "uv_size": [1, 1]},
								"down": {"uv": [130, 98], "uv_size": [1, -1]}
							}
						},
						{
							"origin": [-0.99621, -0.28125, -2.53012],
							"size": [0.1875, 0.625, 0.26516],
							"pivot": [-0.90246, 0.03125, -2.39754],
							"rotation": [0, 45, 0],
							"uv": {
								"east": {"uv": [130, 98], "uv_size": [1, 1]},
								"down": {"uv": [130, 100], "uv_size": [1, -1]}
							}
						},
						{
							"origin": [0.375, -0.28125, -4.4875],
							"size": [0.9, 0.625, 0.5625],
							"uv": {
								"north": {"uv": [130, 100], "uv_size": [1, 1]},
								"east": {"uv": [130, 101], "uv_size": [1, 1]},
								"south": {"uv": [130, 102], "uv_size": [1, 1]},
								"down": {"uv": [130, 104], "uv_size": [1, -1]}
							}
						},
						{
							"origin": [1.1603, -0.28125, -4.51181],
							"size": [0.21526, 0.625, 0.51968],
							"pivot": [1.38638, 0.0625, -4.24688],
							"rotation": [0, 22.5, 0],
							"uv": {
								"south": {"uv": [130, 104], "uv_size": [1, 1]},
								"west": {"uv": [130, 105], "uv_size": [1, 1]},
								"up": {"uv": [130, 106], "uv_size": [1, 1]},
								"down": {"uv": [130, 108], "uv_size": [1, -1]}
							}
						},
						{
							"origin": [1.3125, -0.21875, -2.83125],
							"size": [0.1875, 0.29688, 1.65625],
							"uv": {
								"east": {"uv": [128, 39], "uv_size": [2, 1]},
								"south": {"uv": [130, 108], "uv_size": [1, 1]},
								"west": {"uv": [128, 40], "uv_size": [2, 1]},
								"up": {"uv": [128, 41], "uv_size": [1, 2]},
								"down": {"uv": [128, 45], "uv_size": [1, -2]}
							}
						},
						{
							"origin": [1.3125, -0.29775, -2.94331],
							"size": [0.1875, 0.25, 0.5],
							"pivot": [1.4375, -0.17275, -2.09956],
							"rotation": [-22.5, 0, 0],
							"uv": {
								"east": {"uv": [130, 109], "uv_size": [1, 1]},
								"west": {"uv": [130, 110], "uv_size": [1, 1]},
								"up": {"uv": [130, 111], "uv_size": [1, 1]}
							}
						},
						{
							"origin": [1.3125, -0.21875, -3.6125],
							"size": [0.1875, 0.48438, 0.78125],
							"uv": {
								"east": {"uv": [130, 112], "uv_size": [1, 1]},
								"west": {"uv": [130, 113], "uv_size": [1, 1]},
								"up": {"uv": [130, 114], "uv_size": [1, 1]},
								"down": {"uv": [130, 116], "uv_size": [1, -1]}
							}
						},
						{
							"origin": [0.77167, -0.21875, -3.78224],
							"size": [0.6875, 0.48438, 0.375],
							"pivot": [1.05292, 0.0625, -3.59474],
							"rotation": [0, -22.5, 0],
							"uv": {
								"north": {"uv": [130, 116], "uv_size": [1, 1]},
								"south": {"uv": [130, 117], "uv_size": [1, 1]},
								"up": {"uv": [130, 118], "uv_size": [1, 1]},
								"down": {"uv": [130, 120], "uv_size": [1, -1]}
							}
						},
						{
							"origin": [-1.3125, 0.767, -5.425],
							"size": [0.25, 0.466, 1.125],
							"pivot": [0.9375, 1, -4.8625],
							"rotation": [-45, 0, 0],
							"uv": {
								"north": {"uv": [130, 120], "uv_size": [1, 1]},
								"east": {"uv": [121, 130], "uv_size": [1, 1]},
								"south": {"uv": [130, 121], "uv_size": [1, 1]}
							}
						},
						{
							"origin": [-1.3125, 0.767, -5.425],
							"size": [0.25, 0.466, 1.125],
							"uv": {
								"north": {"uv": [130, 122], "uv_size": [1, 1]},
								"east": {"uv": [130, 123], "uv_size": [1, 1]},
								"south": {"uv": [124, 130], "uv_size": [1, 1]}
							}
						},
						{
							"origin": [-1.3125, 0.4375, -5.0955],
							"size": [0.25, 1.125, 0.466],
							"pivot": [-0.0625, 1, -4.8625],
							"rotation": [-45, 0, 0],
							"uv": {
								"east": {"uv": [130, 124], "uv_size": [1, 1]},
								"up": {"uv": [130, 125], "uv_size": [1, 1]},
								"down": {"uv": [130, 127], "uv_size": [1, -1]}
							}
						},
						{
							"origin": [-1.3125, 0.4375, -5.0955],
							"size": [0.25, 1.125, 0.466],
							"uv": {
								"east": {"uv": [127, 130], "uv_size": [1, 1]},
								"up": {"uv": [130, 127], "uv_size": [1, 1]},
								"down": {"uv": [130, 129], "uv_size": [1, -1]}
							}
						},
						{
							"origin": [0.875, 1.53125, -5.1125],
							"size": [0.1875, 0.125, 1.8125],
							"uv": {
								"west": {"uv": [128, 45], "uv_size": [2, 1]},
								"up": {"uv": [128, 46], "uv_size": [1, 2]}
							}
						},
						{
							"origin": [0.875, 1.53125, -3.3],
							"size": [0.1875, 1.125, 1.5],
							"uv": {
								"north": {"uv": [130, 129], "uv_size": [1, 1]},
								"east": {"uv": [128, 48], "uv_size": [2, 1]},
								"west": {"uv": [128, 49], "uv_size": [2, 1]}
							}
						},
						{
							"origin": [-0.75, 2.78125, -3.3],
							"size": [1.5, 0.1875, 1.5],
							"uv": {
								"north": {"uv": [128, 50], "uv_size": [2, 1]},
								"south": {"uv": [128, 51], "uv_size": [2, 1]},
								"up": {"uv": [128, 8], "uv_size": [2, 2]},
								"down": {"uv": [128, 12], "uv_size": [2, -2]}
							}
						},
						{
							"origin": [0.875, 1.40361, -2.00077],
							"size": [0.1875, 1.25, 0.4375],
							"pivot": [0.96875, 2.05986, -1.68827],
							"rotation": [22.5, 0, 0],
							"uv": {
								"east": {"uv": [130, 130], "uv_size": [1, 1]},
								"south": {"uv": [131, 0], "uv_size": [1, 1]},
								"west": {"uv": [131, 1], "uv_size": [1, 1]}
							}
						},
						{
							"origin": [-1.0625, 1.53125, -5.1125],
							"size": [0.1875, 0.125, 1.8125],
							"uv": {
								"east": {"uv": [128, 52], "uv_size": [2, 1]},
								"up": {"uv": [128, 53], "uv_size": [1, 2]}
							}
						},
						{
							"origin": [-1.0625, 1.40361, -2.00077],
							"size": [0.1875, 1.25, 0.4375],
							"pivot": [-0.96875, 2.05986, -1.68827],
							"rotation": [22.5, 0, 0],
							"uv": {
								"east": {"uv": [131, 2], "uv_size": [1, 1]},
								"south": {"uv": [131, 3], "uv_size": [1, 1]},
								"west": {"uv": [131, 4], "uv_size": [1, 1]}
							}
						},
						{
							"origin": [-0.875, 1.15625, -5.2375],
							"size": [1.75, 0.375, 0.125],
							"uv": {
								"up": {"uv": [128, 55], "uv_size": [2, 1]}
							}
						},
						{
							"origin": [-1.0625, 1.83886, -3.70042],
							"size": [0.1875, 0.3125, 0.5625],
							"pivot": [0, 1.93261, -3.07542],
							"rotation": [45, 0, 0],
							"uv": {
								"east": {"uv": [131, 5], "uv_size": [1, 1]},
								"west": {"uv": [131, 6], "uv_size": [1, 1]},
								"up": {"uv": [131, 7], "uv_size": [1, 1]}
							}
						},
						{
							"origin": [0.875, 1.83886, -3.70042],
							"size": [0.1875, 0.3125, 0.5625],
							"pivot": [0, 1.93261, -3.07542],
							"rotation": [45, 0, 0],
							"uv": {
								"east": {"uv": [131, 8], "uv_size": [1, 1]},
								"west": {"uv": [131, 9], "uv_size": [1, 1]},
								"up": {"uv": [131, 10], "uv_size": [1, 1]}
							}
						},
						{
							"origin": [-1.0625, 0.34375, -5.1125],
							"size": [2.125, 1.1875, 3.8125],
							"uv": {
								"east": {"uv": [128, 12], "uv_size": [4, 1]},
								"south": {"uv": [128, 56], "uv_size": [2, 1]},
								"west": {"uv": [128, 13], "uv_size": [4, 1]},
								"up": {"uv": [128, 0], "uv_size": [2, 4]},
								"down": {"uv": [128, 8], "uv_size": [2, -4]}
							}
						},
						{
							"origin": [-0.9375, 0.09375, -1.3],
							"size": [1.875, 0.75, 0.25],
							"uv": {
								"east": {"uv": [131, 11], "uv_size": [1, 1]},
								"south": {"uv": [128, 57], "uv_size": [2, 1]},
								"west": {"uv": [131, 14], "uv_size": [1, 1]},
								"down": {"uv": [128, 59], "uv_size": [2, -1]}
							}
						},
						{
							"origin": [0.48234, 2.32257, -3.3],
							"size": [0.44195, 0.1875, 1.5],
							"pivot": [1.16984, 2.41632, -2.3],
							"rotation": [0, 0, 45],
							"uv": {
								"north": {"uv": [131, 15], "uv_size": [1, 1]},
								"south": {"uv": [131, 16], "uv_size": [1, 1]},
								"up": {"uv": [128, 59], "uv_size": [1, 2]},
								"down": {"uv": [128, 63], "uv_size": [1, -2]}
							}
						},
						{
							"origin": [-0.9375, 0.76499, -1.44595],
							"size": [1.875, 0.67188, 0.25],
							"pivot": [0, 1.17124, -1.32095],
							"rotation": [22.5, 0, 0],
							"uv": {
								"east": {"uv": [131, 17], "uv_size": [1, 1]},
								"south": {"uv": [128, 63], "uv_size": [2, 1]},
								"west": {"uv": [131, 18], "uv_size": [1, 1]}
							}
						},
						{
							"origin": [-0.97411, 1.41697, -5.1125],
							"size": [0.1875, 0.125, 3.6875],
							"pivot": [-0.78661, 1.47947, -4.20625],
							"rotation": [0, 0, 45],
							"uv": {
								"north": {"uv": [131, 19], "uv_size": [1, 1]},
								"south": {"uv": [131, 20], "uv_size": [1, 1]},
								"up": {"uv": [128, 14], "uv_size": [1, 4]}
							}
						},
						{
							"origin": [-1.0625, 1.53125, -3.3],
							"size": [0.1875, 1.125, 1.5],
							"uv": {
								"north": {"uv": [131, 21], "uv_size": [1, 1]},
								"east": {"uv": [128, 64], "uv_size": [2, 1]},
								"west": {"uv": [128, 65], "uv_size": [2, 1]}
							}
						},
						{
							"origin": [0.78661, 1.41697, -5.1125],
							"size": [0.1875, 0.125, 3.6875],
							"pivot": [0.78661, 1.47947, -4.20625],
							"rotation": [0, 0, -45],
							"uv": {
								"north": {"uv": [131, 22], "uv_size": [1, 1]},
								"south": {"uv": [131, 23], "uv_size": [1, 1]},
								"up": {"uv": [128, 18], "uv_size": [1, 4]}
							}
						},
						{
							"origin": [-0.92429, 2.32257, -3.3],
							"size": [0.44195, 0.1875, 1.5],
							"pivot": [-1.16984, 2.41632, -2.3],
							"rotation": [0, 0, -45],
							"uv": {
								"north": {"uv": [131, 24], "uv_size": [1, 1]},
								"south": {"uv": [131, 25], "uv_size": [1, 1]},
								"up": {"uv": [128, 66], "uv_size": [1, 2]},
								"down": {"uv": [128, 70], "uv_size": [1, -2]}
							}
						},
						{
							"origin": [-1.0625, 0.72817, -5.49692],
							"size": [0.1875, 0.54366, 0.5],
							"pivot": [-0.5625, 1, -4.84067],
							"rotation": [-45, 0, 0],
							"uv": {
								"north": {"uv": [131, 26], "uv_size": [1, 1]},
								"east": {"uv": [131, 27], "uv_size": [1, 1]},
								"west": {"uv": [131, 28], "uv_size": [1, 1]}
							}
						},
						{
							"origin": [0.875, 0.72817, -5.49692],
							"size": [0.4375, 0.54366, 0.5],
							"pivot": [1.375, 1, -4.84067],
							"rotation": [-45, 0, 0],
							"uv": {
								"north": {"uv": [131, 29], "uv_size": [1, 1]},
								"east": {"uv": [131, 30], "uv_size": [1, 1]},
								"west": {"uv": [131, 31], "uv_size": [1, 1]}
							}
						},
						{
							"origin": [-0.875, 0.72817, -5.49692],
							"size": [1.75, 0.36688, 0.5],
							"pivot": [1.1875, 1, -4.84067],
							"rotation": [-45, 0, 0],
							"uv": {
								"north": {"uv": [128, 70], "uv_size": [2, 1]}
							}
						},
						{
							"origin": [-1.0625, 0.72817, -5.49692],
							"size": [2.375, 0.54366, 0.5],
							"uv": {
								"north": {"uv": [128, 71], "uv_size": [2, 1]},
								"east": {"uv": [131, 32], "uv_size": [1, 1]},
								"west": {"uv": [131, 33], "uv_size": [1, 1]}
							}
						},
						{
							"origin": [1.0625, 0.34375, -5.1125],
							"size": [0.25, 1.3125, 0.61558],
							"uv": {
								"west": {"uv": [131, 34], "uv_size": [1, 1]},
								"up": {"uv": [131, 35], "uv_size": [1, 1]},
								"down": {"uv": [131, 37], "uv_size": [1, -1]}
							}
						},
						{
							"origin": [0.88147, 0.34375, -4.67546],
							"size": [0.25, 1.3125, 0.36558],
							"pivot": [1.00647, 1, -4.36767],
							"rotation": [0, -45, 0],
							"uv": {
								"west": {"uv": [131, 37], "uv_size": [1, 1]},
								"up": {"uv": [131, 38], "uv_size": [1, 1]},
								"down": {"uv": [131, 40], "uv_size": [1, -1]}
							}
						},
						{
							"origin": [-1.0625, 0.34375, -5.1125],
							"size": [2.375, 0.5, 0.54366],
							"pivot": [-0.5625, 1, -4.84067],
							"rotation": [-45, 0, 0],
							"uv": {
								"east": {"uv": [131, 40], "uv_size": [1, 1]},
								"west": {"uv": [131, 41], "uv_size": [1, 1]},
								"down": {"uv": [128, 73], "uv_size": [2, -1]}
							}
						}
					]
				},
				{
					"name": "little",
					"parent": "EOTech_EXPS3",
					"pivot": [1.0625, 0.53125, -3.3625],
					"cubes": [
						{
							"origin": [-1.1875, 1.09375, -2.27855],
							"size": [0.125, 0.5, 0.2071],
							"uv": {
								"east": {"uv": [131, 42], "uv_size": [1, 1]},
								"up": {"uv": [131, 43], "uv_size": [1, 1]},
								"down": {"uv": [131, 45], "uv_size": [1, -1]}
							}
						},
						{
							"origin": [-1.1875, 1.09375, -2.27855],
							"size": [0.125, 0.5, 0.2071],
							"pivot": [-0.75, 1.34375, -2.175],
							"rotation": [-45, 0, 0],
							"uv": {
								"east": {"uv": [131, 45], "uv_size": [1, 1]},
								"up": {"uv": [131, 46], "uv_size": [1, 1]},
								"down": {"uv": [131, 48], "uv_size": [1, -1]}
							}
						},
						{
							"origin": [-1.1875, 1.2402, -2.425],
							"size": [0.125, 0.2071, 0.5],
							"uv": {
								"north": {"uv": [131, 48], "uv_size": [1, 1]},
								"east": {"uv": [131, 49], "uv_size": [1, 1]},
								"south": {"uv": [131, 50], "uv_size": [1, 1]}
							}
						},
						{
							"origin": [-1.1875, 1.2402, -2.425],
							"size": [0.125, 0.2071, 0.5],
							"pivot": [-0.75, 1.34375, -2.175],
							"rotation": [-45, 0, 0],
							"uv": {
								"north": {"uv": [131, 51], "uv_size": [1, 1]},
								"east": {"uv": [131, 52], "uv_size": [1, 1]},
								"south": {"uv": [131, 53], "uv_size": [1, 1]}
							}
						},
						{
							"origin": [-1.1875, 0.78125, -3.71605],
							"size": [0.125, 0.5, 0.2071],
							"uv": {
								"east": {"uv": [131, 54], "uv_size": [1, 1]},
								"up": {"uv": [131, 55], "uv_size": [1, 1]},
								"down": {"uv": [131, 57], "uv_size": [1, -1]}
							}
						},
						{
							"origin": [-1.1875, 0.9277, -3.8625],
							"size": [0.125, 0.2071, 0.5],
							"pivot": [-0.6875, 1.03125, -3.6125],
							"rotation": [-45, 0, 0],
							"uv": {
								"north": {"uv": [131, 57], "uv_size": [1, 1]},
								"east": {"uv": [131, 58], "uv_size": [1, 1]},
								"south": {"uv": [131, 59], "uv_size": [1, 1]}
							}
						},
						{
							"origin": [-1.1875, 0.9277, -3.8625],
							"size": [0.125, 0.2071, 0.5],
							"uv": {
								"north": {"uv": [131, 60], "uv_size": [1, 1]},
								"east": {"uv": [131, 61], "uv_size": [1, 1]},
								"south": {"uv": [131, 62], "uv_size": [1, 1]}
							}
						},
						{
							"origin": [-1.1875, 0.78125, -3.71605],
							"size": [0.125, 0.5, 0.2071],
							"pivot": [-0.6875, 1.03125, -3.6125],
							"rotation": [-45, 0, 0],
							"uv": {
								"east": {"uv": [131, 63], "uv_size": [1, 1]},
								"up": {"uv": [131, 64], "uv_size": [1, 1]},
								"down": {"uv": [131, 66], "uv_size": [1, -1]}
							}
						},
						{
							"origin": [-1.1875, -0.04642, -3.55],
							"size": [0.2, 0.15534, 0.375],
							"pivot": [-0.75, 0.03125, -3.3625],
							"rotation": [-45, 0, 0],
							"uv": {
								"north": {"uv": [131, 66], "uv_size": [1, 1]},
								"east": {"uv": [131, 67], "uv_size": [1, 1]},
								"south": {"uv": [131, 68], "uv_size": [1, 1]}
							}
						},
						{
							"origin": [-1.1875, -0.15625, -3.44017],
							"size": [0.2, 0.375, 0.15534],
							"pivot": [-0.75, 0.03125, -3.3625],
							"rotation": [-45, 0, 0],
							"uv": {
								"east": {"uv": [131, 69], "uv_size": [1, 1]},
								"up": {"uv": [131, 70], "uv_size": [1, 1]},
								"down": {"uv": [131, 72], "uv_size": [1, -1]}
							}
						},
						{
							"origin": [-1.1875, -0.15625, -3.44017],
							"size": [0.2, 0.375, 0.15534],
							"uv": {
								"east": {"uv": [131, 72], "uv_size": [1, 1]},
								"up": {"uv": [131, 73], "uv_size": [1, 1]},
								"down": {"uv": [131, 75], "uv_size": [1, -1]}
							}
						},
						{
							"origin": [-1.1875, -0.04642, -3.55],
							"size": [0.2, 0.15534, 0.375],
							"uv": {
								"north": {"uv": [131, 75], "uv_size": [1, 1]},
								"east": {"uv": [131, 76], "uv_size": [1, 1]},
								"south": {"uv": [131, 77], "uv_size": [1, 1]}
							}
						},
						{
							"origin": [-1.34375, 0.59375, -1.75711],
							"size": [0.5, 0.25, 0.25],
							"pivot": [-0.84375, 0.34375, -2.00711],
							"rotation": [-45, 0, 0],
							"uv": {
								"north": {"uv": [131, 78], "uv_size": [1, 1]},
								"east": {"uv": [131, 79], "uv_size": [1, 1]},
								"south": {"uv": [131, 80], "uv_size": [1, 1]},
								"up": {"uv": [131, 81], "uv_size": [1, 1]},
								"down": {"uv": [131, 83], "uv_size": [1, -1]}
							}
						},
						{
							"origin": [0.625, 1.125, -1.34779],
							"size": [0.1875, 0.1875, 0.20312],
							"pivot": [0.71875, 1.21875, -1.24623],
							"rotation": [16.32495, 15.69986, -42.73421],
							"uv": {
								"east": {"uv": [131, 83], "uv_size": [1, 1]},
								"south": {"uv": [131, 84], "uv_size": [1, 1]},
								"west": {"uv": [131, 85], "uv_size": [1, 1]},
								"up": {"uv": [131, 86], "uv_size": [1, 1]},
								"down": {"uv": [131, 88], "uv_size": [1, -1]}
							}
						},
						{
							"origin": [-0.8125, 1.125, -1.34779],
							"size": [0.1875, 0.1875, 0.20312],
							"pivot": [-0.71875, 1.21875, -1.24623],
							"rotation": [-16.32495, -15.69986, 137.26579],
							"uv": {
								"east": {"uv": [131, 88], "uv_size": [1, 1]},
								"south": {"uv": [131, 89], "uv_size": [1, 1]},
								"west": {"uv": [131, 90], "uv_size": [1, 1]},
								"up": {"uv": [131, 91], "uv_size": [1, 1]},
								"down": {"uv": [131, 93], "uv_size": [1, -1]}
							}
						},
						{
							"origin": [-0.78125, 0.1875, -1.97279],
							"size": [0.25, 0.25, 1.03125],
							"pivot": [-0.65625, 0.3125, -1.45716],
							"rotation": [0, 0, -45],
							"uv": {
								"east": {"uv": [131, 93], "uv_size": [1, 1]},
								"south": {"uv": [131, 94], "uv_size": [1, 1]},
								"west": {"uv": [131, 95], "uv_size": [1, 1]},
								"up": {"uv": [131, 96], "uv_size": [1, 1]},
								"down": {"uv": [131, 98], "uv_size": [1, -1]}
							}
						},
						{
							"origin": [0.53125, 0.1875, -1.97279],
							"size": [0.25, 0.25, 1.03125],
							"pivot": [0.65625, 0.3125, -1.45716],
							"rotation": [0, 0, -45],
							"uv": {
								"east": {"uv": [131, 98], "uv_size": [1, 1]},
								"south": {"uv": [131, 99], "uv_size": [1, 1]},
								"west": {"uv": [131, 100], "uv_size": [1, 1]},
								"up": {"uv": [131, 101], "uv_size": [1, 1]},
								"down": {"uv": [131, 103], "uv_size": [1, -1]}
							}
						},
						{
							"origin": [1.4375, 1.15625, -1.675],
							"size": [0.125, 0.375, 0.375],
							"pivot": [1.5, 1.34375, -1.4875],
							"rotation": [-45, 0, 0],
							"uv": {
								"north": {"uv": [131, 103], "uv_size": [1, 1]},
								"south": {"uv": [131, 104], "uv_size": [1, 1]},
								"west": {"uv": [131, 105], "uv_size": [1, 1]},
								"up": {"uv": [131, 106], "uv_size": [1, 1]},
								"down": {"uv": [131, 108], "uv_size": [1, -1]}
							}
						},
						{
							"origin": [1.4375, 0.46875, -1.7375],
							"size": [0.125, 0.375, 0.5625],
							"uv": {
								"north": {"uv": [131, 108], "uv_size": [1, 1]},
								"south": {"uv": [131, 109], "uv_size": [1, 1]},
								"west": {"uv": [131, 110], "uv_size": [1, 1]},
								"up": {"uv": [131, 111], "uv_size": [1, 1]},
								"down": {"uv": [131, 113], "uv_size": [1, -1]}
							}
						},
						{
							"origin": [1.4375, 0.46875, -2.425],
							"size": [0.125, 0.375, 0.5625],
							"uv": {
								"north": {"uv": [131, 113], "uv_size": [1, 1]},
								"south": {"uv": [131, 114], "uv_size": [1, 1]},
								"west": {"uv": [131, 115], "uv_size": [1, 1]},
								"up": {"uv": [131, 116], "uv_size": [1, 1]},
								"down": {"uv": [131, 118], "uv_size": [1, -1]}
							}
						},
						{
							"origin": [0.5625, 0.78125, -4.175],
							"size": [0.96875, 0.25, 0.25],
							"pivot": [1.0625, 0.53125, -4.425],
							"rotation": [-45, 0, 0],
							"uv": {
								"north": {"uv": [131, 118], "uv_size": [1, 1]},
								"south": {"uv": [119, 131], "uv_size": [1, 1]},
								"west": {"uv": [131, 119], "uv_size": [1, 1]},
								"up": {"uv": [120, 131], "uv_size": [1, 1]},
								"down": {"uv": [131, 121], "uv_size": [1, -1]}
							}
						},
						{
							"origin": [0.5625, 0.78125, -3.1125],
							"size": [0.96875, 0.25, 0.25],
							"pivot": [1.0625, 0.53125, -3.3625],
							"rotation": [-45, 0, 0],
							"uv": {
								"north": {"uv": [121, 131], "uv_size": [1, 1]},
								"south": {"uv": [131, 121], "uv_size": [1, 1]},
								"west": {"uv": [122, 131], "uv_size": [1, 1]},
								"up": {"uv": [131, 122], "uv_size": [1, 1]},
								"down": {"uv": [123, 132], "uv_size": [1, -1]}
							}
						},
						{
							"origin": [1.0625, 0.09375, -1.425],
							"size": [0.3125, 1.4375, 0.25],
							"uv": {
								"east": {"uv": [131, 123], "uv_size": [1, 1]},
								"south": {"uv": [124, 131], "uv_size": [1, 1]},
								"down": {"uv": [131, 125], "uv_size": [1, -1]}
							}
						},
						{
							"origin": [1.0625, 0.09375, -2.3],
							"size": [0.3125, 1.6875, 0.875],
							"uv": {
								"north": {"uv": [128, 73], "uv_size": [1, 2]},
								"up": {"uv": [125, 131], "uv_size": [1, 1]},
								"down": {"uv": [131, 126], "uv_size": [1, -1]}
							}
						},
						{
							"origin": [1.0625, 1.40338, -1.48371],
							"size": [0.3125, 0.35355, 0.25],
							"pivot": [1.21875, 1.53818, -1.35871],
							"rotation": [45, 0, 0],
							"uv": {
								"east": {"uv": [126, 131], "uv_size": [1, 1]},
								"south": {"uv": [131, 126], "uv_size": [1, 1]}
							}
						}
					]
				},
				{
					"name": "frame",
					"parent": "EOTech_EXPS3",
					"pivot": [0, -1.3, -0.1],
					"cubes": [
						{
							"origin": [1.375, 0.93132, -2.3625],
							"size": [0.125, 0.78743, 0.9699],
							"uv": {
								"west": {"uv": [127, 131], "uv_size": [1, 1]}
							}
						},
						{
							"origin": [1.375, 1.64375, -1.4211],
							"size": [0.125, 0.075, 0.29392],
							"uv": {
								"south": {"uv": [131, 127], "uv_size": [1, 1]},
								"west": {"uv": [128, 131], "uv_size": [1, 1]}
							}
						},
						{
							"origin": [1.375, 0.09375, -2.3625],
							"size": [0.125, 0.83757, 1.3699],
							"uv": {
								"east": {"uv": [131, 128], "uv_size": [1, 1]},
								"south": {"uv": [129, 131], "uv_size": [1, 1]},
								"west": {"uv": [131, 129], "uv_size": [1, 1]},
								"down": {"uv": [130, 132], "uv_size": [1, -1]}
							}
						},
						{
							"origin": [1.1875, 1.84375, -3.55],
							"size": [0.125, 0.8125, 1.875],
							"uv": {
								"north": {"uv": [131, 130], "uv_size": [1, 1]},
								"east": {"uv": [128, 75], "uv_size": [2, 1]},
								"south": {"uv": [131, 131], "uv_size": [1, 1]},
								"west": {"uv": [128, 76], "uv_size": [2, 1]}
							}
						},
						{
							"origin": [1.375, 0.28125, -4.2375],
							"size": [0.125, 1.125, 1.875],
							"uv": {
								"north": {"uv": [132, 0], "uv_size": [1, 1]},
								"east": {"uv": [128, 77], "uv_size": [2, 1]},
								"west": {"uv": [128, 78], "uv_size": [2, 1]},
								"down": {"uv": [128, 81], "uv_size": [1, -2]}
							}
						},
						{
							"origin": [-0.71875, 3.0625, -3.55],
							"size": [1.44024, 0.12557, 1.875],
							"uv": {
								"north": {"uv": [132, 1], "uv_size": [1, 1]},
								"south": {"uv": [132, 2], "uv_size": [1, 1]},
								"up": {"uv": [128, 81], "uv_size": [1, 2]},
								"down": {"uv": [128, 85], "uv_size": [1, -2]}
							}
						},
						{
							"origin": [1.375, 1.40625, -3.925],
							"size": [0.125, 0.3125, 1.5625],
							"uv": {
								"east": {"uv": [128, 85], "uv_size": [2, 1]},
								"west": {"uv": [128, 86], "uv_size": [2, 1]},
								"up": {"uv": [128, 87], "uv_size": [1, 2]}
							}
						},
						{
							"origin": [1.1875, 1.78125, -3.8],
							"size": [0.125, 0.125, 2.4],
							"uv": {
								"north": {"uv": [132, 3], "uv_size": [1, 1]},
								"east": {"uv": [128, 89], "uv_size": [2, 1]},
								"south": {"uv": [132, 4], "uv_size": [1, 1]},
								"down": {"uv": [128, 92], "uv_size": [1, -2]}
							}
						},
						{
							"origin": [1.28282, 1.62879, -3.8],
							"size": [0.125, 0.26517, 2.4],
							"pivot": [1.34532, 1.78504, -2.8],
							"rotation": [0, 0, -45],
							"uv": {
								"north": {"uv": [132, 5], "uv_size": [1, 1]},
								"east": {"uv": [128, 92], "uv_size": [2, 1]},
								"west": {"uv": [128, 93], "uv_size": [2, 1]}
							}
						},
						{
							"origin": [1.28282, 1.62879, -1.4],
							"size": [0.125, 0.075, 0.27282],
							"pivot": [1.34532, 1.78504, -2.8],
							"rotation": [0, 0, -45],
							"uv": {
								"south": {"uv": [132, 6], "uv_size": [1, 1]},
								"west": {"uv": [132, 7], "uv_size": [1, 1]}
							}
						},
						{
							"origin": [1.28282, 1.70379, -1.4],
							"size": [0.125, 0.1, 0.12282],
							"pivot": [1.34532, 1.78504, -2.8],
							"rotation": [0, 0, -45],
							"uv": {
								"east": {"uv": [132, 8], "uv_size": [1, 1]},
								"west": {"uv": [132, 9], "uv_size": [1, 1]}
							}
						},
						{
							"origin": [1.37026, 1.58206, -1.26128],
							"size": [0.125, 0.375, 0.1],
							"pivot": [1.43276, 1.6976, -1.31359],
							"rotation": [50, 0, -45],
							"uv": {
								"east": {"uv": [132, 10], "uv_size": [1, 1]},
								"south": {"uv": [132, 11], "uv_size": [1, 1]},
								"west": {"uv": [132, 12], "uv_size": [1, 1]}
							}
						},
						{
							"origin": [1.1875, 1.75, -3.7375],
							"size": [0.125, 0.65625, 0.25],
							"pivot": [-0.0625, 1.96875, -3.39375],
							"rotation": [-22.5, 0, 0],
							"uv": {
								"north": {"uv": [132, 13], "uv_size": [1, 1]},
								"east": {"uv": [132, 14], "uv_size": [1, 1]},
								"west": {"uv": [132, 15], "uv_size": [1, 1]}
							}
						},
						{
							"origin": [0.65343, 2.97093, -3.55],
							"size": [0.48438, 0.125, 1.875],
							"pivot": [0.91906, 2.97093, -2.6125],
							"rotation": [0, 0, 22.5],
							"uv": {
								"north": {"uv": [132, 16], "uv_size": [1, 1]},
								"south": {"uv": [132, 17], "uv_size": [1, 1]},
								"up": {"uv": [128, 94], "uv_size": [1, 2]},
								"down": {"uv": [128, 98], "uv_size": [1, -2]}
							}
						},
						{
							"origin": [1.375, 1.04419, -4.05092],
							"size": [0.125, 0.44195, 0.25],
							"pivot": [0.125, 1.45044, -3.70717],
							"rotation": [-45, 0, 0],
							"uv": {
								"north": {"uv": [132, 18], "uv_size": [1, 1]},
								"east": {"uv": [132, 19], "uv_size": [1, 1]},
								"west": {"uv": [132, 20], "uv_size": [1, 1]}
							}
						},
						{
							"origin": [1.1133, 2.59176, -3.55],
							"size": [0.125, 0.375, 1.875],
							"pivot": [1.1133, 2.81051, -2.6125],
							"rotation": [0, 0, -22.5],
							"uv": {
								"north": {"uv": [132, 21], "uv_size": [1, 1]},
								"east": {"uv": [128, 98], "uv_size": [2, 1]},
								"south": {"uv": [132, 22], "uv_size": [1, 1]},
								"west": {"uv": [128, 99], "uv_size": [2, 1]}
							}
						},
						{
							"origin": [-1.2383, 2.59176, -3.55],
							"size": [0.125, 0.375, 1.875],
							"pivot": [-1.1133, 2.81051, -2.6125],
							"rotation": [0, 0, 22.5],
							"uv": {
								"north": {"uv": [132, 23], "uv_size": [1, 1]},
								"east": {"uv": [128, 100], "uv_size": [2, 1]},
								"south": {"uv": [132, 24], "uv_size": [1, 1]},
								"west": {"uv": [128, 101], "uv_size": [2, 1]}
							}
						},
						{
							"origin": [-1.13781, 2.97093, -3.55],
							"size": [0.48438, 0.125, 1.875],
							"pivot": [-0.91906, 2.97093, -2.6125],
							"rotation": [0, 0, -22.5],
							"uv": {
								"north": {"uv": [132, 25], "uv_size": [1, 1]},
								"south": {"uv": [132, 26], "uv_size": [1, 1]},
								"up": {"uv": [128, 102], "uv_size": [1, 2]},
								"down": {"uv": [128, 106], "uv_size": [1, -2]}
							}
						},
						{
							"origin": [1.1875, 1.78883, -1.78614],
							"size": [0.125, 0.75, 0.3125],
							"pivot": [-0.0625, 2.03883, -1.72364],
							"rotation": [22.5, 0, 0],
							"uv": {
								"east": {"uv": [132, 27], "uv_size": [1, 1]},
								"south": {"uv": [132, 28], "uv_size": [1, 1]},
								"west": {"uv": [132, 29], "uv_size": [1, 1]}
							}
						},
						{
							"origin": [1.375, 0.20389, -2.7287],
							"size": [0.125, 0.1875, 0.5],
							"pivot": [1.4375, 0.48514, -2.57245],
							"rotation": [-22.5, 0, 0],
							"uv": {
								"east": {"uv": [132, 30], "uv_size": [1, 1]},
								"west": {"uv": [132, 31], "uv_size": [1, 1]},
								"down": {"uv": [132, 33], "uv_size": [1, -1]}
							}
						},
						{
							"origin": [-1.3125, 0.93132, -1.675],
							"size": [0.125, 0.97221, 0.278],
							"uv": {
								"north": {"uv": [132, 33], "uv_size": [1, 1]},
								"east": {"uv": [132, 34], "uv_size": [1, 1]},
								"west": {"uv": [132, 35], "uv_size": [1, 1]}
							}
						},
						{
							"origin": [-1.3125, 1.50919, -1.35534],
							"size": [0.125, 0.4, 0.25],
							"pivot": [-0.25, 1.5543, -1.24434],
							"rotation": [45, 0, 0],
							"uv": {
								"east": {"uv": [132, 36], "uv_size": [1, 1]},
								"south": {"uv": [132, 37], "uv_size": [1, 1]},
								"west": {"uv": [132, 38], "uv_size": [1, 1]}
							}
						},
						{
							"origin": [1.375, 0.90194, -1.45042],
							"size": [0.125, 0.775, 0.4],
							"pivot": [1.25, 1.24705, -1.18942],
							"rotation": [10, 0, 0],
							"uv": {
								"east": {"uv": [132, 39], "uv_size": [1, 1]},
								"south": {"uv": [132, 40], "uv_size": [1, 1]},
								"west": {"uv": [132, 41], "uv_size": [1, 1]}
							}
						},
						{
							"origin": [-1.3125, 0.90194, -1.45042],
							"size": [0.125, 0.7, 0.4],
							"pivot": [-1.25, 1.24705, -1.18942],
							"rotation": [10, 0, 0],
							"uv": {
								"east": {"uv": [132, 42], "uv_size": [1, 1]},
								"south": {"uv": [132, 43], "uv_size": [1, 1]},
								"west": {"uv": [132, 44], "uv_size": [1, 1]}
							}
						},
						{
							"origin": [-1.3125, 0.09375, -1.675],
							"size": [0.125, 0.83757, 0.6824],
							"uv": {
								"east": {"uv": [132, 45], "uv_size": [1, 1]},
								"south": {"uv": [132, 46], "uv_size": [1, 1]},
								"west": {"uv": [132, 47], "uv_size": [1, 1]},
								"down": {"uv": [132, 49], "uv_size": [1, -1]}
							}
						},
						{
							"origin": [-1.3125, 0.46875, -4.2375],
							"size": [0.125, 0.9375, 0.125],
							"uv": {
								"north": {"uv": [132, 49], "uv_size": [1, 1]},
								"east": {"uv": [132, 50], "uv_size": [1, 1]},
								"south": {"uv": [132, 51], "uv_size": [1, 1]},
								"west": {"uv": [132, 52], "uv_size": [1, 1]}
							}
						},
						{
							"origin": [-1.3125, 1.59375, -3.7375],
							"size": [0.125, 0.8125, 0.6875],
							"pivot": [1.0625, 1.96875, -3.39375],
							"rotation": [-22.5, 0, 0],
							"uv": {
								"north": {"uv": [132, 53], "uv_size": [1, 1]},
								"east": {"uv": [132, 54], "uv_size": [1, 1]},
								"west": {"uv": [132, 55], "uv_size": [1, 1]}
							}
						},
						{
							"origin": [-1.3125, 1.04419, -4.05092],
							"size": [0.125, 0.625, 0.125],
							"pivot": [0.0625, 1.45044, -3.70717],
							"rotation": [-45, 0, 0],
							"uv": {
								"north": {"uv": [132, 56], "uv_size": [1, 1]},
								"east": {"uv": [132, 57], "uv_size": [1, 1]},
								"west": {"uv": [132, 58], "uv_size": [1, 1]}
							}
						},
						{
							"origin": [-1.3125, 1.78883, -1.78614],
							"size": [0.125, 0.75, 0.3125],
							"pivot": [0.0625, 2.03883, -1.72364],
							"rotation": [22.5, 0, 0],
							"uv": {
								"east": {"uv": [132, 59], "uv_size": [1, 1]},
								"south": {"uv": [132, 60], "uv_size": [1, 1]},
								"west": {"uv": [132, 61], "uv_size": [1, 1]}
							}
						},
						{
							"origin": [-1.3125, 1.08487, -1.675],
							"size": [0.125, 0.51776, 0.25],
							"pivot": [-0.8125, 1.34375, -2.175],
							"rotation": [-45, 0, 0],
							"uv": {
								"north": {"uv": [132, 62], "uv_size": [1, 1]},
								"east": {"uv": [132, 63], "uv_size": [1, 1]},
								"west": {"uv": [132, 64], "uv_size": [1, 1]}
							}
						},
						{
							"origin": [-1.3125, 0.59375, -2.43388],
							"size": [0.125, 0.25, 0.51776],
							"pivot": [-0.8125, 1.34375, -2.175],
							"rotation": [-45, 0, 0],
							"uv": {
								"east": {"uv": [132, 65], "uv_size": [1, 1]},
								"west": {"uv": [132, 66], "uv_size": [1, 1]},
								"up": {"uv": [132, 67], "uv_size": [1, 1]}
							}
						},
						{
							"origin": [-1.3125, 1.84375, -2.43388],
							"size": [0.125, 0.25, 0.51776],
							"pivot": [-0.8125, 1.34375, -2.175],
							"rotation": [-45, 0, 0],
							"uv": {
								"east": {"uv": [132, 68], "uv_size": [1, 1]},
								"west": {"uv": [132, 69], "uv_size": [1, 1]},
								"down": {"uv": [132, 71], "uv_size": [1, -1]}
							}
						},
						{
							"origin": [-1.3125, 0.77237, -4.2375],
							"size": [0.125, 0.58026, 0.125],
							"pivot": [-0.8125, 1.03125, -3.6125],
							"rotation": [-45, 0, 0],
							"uv": {
								"east": {"uv": [132, 71], "uv_size": [1, 1]},
								"south": {"uv": [132, 72], "uv_size": [1, 1]},
								"west": {"uv": [132, 73], "uv_size": [1, 1]}
							}
						},
						{
							"origin": [-1.3125, 0.77237, -3.1125],
							"size": [0.125, 0.51776, 0.25],
							"pivot": [-0.8125, 1.03125, -3.6125],
							"rotation": [-45, 0, 0],
							"uv": {
								"north": {"uv": [132, 74], "uv_size": [1, 1]},
								"east": {"uv": [132, 75], "uv_size": [1, 1]},
								"west": {"uv": [132, 76], "uv_size": [1, 1]}
							}
						},
						{
							"origin": [-1.3125, 0.77237, -3.1125],
							"size": [0.125, 0.83026, 0.4375],
							"uv": {
								"north": {"uv": [132, 77], "uv_size": [1, 1]},
								"east": {"uv": [132, 78], "uv_size": [1, 1]},
								"south": {"uv": [132, 79], "uv_size": [1, 1]},
								"west": {"uv": [132, 80], "uv_size": [1, 1]}
							}
						},
						{
							"origin": [-1.3125, 0.40625, -3.87138],
							"size": [0.125, 0.125, 0.51776],
							"pivot": [-0.8125, 1.03125, -3.6125],
							"rotation": [-45, 0, 0],
							"uv": {
								"east": {"uv": [132, 81], "uv_size": [1, 1]},
								"west": {"uv": [132, 82], "uv_size": [1, 1]},
								"up": {"uv": [132, 83], "uv_size": [1, 1]}
							}
						},
						{
							"origin": [-1.3125, 1.53125, -3.87138],
							"size": [0.125, 0.99632, 0.55438],
							"pivot": [-0.8125, 1.03125, -3.6125],
							"rotation": [-45, 0, 0],
							"uv": {
								"east": {"uv": [132, 84], "uv_size": [1, 1]},
								"south": {"uv": [132, 85], "uv_size": [1, 1]},
								"west": {"uv": [132, 86], "uv_size": [1, 1]},
								"down": {"uv": [132, 88], "uv_size": [1, -1]}
							}
						},
						{
							"origin": [-1.3125, 1.53125, -3.87138],
							"size": [0.125, 0.1875, 0.51776],
							"uv": {
								"east": {"uv": [132, 88], "uv_size": [1, 1]},
								"west": {"uv": [132, 89], "uv_size": [1, 1]},
								"down": {"uv": [132, 91], "uv_size": [1, -1]}
							}
						},
						{
							"origin": [-1.3125, 0.09375, -2.3625],
							"size": [0.125, 0.75, 0.6875],
							"uv": {
								"east": {"uv": [132, 91], "uv_size": [1, 1]},
								"west": {"uv": [132, 92], "uv_size": [1, 1]},
								"up": {"uv": [132, 93], "uv_size": [1, 1]},
								"down": {"uv": [132, 95], "uv_size": [1, -1]}
							}
						},
						{
							"origin": [-1.3125, 0.28125, -3.05],
							"size": [0.125, 0.5625, 0.6875],
							"uv": {
								"east": {"uv": [132, 95], "uv_size": [1, 1]},
								"west": {"uv": [132, 96], "uv_size": [1, 1]},
								"up": {"uv": [132, 97], "uv_size": [1, 1]},
								"down": {"uv": [132, 99], "uv_size": [1, -1]}
							}
						},
						{
							"origin": [-1.3125, 0.20389, -2.7287],
							"size": [0.125, 0.1875, 0.5],
							"pivot": [-1.25, 0.48514, -2.57245],
							"rotation": [-22.5, 0, 0],
							"uv": {
								"east": {"uv": [132, 99], "uv_size": [1, 1]},
								"west": {"uv": [132, 100], "uv_size": [1, 1]},
								"down": {"uv": [132, 102], "uv_size": [1, -1]}
							}
						},
						{
							"origin": [-1.3125, 0.28125, -4.2375],
							"size": [0.125, 0.25, 1.1875],
							"uv": {
								"north": {"uv": [132, 102], "uv_size": [1, 1]},
								"east": {"uv": [132, 103], "uv_size": [1, 1]},
								"west": {"uv": [132, 104], "uv_size": [1, 1]},
								"up": {"uv": [132, 105], "uv_size": [1, 1]},
								"down": {"uv": [132, 107], "uv_size": [1, -1]}
							}
						},
						{
							"origin": [-1.3125, 0.31786, -3.83477],
							"size": [0.125, 0.125, 0.26777],
							"pivot": [-0.8125, 0.94286, -3.70089],
							"rotation": [-45, 0, 0],
							"uv": {
								"east": {"uv": [132, 107], "uv_size": [1, 1]},
								"west": {"uv": [132, 108], "uv_size": [1, 1]}
							}
						},
						{
							"origin": [-1.3125, 1.84375, -3.55],
							"size": [0.125, 0.8125, 1.875],
							"uv": {
								"north": {"uv": [132, 109], "uv_size": [1, 1]},
								"east": {"uv": [128, 106], "uv_size": [2, 1]},
								"south": {"uv": [132, 110], "uv_size": [1, 1]},
								"west": {"uv": [128, 107], "uv_size": [2, 1]},
								"down": {"uv": [128, 110], "uv_size": [1, -2]}
							}
						}
					]
				},
				{
					"name": "EOTech_STS",
					"parent": "scope_body",
					"pivot": [0, 6.3, 3.6]
				},
				{
					"name": "STS_base",
					"parent": "EOTech_STS",
					"pivot": [-0.025, 6.3, 3.6],
					"cubes": [
						{
							"origin": [-0.375, -0.025, -0.75],
							"size": [0.75, 0.35, 1.75],
							"uv": {
								"north": {"uv": [132, 111], "uv_size": [1, 1]},
								"south": {"uv": [132, 112], "uv_size": [1, 1]},
								"up": {"uv": [128, 110], "uv_size": [1, 2]},
								"down": {"uv": [128, 114], "uv_size": [1, -2]}
							}
						},
						{
							"origin": [0.375, -0.325, 0.325],
							"size": [0.75, 0.65, 0.675],
							"uv": {
								"north": {"uv": [132, 113], "uv_size": [1, 1]},
								"east": {"uv": [132, 114], "uv_size": [1, 1]},
								"south": {"uv": [132, 115], "uv_size": [1, 1]},
								"west": {"uv": [132, 116], "uv_size": [1, 1]},
								"up": {"uv": [132, 117], "uv_size": [1, 1]},
								"down": {"uv": [132, 119], "uv_size": [1, -1]}
							}
						},
						{
							"origin": [0.375, -0.325, -0.75],
							"size": [0.725, 0.65, 0.4],
							"uv": {
								"north": {"uv": [119, 132], "uv_size": [1, 1]},
								"east": {"uv": [132, 119], "uv_size": [1, 1]},
								"south": {"uv": [120, 132], "uv_size": [1, 1]},
								"west": {"uv": [132, 120], "uv_size": [1, 1]},
								"up": {"uv": [121, 132], "uv_size": [1, 1]},
								"down": {"uv": [132, 122], "uv_size": [1, -1]}
							}
						},
						{
							"origin": [0.375, -0.325, -0.35],
							"size": [0.6, 0.65, 0.675],
							"uv": {
								"east": {"uv": [122, 132], "uv_size": [1, 1]},
								"west": {"uv": [132, 122], "uv_size": [1, 1]},
								"up": {"uv": [123, 132], "uv_size": [1, 1]},
								"down": {"uv": [132, 124], "uv_size": [1, -1]}
							}
						},
						{
							"origin": [-1.1, -0.325, -0.75],
							"size": [0.725, 0.65, 0.45],
							"uv": {
								"north": {"uv": [124, 132], "uv_size": [1, 1]},
								"east": {"uv": [132, 124], "uv_size": [1, 1]},
								"south": {"uv": [125, 132], "uv_size": [1, 1]},
								"west": {"uv": [132, 125], "uv_size": [1, 1]},
								"down": {"uv": [126, 133], "uv_size": [1, -1]}
							}
						},
						{
							"origin": [-1, -0.325, -0.3],
							"size": [0.625, 0.65, 0.85],
							"uv": {
								"east": {"uv": [132, 126], "uv_size": [1, 1]},
								"west": {"uv": [127, 132], "uv_size": [1, 1]},
								"up": {"uv": [132, 127], "uv_size": [1, 1]},
								"down": {"uv": [128, 133], "uv_size": [1, -1]}
							}
						},
						{
							"origin": [-1.1, -0.325, 0.55],
							"size": [0.725, 0.65, 0.45],
							"uv": {
								"north": {"uv": [132, 128], "uv_size": [1, 1]},
								"east": {"uv": [129, 132], "uv_size": [1, 1]},
								"south": {"uv": [132, 129], "uv_size": [1, 1]},
								"west": {"uv": [130, 132], "uv_size": [1, 1]},
								"down": {"uv": [132, 131], "uv_size": [1, -1]}
							}
						},
						{
							"origin": [-1.2, -0.1, -0.075],
							"size": [2.175, 0.3, 0.3],
							"pivot": [-0.025, 0, 0.125],
							"rotation": [-45, 0, 0],
							"uv": {
								"north": {"uv": [128, 114], "uv_size": [2, 1]},
								"east": {"uv": [131, 132], "uv_size": [1, 1]},
								"south": {"uv": [128, 115], "uv_size": [2, 1]},
								"west": {"uv": [132, 131], "uv_size": [1, 1]},
								"up": {"uv": [128, 116], "uv_size": [2, 1]},
								"down": {"uv": [128, 118], "uv_size": [2, -1]}
							}
						},
						{
							"origin": [-1.0075, 0.3, 0.55],
							"size": [0.29, 0.75, 0.45],
							"uv": {
								"north": {"uv": [132, 132], "uv_size": [1, 1]},
								"south": {"uv": [133, 0], "uv_size": [1, 1]},
								"up": {"uv": [133, 1], "uv_size": [1, 1]}
							}
						},
						{
							"origin": [-1.0075, 0.35, 0.55],
							"size": [0.29, 0.7, 0.45],
							"pivot": [-0.8625, 0.7, 0.775],
							"rotation": [0, 0, 45],
							"uv": {
								"north": {"uv": [133, 2], "uv_size": [1, 1]},
								"south": {"uv": [133, 3], "uv_size": [1, 1]},
								"up": {"uv": [133, 4], "uv_size": [1, 1]}
							}
						},
						{
							"origin": [-1.0075, 0.35, 0.55],
							"size": [0.29, 0.7, 0.45],
							"pivot": [-0.8625, 0.7, 0.775],
							"rotation": [0, 0, 90],
							"uv": {
								"north": {"uv": [133, 5], "uv_size": [1, 1]},
								"south": {"uv": [133, 6], "uv_size": [1, 1]},
								"up": {"uv": [133, 7], "uv_size": [1, 1]},
								"down": {"uv": [133, 9], "uv_size": [1, -1]}
							}
						},
						{
							"origin": [-0.83748, 0.23004, 0.55],
							"size": [0.325, 0.325, 0.45],
							"pivot": [-0.51248, 0.55504, 1],
							"rotation": [0, 0, -35],
							"uv": {
								"north": {"uv": [133, 9], "uv_size": [1, 1]},
								"south": {"uv": [133, 10], "uv_size": [1, 1]},
								"west": {"uv": [133, 11], "uv_size": [1, 1]}
							}
						},
						{
							"origin": [-1.0075, 0.35, 0.55],
							"size": [0.29, 0.7, 0.45],
							"pivot": [-0.8625, 0.7, 0.775],
							"rotation": [0, 0, 135],
							"uv": {
								"north": {"uv": [133, 12], "uv_size": [1, 1]},
								"south": {"uv": [133, 13], "uv_size": [1, 1]},
								"down": {"uv": [133, 15], "uv_size": [1, -1]}
							}
						},
						{
							"origin": [-1.2125, 0.03, 0.55],
							"size": [0.29, 0.525, 0.45],
							"pivot": [-1.2125, 0.555, 1],
							"rotation": [0, 0, -12.5],
							"uv": {
								"north": {"uv": [133, 15], "uv_size": [1, 1]},
								"east": {"uv": [133, 16], "uv_size": [1, 1]},
								"south": {"uv": [133, 17], "uv_size": [1, 1]}
							}
						},
						{
							"origin": [-0.83748, 0.23004, -0.75],
							"size": [0.325, 0.325, 0.45],
							"pivot": [-0.51248, 0.55504, -0.3],
							"rotation": [0, 0, -35],
							"uv": {
								"north": {"uv": [133, 18], "uv_size": [1, 1]},
								"south": {"uv": [133, 19], "uv_size": [1, 1]},
								"west": {"uv": [133, 20], "uv_size": [1, 1]}
							}
						},
						{
							"origin": [-1.0075, 0.3, -0.75],
							"size": [0.29, 0.75, 0.45],
							"uv": {
								"north": {"uv": [133, 21], "uv_size": [1, 1]},
								"south": {"uv": [133, 22], "uv_size": [1, 1]},
								"up": {"uv": [133, 23], "uv_size": [1, 1]}
							}
						},
						{
							"origin": [-1.2125, 0.03, -0.75],
							"size": [0.29, 0.525, 0.45],
							"pivot": [-1.2125, 0.555, -0.3],
							"rotation": [0, 0, -12.5],
							"uv": {
								"north": {"uv": [133, 24], "uv_size": [1, 1]},
								"east": {"uv": [133, 25], "uv_size": [1, 1]},
								"south": {"uv": [133, 26], "uv_size": [1, 1]}
							}
						},
						{
							"origin": [-1.0075, 0.35, -0.75],
							"size": [0.29, 0.7, 0.45],
							"pivot": [-0.8625, 0.7, -0.525],
							"rotation": [0, 0, 90],
							"uv": {
								"north": {"uv": [133, 27], "uv_size": [1, 1]},
								"south": {"uv": [133, 28], "uv_size": [1, 1]},
								"up": {"uv": [133, 29], "uv_size": [1, 1]},
								"down": {"uv": [133, 31], "uv_size": [1, -1]}
							}
						},
						{
							"origin": [-1.0075, 0.35, -0.75],
							"size": [0.29, 0.7, 0.45],
							"pivot": [-0.8625, 0.7, -0.525],
							"rotation": [0, 0, 135],
							"uv": {
								"north": {"uv": [133, 31], "uv_size": [1, 1]},
								"south": {"uv": [133, 32], "uv_size": [1, 1]},
								"down": {"uv": [133, 34], "uv_size": [1, -1]}
							}
						},
						{
							"origin": [-1.0075, 0.35, -0.75],
							"size": [0.29, 0.7, 0.45],
							"pivot": [-0.8625, 0.7, -0.525],
							"rotation": [0, 0, 45],
							"uv": {
								"north": {"uv": [133, 34], "uv_size": [1, 1]},
								"south": {"uv": [133, 35], "uv_size": [1, 1]},
								"up": {"uv": [133, 36], "uv_size": [1, 1]}
							}
						},
						{
							"origin": [1.1, -0.325, -0.75],
							"size": [0.275, 0.15, 0.4],
							"uv": {
								"north": {"uv": [133, 37], "uv_size": [1, 1]},
								"west": {"uv": [133, 38], "uv_size": [1, 1]},
								"up": {"uv": [133, 39], "uv_size": [1, 1]},
								"down": {"uv": [133, 41], "uv_size": [1, -1]}
							}
						},
						{
							"origin": [1.1, 0.25, -0.75],
							"size": [0.275, 0.075, 0.4],
							"uv": {
								"north": {"uv": [133, 41], "uv_size": [1, 1]},
								"west": {"uv": [133, 42], "uv_size": [1, 1]},
								"up": {"uv": [133, 43], "uv_size": [1, 1]},
								"down": {"uv": [133, 45], "uv_size": [1, -1]}
							}
						},
						{
							"origin": [0.80931, -0.325, -0.63284],
							"size": [0.56569, 0.15, 0.28284],
							"pivot": [1.375, -0.325, -0.35],
							"rotation": [0, 45, 0],
							"uv": {
								"south": {"uv": [133, 45], "uv_size": [1, 1]},
								"up": {"uv": [133, 46], "uv_size": [1, 1]},
								"down": {"uv": [133, 48], "uv_size": [1, -1]}
							}
						},
						{
							"origin": [0.80931, 0.25, -0.63284],
							"size": [0.56569, 0.075, 0.28284],
							"pivot": [1.375, 0.325, -0.35],
							"rotation": [0, 45, 0],
							"uv": {
								"south": {"uv": [133, 48], "uv_size": [1, 1]},
								"up": {"uv": [133, 49], "uv_size": [1, 1]},
								"down": {"uv": [133, 51], "uv_size": [1, -1]}
							}
						},
						{
							"origin": [0.80931, -0.175, -0.54445],
							"size": [0.37123, 0.425, 0.19445],
							"pivot": [1.375, 0.325, -0.35],
							"rotation": [0, 45, 0],
							"uv": {
								"south": {"uv": [133, 51], "uv_size": [1, 1]},
								"west": {"uv": [133, 52], "uv_size": [1, 1]}
							}
						},
						{
							"origin": [0.975, -0.075, -0.225],
							"size": [0.4, 0.225, 0.55],
							"uv": {
								"north": {"uv": [133, 53], "uv_size": [1, 1]},
								"east": {"uv": [133, 54], "uv_size": [1, 1]},
								"south": {"uv": [133, 55], "uv_size": [1, 1]},
								"west": {"uv": [133, 56], "uv_size": [1, 1]},
								"up": {"uv": [133, 57], "uv_size": [1, 1]},
								"down": {"uv": [133, 59], "uv_size": [1, -1]}
							}
						},
						{
							"origin": [1.375, -0.075, -0.125],
							"size": [0.1, 0.225, 0.35],
							"uv": {
								"north": {"uv": [133, 59], "uv_size": [1, 1]},
								"east": {"uv": [133, 60], "uv_size": [1, 1]},
								"south": {"uv": [133, 61], "uv_size": [1, 1]},
								"west": {"uv": [133, 62], "uv_size": [1, 1]},
								"up": {"uv": [133, 63], "uv_size": [1, 1]},
								"down": {"uv": [133, 65], "uv_size": [1, -1]}
							}
						},
						{
							"origin": [1.33358, -0.075, -0.125],
							"size": [0.14142, 0.225, 0.07071],
							"pivot": [1.475, -0.075, -0.125],
							"rotation": [0, -45, 0],
							"uv": {
								"north": {"uv": [133, 65], "uv_size": [1, 1]},
								"east": {"uv": [133, 66], "uv_size": [1, 1]},
								"south": {"uv": [133, 67], "uv_size": [1, 1]},
								"west": {"uv": [133, 68], "uv_size": [1, 1]},
								"up": {"uv": [133, 69], "uv_size": [1, 1]},
								"down": {"uv": [133, 71], "uv_size": [1, -1]}
							}
						},
						{
							"origin": [1.33358, -0.075, 0.15429],
							"size": [0.14142, 0.225, 0.07071],
							"pivot": [1.475, -0.075, 0.225],
							"rotation": [0, 45, 0],
							"uv": {
								"north": {"uv": [133, 71], "uv_size": [1, 1]},
								"east": {"uv": [133, 72], "uv_size": [1, 1]},
								"south": {"uv": [133, 73], "uv_size": [1, 1]},
								"west": {"uv": [133, 74], "uv_size": [1, 1]},
								"up": {"uv": [133, 75], "uv_size": [1, 1]},
								"down": {"uv": [133, 77], "uv_size": [1, -1]}
							}
						}
					]
				},
				{
					"name": "leverlock",
					"parent": "STS_base",
					"pivot": [1.275, 0, -0.525],
					"rotation": [0, 22.5, 0],
					"cubes": [
						{
							"origin": [1.225, -0.35, -0.575],
							"size": [0.1, 0.7, 0.1],
							"pivot": [1.275, 0, -0.525],
							"rotation": [0, -45, 0],
							"uv": {
								"north": {"uv": [133, 77], "uv_size": [1, 1]},
								"east": {"uv": [133, 78], "uv_size": [1, 1]},
								"south": {"uv": [133, 79], "uv_size": [1, 1]},
								"west": {"uv": [133, 80], "uv_size": [1, 1]},
								"up": {"uv": [133, 81], "uv_size": [1, 1]},
								"down": {"uv": [133, 83], "uv_size": [1, -1]}
							}
						},
						{
							"origin": [1.175, -0.25, -0.275],
							"size": [0.2, 0.15, 0.25],
							"uv": {
								"north": {"uv": [133, 83], "uv_size": [1, 1]},
								"east": {"uv": [133, 84], "uv_size": [1, 1]},
								"south": {"uv": [133, 85], "uv_size": [1, 1]},
								"west": {"uv": [133, 86], "uv_size": [1, 1]},
								"up": {"uv": [133, 87], "uv_size": [1, 1]},
								"down": {"uv": [133, 89], "uv_size": [1, -1]}
							}
						},
						{
							"origin": [1.175, 0.175, -0.275],
							"size": [0.2, 0.15, 0.25],
							"uv": {
								"north": {"uv": [133, 89], "uv_size": [1, 1]},
								"east": {"uv": [133, 90], "uv_size": [1, 1]},
								"south": {"uv": [133, 91], "uv_size": [1, 1]},
								"west": {"uv": [133, 92], "uv_size": [1, 1]},
								"up": {"uv": [133, 93], "uv_size": [1, 1]},
								"down": {"uv": [133, 95], "uv_size": [1, -1]}
							}
						},
						{
							"origin": [1.175, -0.175, -0.675],
							"size": [0.2, 0.425, 0.5],
							"uv": {
								"north": {"uv": [133, 95], "uv_size": [1, 1]},
								"east": {"uv": [133, 96], "uv_size": [1, 1]},
								"south": {"uv": [133, 97], "uv_size": [1, 1]},
								"west": {"uv": [133, 98], "uv_size": [1, 1]},
								"up": {"uv": [133, 99], "uv_size": [1, 1]},
								"down": {"uv": [133, 101], "uv_size": [1, -1]}
							}
						}
					]
				},
				{
					"name": "lever",
					"parent": "STS_base",
					"pivot": [1.375, 0.0375, 0.1],
					"rotation": [0, 22.5, 0],
					"cubes": [
						{
							"origin": [1.325, -0.275, 0.05],
							"size": [0.1, 0.625, 0.1],
							"pivot": [1.375, 0.0375, 0.1],
							"rotation": [0, -45, 0],
							"uv": {
								"north": {"uv": [133, 101], "uv_size": [1, 1]},
								"east": {"uv": [133, 102], "uv_size": [1, 1]},
								"south": {"uv": [133, 103], "uv_size": [1, 1]},
								"west": {"uv": [133, 104], "uv_size": [1, 1]},
								"up": {"uv": [133, 105], "uv_size": [1, 1]},
								"down": {"uv": [133, 107], "uv_size": [1, -1]}
							}
						},
						{
							"origin": [0.79776, -0.25, 0.27532],
							"size": [0.1, 0.575, 0.75],
							"pivot": [1.04776, 0.0375, 0.96282],
							"rotation": [0, -22.5, 0],
							"uv": {
								"north": {"uv": [133, 107], "uv_size": [1, 1]},
								"east": {"uv": [133, 108], "uv_size": [1, 1]},
								"west": {"uv": [133, 109], "uv_size": [1, 1]},
								"up": {"uv": [133, 110], "uv_size": [1, 1]},
								"down": {"uv": [133, 112], "uv_size": [1, -1]}
							}
						},
						{
							"origin": [0.85, -0.25, 1.36178],
							"size": [0.1, 0.575, 0.25],
							"pivot": [0.95991, -0.25, 1.36178],
							"rotation": [0, -22.5, 0],
							"uv": {
								"east": {"uv": [133, 112], "uv_size": [1, 1]},
								"south": {"uv": [133, 113], "uv_size": [1, 1]},
								"west": {"uv": [133, 114], "uv_size": [1, 1]},
								"up": {"uv": [133, 115], "uv_size": [1, 1]},
								"down": {"uv": [133, 117], "uv_size": [1, -1]}
							}
						},
						{
							"origin": [0.85075, -0.25, 0.90799],
							"size": [0.1, 0.575, 0.45],
							"pivot": [0.95075, -0.25, 1.35799],
							"rotation": [0, 7.5, 0],
							"uv": {
								"east": {"uv": [133, 117], "uv_size": [1, 1]},
								"west": {"uv": [133, 118], "uv_size": [1, 1]},
								"up": {"uv": [119, 133], "uv_size": [1, 1]},
								"down": {"uv": [133, 120], "uv_size": [1, -1]}
							}
						},
						{
							"origin": [1.075, 0.175, 0],
							"size": [0.4, 0.15, 0.2],
							"uv": {
								"north": {"uv": [120, 133], "uv_size": [1, 1]},
								"east": {"uv": [133, 120], "uv_size": [1, 1]},
								"west": {"uv": [121, 133], "uv_size": [1, 1]},
								"up": {"uv": [133, 121], "uv_size": [1, 1]},
								"down": {"uv": [122, 134], "uv_size": [1, -1]}
							}
						},
						{
							"origin": [1.075, 0.175, 0.2],
							"size": [0.3, 0.15, 0.1],
							"uv": {
								"east": {"uv": [133, 122], "uv_size": [1, 1]},
								"south": {"uv": [123, 133], "uv_size": [1, 1]},
								"up": {"uv": [133, 123], "uv_size": [1, 1]},
								"down": {"uv": [124, 134], "uv_size": [1, -1]}
							}
						},
						{
							"origin": [1.225, 0.175, 0.29142],
							"size": [0.14142, 0.15, 0.07071],
							"pivot": [1.225, 0.25, 0.15],
							"rotation": [0, 45, 0],
							"uv": {
								"south": {"uv": [133, 124], "uv_size": [1, 1]},
								"up": {"uv": [125, 133], "uv_size": [1, 1]},
								"down": {"uv": [133, 126], "uv_size": [1, -1]}
							}
						},
						{
							"origin": [1.225, 0.175, -0.15],
							"size": [0.175, 0.15, 0.15],
							"uv": {
								"north": {"uv": [126, 133], "uv_size": [1, 1]},
								"west": {"uv": [133, 126], "uv_size": [1, 1]},
								"up": {"uv": [127, 133], "uv_size": [1, 1]},
								"down": {"uv": [133, 128], "uv_size": [1, -1]}
							}
						},
						{
							"origin": [1.27626, 0.175, -0.11412],
							"size": [0.21213, 0.15, 0.10607],
							"pivot": [1.31339, 0.25, 0.18588],
							"rotation": [0, 45, 0],
							"uv": {
								"north": {"uv": [128, 133], "uv_size": [1, 1]},
								"up": {"uv": [133, 128], "uv_size": [1, 1]},
								"down": {"uv": [129, 134], "uv_size": [1, -1]}
							}
						},
						{
							"origin": [1.225, -0.25, -0.15],
							"size": [0.175, 0.15, 0.15],
							"uv": {
								"north": {"uv": [133, 129], "uv_size": [1, 1]},
								"west": {"uv": [130, 133], "uv_size": [1, 1]},
								"up": {"uv": [133, 130], "uv_size": [1, 1]},
								"down": {"uv": [131, 134], "uv_size": [1, -1]}
							}
						},
						{
							"origin": [1.27626, -0.25, -0.11412],
							"size": [0.21213, 0.15, 0.10607],
							"pivot": [1.31339, -0.175, 0.18588],
							"rotation": [0, 45, 0],
							"uv": {
								"north": {"uv": [133, 131], "uv_size": [1, 1]},
								"up": {"uv": [132, 133], "uv_size": [1, 1]},
								"down": {"uv": [133, 133], "uv_size": [1, -1]}
							}
						},
						{
							"origin": [1.075, -0.25, 0.2],
							"size": [0.3, 0.15, 0.1],
							"uv": {
								"east": {"uv": [133, 133], "uv_size": [1, 1]},
								"south": {"uv": [134, 0], "uv_size": [1, 1]},
								"up": {"uv": [134, 1], "uv_size": [1, 1]},
								"down": {"uv": [134, 3], "uv_size": [1, -1]}
							}
						},
						{
							"origin": [1.225, -0.25, 0.29142],
							"size": [0.14142, 0.15, 0.07071],
							"pivot": [1.225, -0.175, 0.15],
							"rotation": [0, 45, 0],
							"uv": {
								"south": {"uv": [134, 3], "uv_size": [1, 1]},
								"up": {"uv": [134, 4], "uv_size": [1, 1]},
								"down": {"uv": [134, 6], "uv_size": [1, -1]}
							}
						},
						{
							"origin": [1.075, -0.25, 0],
							"size": [0.4, 0.15, 0.2],
							"uv": {
								"north": {"uv": [134, 6], "uv_size": [1, 1]},
								"east": {"uv": [134, 7], "uv_size": [1, 1]},
								"west": {"uv": [134, 8], "uv_size": [1, 1]},
								"up": {"uv": [134, 9], "uv_size": [1, 1]},
								"down": {"uv": [134, 11], "uv_size": [1, -1]}
							}
						}
					]
				},
				{
					"name": "STS_flip",
					"parent": "EOTech_STS",
					"pivot": [-0.8625, 0.7, 0.125],
					"cubes": [
						{
							"origin": [-1.0625, 0.5, -0.875],
							"size": [0.4, 0.4, 2],
							"pivot": [-0.8625, 0.7, 0.125],
							"rotation": [0, 0, 45],
							"uv": {
								"north": {"uv": [134, 11], "uv_size": [1, 1]},
								"east": {"uv": [128, 118], "uv_size": [2, 1]},
								"south": {"uv": [134, 12], "uv_size": [1, 1]},
								"west": {"uv": [119, 128], "uv_size": [2, 1]},
								"up": {"uv": [128, 119], "uv_size": [1, 2]},
								"down": {"uv": [121, 130], "uv_size": [1, -2]}
							}
						},
						{
							"origin": [-0.25, 0.625, -0.225],
							"size": [0.65, 0.125, 0.725],
							"pivot": [0.4, 0.625, 1.15],
							"rotation": [0, 0, -11.25],
							"uv": {
								"north": {"uv": [134, 13], "uv_size": [1, 1]},
								"south": {"uv": [134, 14], "uv_size": [1, 1]},
								"down": {"uv": [134, 16], "uv_size": [1, -1]}
							}
						},
						{
							"origin": [-0.4, 0.625, -0.85],
							"size": [0.8, 0.3, 1.9],
							"uv": {
								"north": {"uv": [134, 16], "uv_size": [1, 1]},
								"east": {"uv": [128, 121], "uv_size": [2, 1]},
								"south": {"uv": [134, 17], "uv_size": [1, 1]},
								"west": {"uv": [122, 128], "uv_size": [2, 1]},
								"up": {"uv": [128, 122], "uv_size": [1, 2]},
								"down": {"uv": [124, 130], "uv_size": [1, -2]}
							}
						},
						{
							"origin": [-1.0075, 0.35, -0.225],
							"size": [0.29, 0.7, 0.725],
							"uv": {
								"north": {"uv": [134, 18], "uv_size": [1, 1]},
								"south": {"uv": [134, 19], "uv_size": [1, 1]},
								"up": {"uv": [134, 20], "uv_size": [1, 1]},
								"down": {"uv": [134, 22], "uv_size": [1, -1]}
							}
						},
						{
							"origin": [-0.9825, 0.325, -0.225],
							"size": [0.75, 0.45, 0.725],
							"uv": {
								"north": {"uv": [134, 22], "uv_size": [1, 1]},
								"south": {"uv": [134, 23], "uv_size": [1, 1]},
								"up": {"uv": [134, 24], "uv_size": [1, 1]},
								"down": {"uv": [134, 26], "uv_size": [1, -1]}
							}
						},
						{
							"origin": [-0.3075, 0.325, -0.225],
							"size": [0.075, 0.225, 0.725],
							"pivot": [-0.2325, 0.325, 0.5],
							"rotation": [0, 0, 22.5],
							"uv": {
								"north": {"uv": [134, 26], "uv_size": [1, 1]},
								"south": {"uv": [134, 27], "uv_size": [1, 1]},
								"west": {"uv": [134, 28], "uv_size": [1, 1]}
							}
						},
						{
							"origin": [-0.7848, 0.15228, -0.225],
							"size": [0.03536, 0.01768, 0.725],
							"pivot": [-0.65748, 0.51996, 0.275],
							"rotation": [0, 0, 45],
							"uv": {
								"north": {"uv": [135, 24], "uv_size": [1, 1]},
								"south": {"uv": [135, 25], "uv_size": [1, 1]},
								"down": {"uv": [135, 27], "uv_size": [1, -1]}
							}
						},
						{
							"origin": [-1.0075, 0.35, -0.225],
							"size": [0.29, 0.7, 0.725],
							"pivot": [-0.8625, 0.7, 0.275],
							"rotation": [0, 0, 45],
							"uv": {
								"north": {"uv": [134, 29], "uv_size": [1, 1]},
								"south": {"uv": [134, 30], "uv_size": [1, 1]},
								"up": {"uv": [134, 31], "uv_size": [1, 1]},
								"down": {"uv": [134, 33], "uv_size": [1, -1]}
							}
						},
						{
							"origin": [-1.00746, 1.05002, -0.225],
							"size": [0.265, 0.125, 0.725],
							"pivot": [-1.00746, 1.05002, 0.5],
							"rotation": [0, 0, 152.5],
							"uv": {
								"north": {"uv": [134, 33], "uv_size": [1, 1]},
								"south": {"uv": [134, 34], "uv_size": [1, 1]},
								"down": {"uv": [134, 36], "uv_size": [1, -1]}
							}
						},
						{
							"origin": [-1.24251, 0.845, -0.225],
							"size": [0.05, 0.08265, 0.725],
							"uv": {
								"north": {"uv": [134, 36], "uv_size": [1, 1]},
								"east": {"uv": [134, 37], "uv_size": [1, 1]},
								"south": {"uv": [134, 38], "uv_size": [1, 1]},
								"down": {"uv": [134, 40], "uv_size": [1, -1]}
							}
						},
						{
							"origin": [-1.0075, 0.35, -0.225],
							"size": [0.29, 0.25, 0.725],
							"pivot": [-0.8625, 0.7, 0.275],
							"rotation": [0, 0, 135],
							"uv": {
								"north": {"uv": [134, 40], "uv_size": [1, 1]},
								"south": {"uv": [134, 41], "uv_size": [1, 1]}
							}
						},
						{
							"origin": [-1.0075, 0.35, -0.225],
							"size": [0.29, 0.7, 0.725],
							"pivot": [-0.8625, 0.7, 0.275],
							"rotation": [0, 0, 90],
							"uv": {
								"north": {"uv": [134, 42], "uv_size": [1, 1]},
								"south": {"uv": [134, 43], "uv_size": [1, 1]},
								"up": {"uv": [134, 44], "uv_size": [1, 1]},
								"down": {"uv": [134, 46], "uv_size": [1, -1]}
							}
						}
					]
				},
				{
					"name": "EOTech_G45",
					"parent": "STS_flip",
					"pivot": [0.7625, 5.325, 2.2]
				},
				{
					"name": "tube",
					"parent": "EOTech_G45",
					"pivot": [1.525, 5.325, 1.525],
					"cubes": [
						{
							"origin": [-0.2375, 1.85, -0.6],
							"size": [0.475, 1.1, 0.1],
							"uv": {
								"north": {"uv": [134, 46], "uv_size": [1, 1]}
							}
						},
						{
							"origin": [-0.2375, 1.85, -0.6],
							"size": [0.475, 1.1, 0.1],
							"pivot": [0, 2.4, -0.55],
							"rotation": [0, 0, 45],
							"uv": {
								"north": {"uv": [134, 47], "uv_size": [1, 1]}
							}
						},
						{
							"origin": [-0.2375, 1.85, -0.6],
							"size": [0.475, 1.1, 0.1],
							"pivot": [0, 2.4, -0.55],
							"rotation": [0, 0, 90],
							"uv": {
								"north": {"uv": [134, 48], "uv_size": [1, 1]}
							}
						},
						{
							"origin": [-0.2375, 1.85, -0.6],
							"size": [0.475, 1.1, 0.1],
							"pivot": [0, 2.4, -0.55],
							"rotation": [0, 0, 135],
							"uv": {
								"north": {"uv": [134, 49], "uv_size": [1, 1]}
							}
						},
						{
							"origin": [-0.35, 0.9196, -0.85],
							"size": [0.7, 0.95, 2],
							"uv": {
								"north": {"uv": [134, 50], "uv_size": [1, 1]},
								"east": {"uv": [128, 124], "uv_size": [2, 1]},
								"south": {"uv": [134, 51], "uv_size": [1, 1]},
								"west": {"uv": [125, 128], "uv_size": [2, 1]},
								"up": {"uv": [128, 125], "uv_size": [1, 2]},
								"down": {"uv": [127, 130], "uv_size": [1, -2]}
							}
						},
						{
							"origin": [-0.29, 2.95, -0.85],
							"size": [0.58, 0.15, 1.375],
							"uv": {
								"north": {"uv": [134, 52], "uv_size": [1, 1]},
								"up": {"uv": [134, 53], "uv_size": [1, 1]},
								"down": {"uv": [134, 55], "uv_size": [1, -1]}
							}
						},
						{
							"origin": [-0.29, 2.95, -0.85],
							"size": [0.58, 0.15, 1.375],
							"pivot": [0, 2.4, -0.3],
							"rotation": [0, 0, -45],
							"uv": {
								"north": {"uv": [134, 55], "uv_size": [1, 1]},
								"up": {"uv": [134, 56], "uv_size": [1, 1]},
								"down": {"uv": [134, 58], "uv_size": [1, -1]}
							}
						},
						{
							"origin": [-0.29, 2.95, -0.85],
							"size": [0.58, 0.15, 1.375],
							"pivot": [0, 2.4, -0.3],
							"rotation": [0, 0, -90],
							"uv": {
								"north": {"uv": [134, 58], "uv_size": [1, 1]},
								"up": {"uv": [134, 59], "uv_size": [1, 1]},
								"down": {"uv": [134, 61], "uv_size": [1, -1]}
							}
						},
						{
							"origin": [-0.29, 2.95, -0.85],
							"size": [0.58, 0.15, 1.375],
							"pivot": [0, 2.4, -0.3],
							"rotation": [0, 0, -135],
							"uv": {
								"north": {"uv": [134, 61], "uv_size": [1, 1]},
								"up": {"uv": [134, 62], "uv_size": [1, 1]},
								"down": {"uv": [134, 64], "uv_size": [1, -1]}
							}
						},
						{
							"origin": [-0.29, 2.95, -0.85],
							"size": [0.58, 0.15, 1.375],
							"pivot": [0, 2.4, -0.3],
							"rotation": [0, 0, 45],
							"uv": {
								"north": {"uv": [134, 64], "uv_size": [1, 1]},
								"up": {"uv": [134, 65], "uv_size": [1, 1]},
								"down": {"uv": [134, 67], "uv_size": [1, -1]}
							}
						},
						{
							"origin": [-0.4246, 1.3625, 0.625],
							"size": [0.8492, 2.05, 1.275],
							"uv": {
								"south": {"uv": [128, 127], "uv_size": [1, 2]},
								"up": {"uv": [134, 67], "uv_size": [1, 1]},
								"down": {"uv": [134, 69], "uv_size": [1, -1]}
							}
						},
						{
							"origin": [-0.3572, 1.525, 0.4625],
							"size": [0.7144, 1.725, 0.1625],
							"uv": {
								"north": {"uv": [129, 14], "uv_size": [1, 2]}
							}
						},
						{
							"origin": [-0.3572, 1.525, 0.4625],
							"size": [0.7144, 1.725, 0.1625],
							"pivot": [0, 2.3875, 0.575],
							"rotation": [0, 0, -45],
							"uv": {
								"north": {"uv": [129, 16], "uv_size": [1, 2]}
							}
						},
						{
							"origin": [-0.3572, 1.525, 0.4625],
							"size": [0.7144, 1.725, 0.1625],
							"pivot": [0, 2.3875, 0.575],
							"rotation": [0, 0, -90],
							"uv": {
								"north": {"uv": [129, 18], "uv_size": [1, 2]}
							}
						},
						{
							"origin": [-0.3572, 1.525, 0.4625],
							"size": [0.7144, 1.725, 0.1625],
							"pivot": [0, 2.3875, 0.575],
							"rotation": [0, 0, -135],
							"uv": {
								"north": {"uv": [129, 20], "uv_size": [1, 2]}
							}
						},
						{
							"origin": [-0.25513, 1.56272, 0.54267],
							"size": [0.0625, 0.1, 0.24231],
							"pivot": [0, 2.3875, -1.425],
							"rotation": [46.13154, 11.23918, 11.46188],
							"uv": {
								"up": {"uv": [134, 69], "uv_size": [1, 1]}
							}
						},
						{
							"origin": [-0.3572, 1.56272, 0.51954],
							"size": [0.7144, 0.1, 0.22981],
							"pivot": [0, 2.3875, -1.425],
							"rotation": [45, 0, 0],
							"uv": {
								"up": {"uv": [134, 70], "uv_size": [1, 1]}
							}
						},
						{
							"origin": [0.19263, 1.56272, 0.54267],
							"size": [0.0625, 0.1, 0.24231],
							"pivot": [0, 2.3875, -1.425],
							"rotation": [46.13154, -11.23918, -11.46188],
							"uv": {
								"up": {"uv": [134, 71], "uv_size": [1, 1]}
							}
						},
						{
							"origin": [-0.25513, 1.56272, 0.54267],
							"size": [0.0625, 0.1, 0.24231],
							"pivot": [0, 2.3875, -1.425],
							"rotation": [46.13154, 11.23918, 56.46188],
							"uv": {
								"up": {"uv": [134, 72], "uv_size": [1, 1]}
							}
						},
						{
							"origin": [-0.3572, 1.56272, 0.51954],
							"size": [0.7144, 0.1, 0.22981],
							"pivot": [0, 2.3875, -1.425],
							"rotation": [45, 0, 45],
							"uv": {
								"up": {"uv": [134, 73], "uv_size": [1, 1]}
							}
						},
						{
							"origin": [0.19263, 1.56272, 0.54267],
							"size": [0.0625, 0.1, 0.24231],
							"pivot": [0, 2.3875, -1.425],
							"rotation": [46.13154, -11.23918, 33.53812],
							"uv": {
								"up": {"uv": [134, 74], "uv_size": [1, 1]}
							}
						},
						{
							"origin": [-0.25513, 1.56272, 0.54267],
							"size": [0.0625, 0.1, 0.24231],
							"pivot": [0, 2.3875, -1.425],
							"rotation": [46.13154, 11.23918, 101.46188],
							"uv": {
								"up": {"uv": [134, 75], "uv_size": [1, 1]}
							}
						},
						{
							"origin": [-0.3572, 1.56272, 0.51954],
							"size": [0.7144, 0.1, 0.22981],
							"pivot": [0, 2.3875, -1.425],
							"rotation": [45, 0, 90],
							"uv": {
								"up": {"uv": [134, 76], "uv_size": [1, 1]}
							}
						},
						{
							"origin": [0.19263, 1.56272, 0.54267],
							"size": [0.0625, 0.1, 0.24231],
							"pivot": [0, 2.3875, -1.425],
							"rotation": [46.13154, -11.23918, 78.53812],
							"uv": {
								"up": {"uv": [134, 77], "uv_size": [1, 1]}
							}
						},
						{
							"origin": [-0.25513, 1.56272, 0.54267],
							"size": [0.0625, 0.1, 0.24231],
							"pivot": [0, 2.3875, -1.425],
							"rotation": [46.13154, 11.23918, 146.46188],
							"uv": {
								"up": {"uv": [134, 78], "uv_size": [1, 1]}
							}
						},
						{
							"origin": [-0.3572, 1.56272, 0.51954],
							"size": [0.7144, 0.1, 0.22981],
							"pivot": [0, 2.3875, -1.425],
							"rotation": [45, 0, 135],
							"uv": {
								"up": {"uv": [134, 79], "uv_size": [1, 1]}
							}
						},
						{
							"origin": [0.19263, 1.56272, 0.54267],
							"size": [0.0625, 0.1, 0.24231],
							"pivot": [0, 2.3875, -1.425],
							"rotation": [46.13154, -11.23918, 123.53812],
							"uv": {
								"up": {"uv": [134, 80], "uv_size": [1, 1]}
							}
						},
						{
							"origin": [-0.26763, 1.56272, 0.54267],
							"size": [0.075, 0.1, 0.24231],
							"pivot": [0, 2.3875, -1.425],
							"rotation": [46.13154, 11.23918, -168.53812],
							"uv": {
								"up": {"uv": [134, 81], "uv_size": [1, 1]}
							}
						},
						{
							"origin": [0.19263, 1.56272, 0.54267],
							"size": [0.075, 0.1, 0.24231],
							"pivot": [0, 2.3875, -1.425],
							"rotation": [46.13154, -11.23918, 168.53812],
							"uv": {
								"up": {"uv": [134, 82], "uv_size": [1, 1]}
							}
						},
						{
							"origin": [-0.25513, 1.56272, 0.54267],
							"size": [0.0625, 0.1, 0.24231],
							"pivot": [0, 2.3875, -1.425],
							"rotation": [46.13154, 11.23918, -123.53812],
							"uv": {
								"up": {"uv": [134, 83], "uv_size": [1, 1]}
							}
						},
						{
							"origin": [-0.3572, 1.56272, 0.51954],
							"size": [0.7144, 0.1, 0.22981],
							"pivot": [0, 2.3875, -1.425],
							"rotation": [45, 0, -135],
							"uv": {
								"up": {"uv": [134, 84], "uv_size": [1, 1]}
							}
						},
						{
							"origin": [0.19263, 1.56272, 0.54267],
							"size": [0.0625, 0.1, 0.24231],
							"pivot": [0, 2.3875, -1.425],
							"rotation": [46.13154, -11.23918, -146.46188],
							"uv": {
								"up": {"uv": [134, 85], "uv_size": [1, 1]}
							}
						},
						{
							"origin": [-0.25513, 1.56272, 0.54267],
							"size": [0.0625, 0.1, 0.24231],
							"pivot": [0, 2.3875, -1.425],
							"rotation": [46.13154, 11.23918, -78.53812],
							"uv": {
								"up": {"uv": [134, 86], "uv_size": [1, 1]}
							}
						},
						{
							"origin": [-0.3572, 1.56272, 0.51954],
							"size": [0.7144, 0.1, 0.22981],
							"pivot": [0, 2.3875, -1.425],
							"rotation": [45, 0, -90],
							"uv": {
								"up": {"uv": [134, 87], "uv_size": [1, 1]}
							}
						},
						{
							"origin": [0.19263, 1.56272, 0.54267],
							"size": [0.0625, 0.1, 0.24231],
							"pivot": [0, 2.3875, -1.425],
							"rotation": [46.13154, -11.23918, -101.46188],
							"uv": {
								"up": {"uv": [134, 88], "uv_size": [1, 1]}
							}
						},
						{
							"origin": [-0.25513, 1.56272, 0.54267],
							"size": [0.0625, 0.1, 0.24231],
							"pivot": [0, 2.3875, -1.425],
							"rotation": [46.13154, 11.23918, -33.53812],
							"uv": {
								"up": {"uv": [134, 89], "uv_size": [1, 1]}
							}
						},
						{
							"origin": [-0.3572, 1.56272, 0.51954],
							"size": [0.7144, 0.1, 0.22981],
							"pivot": [0, 2.3875, -1.425],
							"rotation": [45, 0, -45],
							"uv": {
								"up": {"uv": [134, 90], "uv_size": [1, 1]}
							}
						},
						{
							"origin": [0.19263, 1.56272, 0.54267],
							"size": [0.0625, 0.1, 0.24231],
							"pivot": [0, 2.3875, -1.425],
							"rotation": [46.13154, -11.23918, -56.46188],
							"uv": {
								"up": {"uv": [134, 91], "uv_size": [1, 1]}
							}
						},
						{
							"origin": [-0.4246, 1.3625, 0.625],
							"size": [0.8492, 2.05, 1.275],
							"pivot": [0, 2.3875, 1.2125],
							"rotation": [0, 0, 45],
							"uv": {
								"north": {"uv": [129, 23], "uv_size": [1, 2]},
								"south": {"uv": [129, 27], "uv_size": [1, 2]},
								"up": {"uv": [134, 92], "uv_size": [1, 1]},
								"down": {"uv": [134, 94], "uv_size": [1, -1]}
							}
						},
						{
							"origin": [-0.4246, 1.3625, 0.625],
							"size": [0.8492, 2.05, 1.275],
							"pivot": [0, 2.3875, 1.2125],
							"rotation": [0, 0, 90],
							"uv": {
								"north": {"uv": [129, 29], "uv_size": [1, 2]},
								"south": {"uv": [129, 31], "uv_size": [1, 2]},
								"up": {"uv": [134, 94], "uv_size": [1, 1]},
								"down": {"uv": [134, 96], "uv_size": [1, -1]}
							}
						},
						{
							"origin": [0.925, 1.7879, 0.625],
							"size": [0.1, 0.175, 1.275],
							"uv": {
								"north": {"uv": [134, 96], "uv_size": [1, 1]},
								"east": {"uv": [134, 97], "uv_size": [1, 1]},
								"south": {"uv": [134, 98], "uv_size": [1, 1]},
								"west": {"uv": [134, 99], "uv_size": [1, 1]},
								"up": {"uv": [134, 100], "uv_size": [1, 1]},
								"down": {"uv": [134, 102], "uv_size": [1, -1]}
							}
						},
						{
							"origin": [0.4246, 1.3625, 0.625],
							"size": [0.175, 0.1, 1.275],
							"uv": {
								"north": {"uv": [134, 102], "uv_size": [1, 1]},
								"east": {"uv": [134, 103], "uv_size": [1, 1]},
								"south": {"uv": [134, 104], "uv_size": [1, 1]},
								"west": {"uv": [134, 105], "uv_size": [1, 1]},
								"up": {"uv": [134, 106], "uv_size": [1, 1]},
								"down": {"uv": [134, 108], "uv_size": [1, -1]}
							}
						},
						{
							"origin": [-0.4246, 1.3625, 0.625],
							"size": [0.8492, 2.05, 1.275],
							"pivot": [0, 2.3875, 1.2125],
							"rotation": [0, 0, 135],
							"uv": {
								"north": {"uv": [129, 34], "uv_size": [1, 2]},
								"south": {"uv": [129, 37], "uv_size": [1, 2]},
								"up": {"uv": [134, 108], "uv_size": [1, 1]},
								"down": {"uv": [134, 110], "uv_size": [1, -1]}
							}
						},
						{
							"origin": [-0.4423, 3.07103, 0.625],
							"size": [0.60161, 0.12374, 1.275],
							"pivot": [-0.00002, 2.18745, 1.2125],
							"rotation": [0, 0, 135],
							"uv": {
								"north": {"uv": [134, 110], "uv_size": [1, 1]},
								"south": {"uv": [134, 111], "uv_size": [1, 1]},
								"up": {"uv": [134, 112], "uv_size": [1, 1]},
								"down": {"uv": [134, 114], "uv_size": [1, -1]}
							}
						},
						{
							"origin": [0.64709, 1.48928, 0.925],
							"size": [0.4, 0.1, 0.4],
							"pivot": [0.84709, 1.53928, 1.125],
							"rotation": [0, -45, 135],
							"uv": {
								"north": {"uv": [134, 114], "uv_size": [1, 1]},
								"east": {"uv": [134, 115], "uv_size": [1, 1]},
								"south": {"uv": [134, 116], "uv_size": [1, 1]},
								"west": {"uv": [134, 117], "uv_size": [1, 1]},
								"up": {"uv": [134, 118], "uv_size": [1, 1]}
							}
						},
						{
							"origin": [0.72209, 1.48928, 1.275],
							"size": [0.25, 0.05, 0.35],
							"pivot": [0.84709, 1.53928, 1.125],
							"rotation": [0, 0, 135],
							"uv": {
								"north": {"uv": [119, 134], "uv_size": [1, 1]},
								"east": {"uv": [134, 119], "uv_size": [1, 1]},
								"south": {"uv": [120, 134], "uv_size": [1, 1]},
								"west": {"uv": [134, 120], "uv_size": [1, 1]},
								"up": {"uv": [121, 134], "uv_size": [1, 1]}
							}
						},
						{
							"origin": [-0.4039, 1.4125, 1.9],
							"size": [0.8078, 1.95, 1.6],
							"uv": {
								"south": {"uv": [129, 41], "uv_size": [1, 2]},
								"up": {"uv": [129, 43], "uv_size": [1, 2]},
								"down": {"uv": [129, 48], "uv_size": [1, -2]}
							}
						},
						{
							"origin": [-0.4039, 1.4125, 1.9],
							"size": [0.8078, 1.95, 1.6],
							"pivot": [0, 2.3875, 2.7],
							"rotation": [0, 0, 45],
							"uv": {
								"south": {"uv": [129, 53], "uv_size": [1, 2]},
								"up": {"uv": [129, 59], "uv_size": [1, 2]},
								"down": {"uv": [129, 63], "uv_size": [1, -2]}
							}
						},
						{
							"origin": [-0.4039, 1.4125, 1.9],
							"size": [0.8078, 1.95, 1.6],
							"pivot": [0, 2.3875, 2.7],
							"rotation": [0, 0, 90],
							"uv": {
								"south": {"uv": [129, 66], "uv_size": [1, 2]},
								"up": {"uv": [129, 68], "uv_size": [1, 2]},
								"down": {"uv": [129, 75], "uv_size": [1, -2]}
							}
						},
						{
							"origin": [-0.4039, 1.4125, 1.9],
							"size": [0.8078, 1.95, 1.6],
							"pivot": [0, 2.3875, 2.7],
							"rotation": [0, 0, 135],
							"uv": {
								"south": {"uv": [129, 79], "uv_size": [1, 2]},
								"up": {"uv": [129, 81], "uv_size": [1, 2]},
								"down": {"uv": [129, 85], "uv_size": [1, -2]}
							}
						},
						{
							"origin": [-0.29, 2.95, -0.85],
							"size": [0.58, 0.15, 1.375],
							"pivot": [0, 2.4, -0.3],
							"rotation": [0, 0, 90],
							"uv": {
								"north": {"uv": [134, 121], "uv_size": [1, 1]},
								"up": {"uv": [122, 134], "uv_size": [1, 1]},
								"down": {"uv": [134, 123], "uv_size": [1, -1]}
							}
						},
						{
							"origin": [-0.29, 2.95, -0.85],
							"size": [0.58, 0.15, 1.375],
							"pivot": [0, 2.4, -0.3],
							"rotation": [0, 0, 135],
							"uv": {
								"north": {"uv": [123, 134], "uv_size": [1, 1]},
								"up": {"uv": [134, 123], "uv_size": [1, 1]},
								"down": {"uv": [124, 135], "uv_size": [1, -1]}
							}
						},
						{
							"origin": [-0.3039, 1.325, 2.1],
							"size": [0.6078, 2.1125, 1.2],
							"uv": {
								"north": {"uv": [129, 87], "uv_size": [1, 2]},
								"east": {"uv": [129, 90], "uv_size": [1, 2]},
								"south": {"uv": [129, 94], "uv_size": [1, 2]},
								"west": {"uv": [129, 96], "uv_size": [1, 2]},
								"up": {"uv": [134, 124], "uv_size": [1, 1]},
								"down": {"uv": [125, 135], "uv_size": [1, -1]}
							}
						},
						{
							"origin": [-0.3039, 1.325, 2.1],
							"size": [0.6078, 2.1125, 1.2],
							"pivot": [0, 2.3875, 2.7],
							"rotation": [0, 0, 90],
							"uv": {
								"north": {"uv": [129, 102], "uv_size": [1, 2]},
								"east": {"uv": [129, 104], "uv_size": [1, 2]},
								"south": {"uv": [129, 108], "uv_size": [1, 2]},
								"west": {"uv": [129, 110], "uv_size": [1, 2]},
								"up": {"uv": [134, 125], "uv_size": [1, 1]},
								"down": {"uv": [126, 135], "uv_size": [1, -1]}
							}
						},
						{
							"origin": [0.2039, 1.325, 2.1],
							"size": [0.1, 2.1125, 1.2],
							"pivot": [0, 2.3875, 2.7],
							"rotation": [0, 0, 45],
							"uv": {
								"north": {"uv": [129, 112], "uv_size": [1, 2]},
								"east": {"uv": [119, 129], "uv_size": [1, 2]},
								"south": {"uv": [129, 119], "uv_size": [1, 2]},
								"west": {"uv": [120, 129], "uv_size": [1, 2]},
								"up": {"uv": [134, 126], "uv_size": [1, 1]},
								"down": {"uv": [127, 135], "uv_size": [1, -1]}
							}
						},
						{
							"origin": [-0.3039, 1.325, 2.1],
							"size": [0.1, 2.1125, 1.2],
							"pivot": [0, 2.3875, 2.7],
							"rotation": [0, 0, 45],
							"uv": {
								"north": {"uv": [122, 129], "uv_size": [1, 2]},
								"east": {"uv": [129, 122], "uv_size": [1, 2]},
								"south": {"uv": [123, 129], "uv_size": [1, 2]},
								"west": {"uv": [125, 129], "uv_size": [1, 2]},
								"up": {"uv": [134, 127], "uv_size": [1, 1]},
								"down": {"uv": [128, 135], "uv_size": [1, -1]}
							}
						},
						{
							"origin": [-0.2039, 1.325, 2.1],
							"size": [0.4078, 2.1125, 0.1],
							"pivot": [0, 2.3875, 2.7],
							"rotation": [0, 0, 45],
							"uv": {
								"north": {"uv": [129, 125], "uv_size": [1, 2]},
								"south": {"uv": [126, 129], "uv_size": [1, 2]},
								"up": {"uv": [134, 128], "uv_size": [1, 1]},
								"down": {"uv": [129, 135], "uv_size": [1, -1]}
							}
						},
						{
							"origin": [-0.2039, 1.325, 3.2],
							"size": [0.4078, 2.1125, 0.1],
							"pivot": [0, 2.3875, 3.8],
							"rotation": [0, 0, 45],
							"uv": {
								"north": {"uv": [129, 127], "uv_size": [1, 2]},
								"south": {"uv": [128, 129], "uv_size": [1, 2]},
								"up": {"uv": [134, 129], "uv_size": [1, 1]},
								"down": {"uv": [130, 135], "uv_size": [1, -1]}
							}
						},
						{
							"origin": [0.2039, 1.325, 2.1],
							"size": [0.1, 2.1125, 1.2],
							"pivot": [0, 2.3875, 2.7],
							"rotation": [0, 0, -45],
							"uv": {
								"north": {"uv": [129, 129], "uv_size": [1, 2]},
								"east": {"uv": [130, 0], "uv_size": [1, 2]},
								"south": {"uv": [130, 2], "uv_size": [1, 2]},
								"west": {"uv": [130, 4], "uv_size": [1, 2]},
								"up": {"uv": [134, 130], "uv_size": [1, 1]},
								"down": {"uv": [131, 135], "uv_size": [1, -1]}
							}
						},
						{
							"origin": [-0.2039, 1.325, 2.1],
							"size": [0.4078, 2.1125, 0.1],
							"pivot": [0, 2.3875, 2.7],
							"rotation": [0, 0, -45],
							"uv": {
								"north": {"uv": [130, 6], "uv_size": [1, 2]},
								"south": {"uv": [130, 8], "uv_size": [1, 2]},
								"up": {"uv": [134, 131], "uv_size": [1, 1]},
								"down": {"uv": [132, 135], "uv_size": [1, -1]}
							}
						},
						{
							"origin": [-0.3039, 1.325, 2.1],
							"size": [0.1, 2.1125, 1.2],
							"pivot": [0, 2.3875, 2.7],
							"rotation": [0, 0, -45],
							"uv": {
								"north": {"uv": [130, 10], "uv_size": [1, 2]},
								"east": {"uv": [130, 14], "uv_size": [1, 2]},
								"south": {"uv": [130, 16], "uv_size": [1, 2]},
								"west": {"uv": [130, 18], "uv_size": [1, 2]},
								"up": {"uv": [134, 132], "uv_size": [1, 1]},
								"down": {"uv": [133, 135], "uv_size": [1, -1]}
							}
						},
						{
							"origin": [-0.2039, 1.325, 3.2],
							"size": [0.4078, 2.1125, 0.1],
							"pivot": [0, 2.3875, 3.8],
							"rotation": [0, 0, -45],
							"uv": {
								"north": {"uv": [130, 20], "uv_size": [1, 2]},
								"south": {"uv": [130, 23], "uv_size": [1, 2]},
								"up": {"uv": [134, 133], "uv_size": [1, 1]},
								"down": {"uv": [134, 135], "uv_size": [1, -1]}
							}
						}
					]
				},
				{
					"name": "vertical",
					"parent": "EOTech_G45",
					"pivot": [0, 3.55, 1.1],
					"rotation": [0, -22.5, 0],
					"cubes": [
						{
							"origin": [-0.1761, 3.35, 0.675],
							"size": [0.35221, 0.45, 0.85],
							"uv": {
								"north": {"uv": [135, 0], "uv_size": [1, 1]},
								"south": {"uv": [135, 1], "uv_size": [1, 1]},
								"up": {"uv": [135, 2], "uv_size": [1, 1]}
							}
						},
						{
							"origin": [-0.1761, 3.35, 0.67499],
							"size": [0.3522, 0.45, 0.85001],
							"pivot": [0, 3.575, 1.1],
							"rotation": [0, -45, 0],
							"uv": {
								"north": {"uv": [135, 3], "uv_size": [1, 1]},
								"south": {"uv": [135, 4], "uv_size": [1, 1]},
								"up": {"uv": [135, 5], "uv_size": [1, 1]}
							}
						},
						{
							"origin": [-0.1761, 3.35, 0.675],
							"size": [0.3522, 0.45, 0.85001],
							"pivot": [0, 3.575, 1.1],
							"rotation": [0, -90, 0],
							"uv": {
								"north": {"uv": [135, 6], "uv_size": [1, 1]},
								"south": {"uv": [135, 7], "uv_size": [1, 1]},
								"up": {"uv": [135, 8], "uv_size": [1, 1]}
							}
						},
						{
							"origin": [-0.1761, 3.35, 0.675],
							"size": [0.35219, 0.45, 0.85],
							"pivot": [0, 3.575, 1.1],
							"rotation": [0, -135, 0],
							"uv": {
								"north": {"uv": [135, 9], "uv_size": [1, 1]},
								"south": {"uv": [135, 10], "uv_size": [1, 1]},
								"up": {"uv": [135, 11], "uv_size": [1, 1]}
							}
						}
					]
				},
				{
					"name": "horizon",
					"parent": "EOTech_G45",
					"pivot": [0.8125, 5.325, 2.2],
					"rotation": [-7.5, 0, 0],
					"cubes": [
						{
							"origin": [-1.325, 2.09934, 1.06343],
							"size": [0.30001, 0.34516, 0.85093],
							"uv": {
								"north": {"uv": [135, 12], "uv_size": [1, 1]},
								"east": {"uv": [135, 13], "uv_size": [1, 1]},
								"south": {"uv": [135, 14], "uv_size": [1, 1]}
							}
						},
						{
							"origin": [-1.325, 2.09798, 1.06108],
							"size": [0.30001, 0.34788, 0.85563],
							"pivot": [-1.17499, 2.27192, 1.4889],
							"rotation": [-45, 0, 0],
							"uv": {
								"north": {"uv": [135, 15], "uv_size": [1, 1]},
								"east": {"uv": [135, 16], "uv_size": [1, 1]},
								"south": {"uv": [135, 17], "uv_size": [1, 1]}
							}
						},
						{
							"origin": [-1.325, 2.09536, 1.06038],
							"size": [0.30001, 0.35313, 0.85704],
							"pivot": [-1.17499, 2.27192, 1.4889],
							"rotation": [-90, 0, 0],
							"uv": {
								"north": {"uv": [135, 18], "uv_size": [1, 1]},
								"east": {"uv": [135, 19], "uv_size": [1, 1]},
								"south": {"uv": [135, 20], "uv_size": [1, 1]}
							}
						},
						{
							"origin": [-1.325, 2.09301, 1.06174],
							"size": [0.30001, 0.35783, 0.85432],
							"pivot": [-1.17499, 2.27192, 1.4889],
							"rotation": [-135, 0, 0],
							"uv": {
								"north": {"uv": [135, 21], "uv_size": [1, 1]},
								"east": {"uv": [135, 22], "uv_size": [1, 1]},
								"south": {"uv": [135, 23], "uv_size": [1, 1]}
							}
						}
					]
				}
			]
		}
	]
}