{
	"format_version": "1.12.0",
	"minecraft:geometry": [
		{
			"description": {
				"identifier": "geometry.sight_sro_dot - Converted",
				"texture_width": 256,
				"texture_height": 256,
				"visible_bounds_width": 11,
				"visible_bounds_height": 2,
				"visible_bounds_offset": [0, 0, 0]
			},
			"bones": [
				{
					"name": "scope_view",
					"pivot": [0, 1.20313, 9]
				},
				{
					"name": "scope_body",
					"pivot": [0, 18.95, 0]
				},
				{
					"name": "knobs",
					"parent": "scope_body",
					"pivot": [0, 18.95, 0]
				},
				{
					"name": "octagon3",
					"parent": "knobs",
					"pivot": [0, 18.95, 0]
				},
				{
					"name": "octagon",
					"parent": "knobs",
					"pivot": [0, 18.95, 0]
				},
				{
					"name": "screws",
					"parent": "scope_body",
					"pivot": [0, 18.90581, 1.25]
				},
				{
					"name": "sight",
					"parent": "scope_body",
					"pivot": [0, -1.90625, -8.15625]
				},
				{
					"name": "bone13",
					"parent": "sight",
					"pivot": [-0.5, 0.35938, -10.15625],
					"rotation": [0, 0, -30]
				},
				{
					"name": "bone12",
					"parent": "sight",
					"pivot": [0.5, 0.35938, -10.15625],
					"rotation": [0, 0, 30]
				},
				{
					"name": "bone11_illuminated",
					"parent": "sight",
					"pivot": [0, -3.65624, -10.15625]
				},
				{
					"name": "sight2",
					"parent": "scope_body",
					"pivot": [0, 9.17188, -2.5],
					"cubes": [
						{
							"origin": [2.72218, -0.62818, 0.75965],
							"size": [0.3125, 0.09375, 0.3125],
							"pivot": [1.0553, -1.95852, -0.90386],
							"rotation": [0, 45, -90],
							"uv": {
								"north": {"uv": [1, 14], "uv_size": [0.5, 0.5]},
								"east": {"uv": [14, 1], "uv_size": [0.5, 0.5]},
								"south": {"uv": [2, 14], "uv_size": [0.5, 0.5]},
								"west": {"uv": [14, 2], "uv_size": [0.5, 0.5]},
								"up": {"uv": [3, 14], "uv_size": [0.5, 0.5]},
								"down": {"uv": [14, 3.5], "uv_size": [0.5, -0.5]}
							}
						},
						{
							"origin": [2.90968, -1.09693, 0.75965],
							"size": [0.3125, 0.09375, 0.3125],
							"pivot": [1.2428, -1.95852, -0.90386],
							"rotation": [0, 45, -90],
							"uv": {
								"north": {"uv": [4, 14], "uv_size": [0.5, 0.5]},
								"east": {"uv": [14, 4], "uv_size": [0.5, 0.5]},
								"south": {"uv": [5, 14], "uv_size": [0.5, 0.5]},
								"west": {"uv": [14, 5], "uv_size": [0.5, 0.5]},
								"up": {"uv": [6, 14], "uv_size": [0.5, 0.5]},
								"down": {"uv": [14, 6.5], "uv_size": [0.5, -0.5]}
							}
						},
						{
							"origin": [-0.62184, 0.01079, -0.69461],
							"size": [1.24055, 0.29225, 0.68378],
							"uv": {
								"north": {"uv": [11, 2], "uv_size": [1, 0.5]},
								"east": {"uv": [7, 14], "uv_size": [0.5, 0.5]},
								"south": {"uv": [3, 11], "uv_size": [1, 0.5]},
								"west": {"uv": [14, 7], "uv_size": [0.5, 0.5]},
								"up": {"uv": [11, 3], "uv_size": [1, 0.5]},
								"down": {"uv": [4, 11.5], "uv_size": [1, -0.5]}
							}
						},
						{
							"origin": [-0.49284, 0.73051, -2.07813],
							"size": [0.08792, 0.05913, 2.0673],
							"pivot": [0.03005, 0.39063, -1.16227],
							"rotation": [0, 0, -45],
							"uv": {
								"north": {"uv": [8, 14], "uv_size": [0.5, 0.5]},
								"east": {"uv": [1, 2], "uv_size": [2, 0.5]},
								"south": {"uv": [14, 8], "uv_size": [0.5, 0.5]},
								"west": {"uv": [3, 0], "uv_size": [2, 0.5]},
								"up": {"uv": [1, 3], "uv_size": [0.5, 2]},
								"down": {"uv": [3, 3], "uv_size": [0.5, -2]}
							}
						},
						{
							"origin": [-0.55966, 0.30303, -2.08591],
							"size": [1.11621, 0.06217, 2.07508],
							"uv": {
								"north": {"uv": [11, 4], "uv_size": [1, 0.5]},
								"east": {"uv": [2, 3], "uv_size": [2, 0.5]},
								"south": {"uv": [5, 11], "uv_size": [1, 0.5]},
								"west": {"uv": [4, 1], "uv_size": [2, 0.5]},
								"up": {"uv": [0, 0], "uv_size": [1, 2]},
								"down": {"uv": [1, 2], "uv_size": [1, -2]}
							}
						},
						{
							"origin": [0.42032, 0.68581, -2.07813],
							"size": [0.08791, 0.05913, 2.0673],
							"pivot": [0.03005, 0.39063, -1.16227],
							"rotation": [0, 0, 45],
							"uv": {
								"north": {"uv": [9, 14], "uv_size": [0.5, 0.5]},
								"east": {"uv": [2, 4], "uv_size": [2, 0.5]},
								"south": {"uv": [14, 9], "uv_size": [0.5, 0.5]},
								"west": {"uv": [4, 2], "uv_size": [2, 0.5]},
								"up": {"uv": [0, 4], "uv_size": [0.5, 2]},
								"down": {"uv": [4, 5], "uv_size": [0.5, -2]}
							}
						},
						{
							"origin": [-0.20628, -0.29495, -1.31623],
							"size": [0.08792, 0.06216, 0.62162],
							"pivot": [0.03005, 0.39063, -1.16227],
							"rotation": [0, 0, 45],
							"uv": {
								"north": {"uv": [10, 14], "uv_size": [0.5, 0.5]},
								"east": {"uv": [14, 10], "uv_size": [0.5, 0.5]},
								"south": {"uv": [11, 14], "uv_size": [0.5, 0.5]},
								"west": {"uv": [14, 11], "uv_size": [0.5, 0.5]},
								"up": {"uv": [12, 14], "uv_size": [0.5, 0.5]},
								"down": {"uv": [14, 12.5], "uv_size": [0.5, -0.5]}
							}
						},
						{
							"origin": [0.11836, -0.29495, -1.31623],
							"size": [0.08792, 0.06216, 0.62162],
							"pivot": [-0.03005, 0.39063, -1.16227],
							"rotation": [0, 0, -45],
							"uv": {
								"north": {"uv": [13, 14], "uv_size": [0.5, 0.5]},
								"east": {"uv": [14, 13], "uv_size": [0.5, 0.5]},
								"south": {"uv": [14, 14], "uv_size": [0.5, 0.5]},
								"west": {"uv": [0, 15], "uv_size": [0.5, 0.5]},
								"up": {"uv": [15, 0], "uv_size": [0.5, 0.5]},
								"down": {"uv": [1, 15.5], "uv_size": [0.5, -0.5]}
							}
						},
						{
							"origin": [-0.62184, 0.07296, -1.31623],
							"size": [1.24055, 0.23008, 0.62162],
							"uv": {
								"north": {"uv": [11, 5], "uv_size": [1, 0.5]},
								"east": {"uv": [15, 1], "uv_size": [0.5, 0.5]},
								"south": {"uv": [6, 11], "uv_size": [1, 0.5]},
								"west": {"uv": [2, 15], "uv_size": [0.5, 0.5]},
								"up": {"uv": [11, 6], "uv_size": [1, 0.5]},
								"down": {"uv": [8, 11.5], "uv_size": [1, -0.5]}
							}
						},
						{
							"origin": [-0.62184, 0.01079, -2.07813],
							"size": [1.24055, 0.29225, 0.7619],
							"uv": {
								"north": {"uv": [9, 11], "uv_size": [1, 0.5]},
								"east": {"uv": [10, 11], "uv_size": [1, 0.5]},
								"south": {"uv": [11, 11], "uv_size": [1, 0.5]},
								"west": {"uv": [12, 0], "uv_size": [1, 0.5]},
								"up": {"uv": [5, 0], "uv_size": [1, 1]},
								"down": {"uv": [1, 6], "uv_size": [1, -1]}
							}
						},
						{
							"origin": [-0.65402, 0.41098, -0.55675],
							"size": [1.30804, 0.08239, 0.19892],
							"pivot": [0.01635, 0.39063, -1.16227],
							"rotation": [-22.5, 0, 0],
							"uv": {
								"north": {"uv": [5, 3], "uv_size": [1.5, 0.5]},
								"east": {"uv": [15, 2], "uv_size": [0.5, 0.5]},
								"south": {"uv": [4, 5], "uv_size": [1.5, 0.5]},
								"west": {"uv": [3, 15], "uv_size": [0.5, 0.5]},
								"up": {"uv": [5, 4], "uv_size": [1.5, 0.5]},
								"down": {"uv": [0, 6.5], "uv_size": [1.5, -0.5]}
							}
						},
						{
							"origin": [-0.65402, -0.1638, -0.66145],
							"size": [1.30804, 0.19892, 0.08239],
							"pivot": [0.01635, 0.39063, -1.16227],
							"rotation": [22.5, 0, 0],
							"uv": {
								"north": {"uv": [6, 0], "uv_size": [1.5, 0.5]},
								"east": {"uv": [15, 3], "uv_size": [0.5, 0.5]},
								"south": {"uv": [6, 1], "uv_size": [1.5, 0.5]},
								"west": {"uv": [4, 15], "uv_size": [0.5, 0.5]},
								"up": {"uv": [2, 6], "uv_size": [1.5, 0.5]},
								"down": {"uv": [6, 2.5], "uv_size": [1.5, -0.5]}
							}
						},
						{
							"origin": [-0.65402, 0.35271, -0.49849],
							"size": [1.30804, 0.19892, 0.08239],
							"pivot": [0.01635, 0.39063, -1.16227],
							"rotation": [-22.5, 0, 0],
							"uv": {
								"north": {"uv": [4, 6], "uv_size": [1.5, 0.5]},
								"east": {"uv": [15, 4], "uv_size": [0.5, 0.5]},
								"south": {"uv": [6, 5], "uv_size": [1.5, 0.5]},
								"west": {"uv": [5, 15], "uv_size": [0.5, 0.5]},
								"up": {"uv": [6, 6], "uv_size": [1.5, 0.5]},
								"down": {"uv": [0, 7.5], "uv_size": [1.5, -0.5]}
							}
						},
						{
							"origin": [-0.65402, -0.10554, -0.71971],
							"size": [1.30804, 0.08239, 0.19892],
							"pivot": [0.01635, 0.39063, -1.16227],
							"rotation": [22.5, 0, 0],
							"uv": {
								"north": {"uv": [2, 7], "uv_size": [1.5, 0.5]},
								"east": {"uv": [15, 5], "uv_size": [0.5, 0.5]},
								"south": {"uv": [7, 3], "uv_size": [1.5, 0.5]},
								"west": {"uv": [6, 15], "uv_size": [0.5, 0.5]},
								"up": {"uv": [4, 7], "uv_size": [1.5, 0.5]},
								"down": {"uv": [7, 4.5], "uv_size": [1.5, -0.5]}
							}
						},
						{
							"origin": [-0.65402, 0.41098, -1.55675],
							"size": [1.30804, 0.08239, 0.19892],
							"pivot": [0.01635, 0.39063, -2.16227],
							"rotation": [-22.5, 0, 0],
							"uv": {
								"north": {"uv": [6, 7], "uv_size": [1.5, 0.5]},
								"east": {"uv": [15, 6], "uv_size": [0.5, 0.5]},
								"south": {"uv": [0, 8], "uv_size": [1.5, 0.5]},
								"west": {"uv": [7, 15], "uv_size": [0.5, 0.5]},
								"up": {"uv": [8, 0], "uv_size": [1.5, 0.5]},
								"down": {"uv": [8, 1.5], "uv_size": [1.5, -0.5]}
							}
						},
						{
							"origin": [-0.65402, -0.1638, -1.66145],
							"size": [1.30804, 0.19892, 0.08239],
							"pivot": [0.01635, 0.39063, -2.16227],
							"rotation": [22.5, 0, 0],
							"uv": {
								"north": {"uv": [2, 8], "uv_size": [1.5, 0.5]},
								"east": {"uv": [15, 7], "uv_size": [0.5, 0.5]},
								"south": {"uv": [8, 2], "uv_size": [1.5, 0.5]},
								"west": {"uv": [8, 15], "uv_size": [0.5, 0.5]},
								"up": {"uv": [4, 8], "uv_size": [1.5, 0.5]},
								"down": {"uv": [8, 5.5], "uv_size": [1.5, -0.5]}
							}
						},
						{
							"origin": [-0.65402, -0.10554, -1.71971],
							"size": [1.30804, 0.08239, 0.19892],
							"pivot": [0.01635, 0.39063, -2.16227],
							"rotation": [22.5, 0, 0],
							"uv": {
								"north": {"uv": [6, 8], "uv_size": [1.5, 0.5]},
								"east": {"uv": [15, 8], "uv_size": [0.5, 0.5]},
								"south": {"uv": [8, 6], "uv_size": [1.5, 0.5]},
								"west": {"uv": [9, 15], "uv_size": [0.5, 0.5]},
								"up": {"uv": [8, 7], "uv_size": [1.5, 0.5]},
								"down": {"uv": [8, 8.5], "uv_size": [1.5, -0.5]}
							}
						},
						{
							"origin": [-0.65402, 0.35271, -1.49849],
							"size": [1.30804, 0.19892, 0.08239],
							"pivot": [0.01635, 0.39063, -2.16227],
							"rotation": [-22.5, 0, 0],
							"uv": {
								"north": {"uv": [0, 9], "uv_size": [1.5, 0.5]},
								"east": {"uv": [15, 9], "uv_size": [0.5, 0.5]},
								"south": {"uv": [2, 9], "uv_size": [1.5, 0.5]},
								"west": {"uv": [10, 15], "uv_size": [0.5, 0.5]},
								"up": {"uv": [9, 3], "uv_size": [1.5, 0.5]},
								"down": {"uv": [4, 9.5], "uv_size": [1.5, -0.5]}
							}
						}
					]
				},
				{
					"name": "bone2",
					"parent": "sight2",
					"pivot": [0.625, 11.4375, 4.82813],
					"cubes": [
						{
							"origin": [0.5, -9.54302, -1.82879],
							"size": [0.125, 0.17187, 0.56158],
							"pivot": [0, -3.9509, 11.14063],
							"rotation": [-45, 0, 0],
							"uv": {
								"east": {"uv": [15, 10], "uv_size": [0.5, 0.5]},
								"west": {"uv": [11, 15], "uv_size": [0.5, 0.5]},
								"up": {"uv": [15, 11], "uv_size": [0.5, 0.5]},
								"down": {"uv": [12, 15.5], "uv_size": [0.5, -0.5]}
							}
						},
						{
							"origin": [0.5, 1.26563, -1.98437],
							"size": [0.125, 0.125, 0.25],
							"uv": {
								"north": {"uv": [15, 12], "uv_size": [0.5, 0.5]},
								"east": {"uv": [13, 15], "uv_size": [0.5, 0.5]},
								"south": {"uv": [15, 13], "uv_size": [0.5, 0.5]},
								"west": {"uv": [14, 15], "uv_size": [0.5, 0.5]},
								"up": {"uv": [15, 14], "uv_size": [0.5, 0.5]},
								"down": {"uv": [15, 15.5], "uv_size": [0.5, -0.5]}
							}
						},
						{
							"origin": [0.5, 1.39063, -1.98437],
							"size": [0.125, 0.125, 0.5],
							"uv": {
								"north": {"uv": [0, 16], "uv_size": [0.5, 0.5]},
								"east": {"uv": [16, 0], "uv_size": [0.5, 0.5]},
								"south": {"uv": [1, 16], "uv_size": [0.5, 0.5]},
								"west": {"uv": [16, 1], "uv_size": [0.5, 0.5]},
								"up": {"uv": [2, 16], "uv_size": [0.5, 0.5]},
								"down": {"uv": [16, 2.5], "uv_size": [0.5, -0.5]}
							}
						},
						{
							"origin": [0.5, -3.8521, -2.6153],
							"size": [0.125, 0.12025, 1.39892],
							"pivot": [0, -3.9509, 11.14063],
							"rotation": [-22.5, 0, 0],
							"uv": {
								"north": {"uv": [3, 16], "uv_size": [0.5, 0.5]},
								"east": {"uv": [9, 4], "uv_size": [1.5, 0.5]},
								"south": {"uv": [16, 3], "uv_size": [0.5, 0.5]},
								"west": {"uv": [6, 9], "uv_size": [1.5, 0.5]},
								"up": {"uv": [8, 9], "uv_size": [0.5, 1.5]},
								"down": {"uv": [9, 10.5], "uv_size": [0.5, -1.5]}
							}
						},
						{
							"origin": [0.5, 0.86919, -1.59],
							"size": [0.125, 0.12025, 1.35204],
							"uv": {
								"north": {"uv": [4, 16], "uv_size": [0.5, 0.5]},
								"east": {"uv": [0, 10], "uv_size": [1.5, 0.5]},
								"south": {"uv": [16, 4], "uv_size": [0.5, 0.5]},
								"west": {"uv": [10, 0], "uv_size": [1.5, 0.5]},
								"up": {"uv": [10, 1], "uv_size": [0.5, 1.5]},
								"down": {"uv": [2, 11.5], "uv_size": [0.5, -1.5]}
							}
						},
						{
							"origin": [0.5, 0.43169, -1.59],
							"size": [0.125, 0.44838, 0.08642],
							"uv": {
								"north": {"uv": [5, 16], "uv_size": [0.5, 0.5]},
								"east": {"uv": [16, 5], "uv_size": [0.5, 0.5]},
								"south": {"uv": [6, 16], "uv_size": [0.5, 0.5]},
								"west": {"uv": [16, 6], "uv_size": [0.5, 0.5]},
								"up": {"uv": [7, 16], "uv_size": [0.5, 0.5]},
								"down": {"uv": [16, 7.5], "uv_size": [0.5, -0.5]}
							}
						},
						{
							"origin": [0.5, 1.41611, -1.8793],
							"size": [0.125, 0.11049, 0.08642],
							"pivot": [0, 1.32836, -0.41299],
							"rotation": [45, 0, 0],
							"uv": {
								"north": {"uv": [8, 16], "uv_size": [0.5, 0.5]},
								"east": {"uv": [16, 8], "uv_size": [0.5, 0.5]},
								"south": {"uv": [9, 16], "uv_size": [0.5, 0.5]},
								"west": {"uv": [16, 9], "uv_size": [0.5, 0.5]},
								"up": {"uv": [10, 16], "uv_size": [0.5, 0.5]},
								"down": {"uv": [16, 10.5], "uv_size": [0.5, -0.5]}
							}
						},
						{
							"origin": [0.5, 0.43169, -0.32454],
							"size": [0.125, 0.44838, 0.08642],
							"uv": {
								"north": {"uv": [11, 16], "uv_size": [0.5, 0.5]},
								"east": {"uv": [16, 11], "uv_size": [0.5, 0.5]},
								"south": {"uv": [12, 16], "uv_size": [0.5, 0.5]},
								"west": {"uv": [16, 12], "uv_size": [0.5, 0.5]},
								"up": {"uv": [13, 16], "uv_size": [0.5, 0.5]},
								"down": {"uv": [16, 13.5], "uv_size": [0.5, -0.5]}
							}
						},
						{
							"origin": [0.5, 1.41611, -0.03524],
							"size": [0.125, 0.11049, 0.08642],
							"pivot": [0, 1.32836, -1.41514],
							"rotation": [-45, 0, 0],
							"uv": {
								"north": {"uv": [14, 16], "uv_size": [0.5, 0.5]},
								"east": {"uv": [16, 14], "uv_size": [0.5, 0.5]},
								"south": {"uv": [15, 16], "uv_size": [0.5, 0.5]},
								"west": {"uv": [16, 15], "uv_size": [0.5, 0.5]},
								"up": {"uv": [16, 16], "uv_size": [0.5, 0.5]},
								"down": {"uv": [0, 17.5], "uv_size": [0.5, -0.5]}
							}
						},
						{
							"origin": [0.5, 0.35356, -1.51188],
							"size": [0.125, 0.089, 1.19579],
							"uv": {
								"north": {"uv": [17, 0], "uv_size": [0.5, 0.5]},
								"east": {"uv": [12, 1], "uv_size": [1, 0.5]},
								"south": {"uv": [1, 17], "uv_size": [0.5, 0.5]},
								"west": {"uv": [2, 12], "uv_size": [1, 0.5]},
								"up": {"uv": [12, 2], "uv_size": [0.5, 1]},
								"down": {"uv": [3, 13], "uv_size": [0.5, -1]}
							}
						},
						{
							"origin": [0.5, 0.32231, -1.5275],
							"size": [0.125, 0.07338, 1.24267],
							"pivot": [0, 0.44745, -0.18619],
							"rotation": [-23.75, 0, 0],
							"uv": {
								"north": {"uv": [17, 1], "uv_size": [0.5, 0.5]},
								"east": {"uv": [12, 3], "uv_size": [1, 0.5]},
								"south": {"uv": [2, 17], "uv_size": [0.5, 0.5]},
								"west": {"uv": [4, 12], "uv_size": [1, 0.5]},
								"up": {"uv": [12, 4], "uv_size": [0.5, 1]},
								"down": {"uv": [5, 13], "uv_size": [0.5, -1]}
							}
						},
						{
							"origin": [0.5, 0.36919, -1.51204],
							"size": [0.125, 0.07338, 1.24267],
							"pivot": [0, 0.44745, -1.50131],
							"rotation": [23.75, 0, 0],
							"uv": {
								"north": {"uv": [17, 2], "uv_size": [0.5, 0.5]},
								"east": {"uv": [12, 5], "uv_size": [1, 0.5]},
								"south": {"uv": [3, 17], "uv_size": [0.5, 0.5]},
								"west": {"uv": [6, 12], "uv_size": [1, 0.5]},
								"up": {"uv": [12, 6], "uv_size": [0.5, 1]},
								"down": {"uv": [7, 13], "uv_size": [0.5, -1]}
							}
						},
						{
							"origin": [-0.625, 0.43169, -0.32454],
							"size": [0.125, 0.44838, 0.08642],
							"uv": {
								"north": {"uv": [17, 3], "uv_size": [0.5, 0.5]},
								"east": {"uv": [4, 17], "uv_size": [0.5, 0.5]},
								"south": {"uv": [17, 4], "uv_size": [0.5, 0.5]},
								"west": {"uv": [5, 17], "uv_size": [0.5, 0.5]},
								"up": {"uv": [17, 5], "uv_size": [0.5, 0.5]},
								"down": {"uv": [6, 17.5], "uv_size": [0.5, -0.5]}
							}
						},
						{
							"origin": [-0.625, 0.35356, -1.51188],
							"size": [0.125, 0.089, 1.19579],
							"uv": {
								"north": {"uv": [17, 6], "uv_size": [0.5, 0.5]},
								"east": {"uv": [12, 7], "uv_size": [1, 0.5]},
								"south": {"uv": [7, 17], "uv_size": [0.5, 0.5]},
								"west": {"uv": [8, 12], "uv_size": [1, 0.5]},
								"up": {"uv": [12, 8], "uv_size": [0.5, 1]},
								"down": {"uv": [9, 13], "uv_size": [0.5, -1]}
							}
						},
						{
							"origin": [-0.625, 1.41611, -0.03524],
							"size": [0.125, 0.11049, 0.08642],
							"pivot": [0, 1.32836, -1.41514],
							"rotation": [-45, 0, 0],
							"uv": {
								"north": {"uv": [17, 7], "uv_size": [0.5, 0.5]},
								"east": {"uv": [8, 17], "uv_size": [0.5, 0.5]},
								"south": {"uv": [17, 8], "uv_size": [0.5, 0.5]},
								"west": {"uv": [9, 17], "uv_size": [0.5, 0.5]},
								"up": {"uv": [17, 9], "uv_size": [0.5, 0.5]},
								"down": {"uv": [10, 17.5], "uv_size": [0.5, -0.5]}
							}
						},
						{
							"origin": [-0.625, 0.32231, -1.5275],
							"size": [0.125, 0.07338, 1.24267],
							"pivot": [0, 0.44745, -0.18619],
							"rotation": [-23.75, 0, 0],
							"uv": {
								"north": {"uv": [17, 10], "uv_size": [0.5, 0.5]},
								"east": {"uv": [12, 9], "uv_size": [1, 0.5]},
								"south": {"uv": [11, 17], "uv_size": [0.5, 0.5]},
								"west": {"uv": [10, 12], "uv_size": [1, 0.5]},
								"up": {"uv": [12, 10], "uv_size": [0.5, 1]},
								"down": {"uv": [11, 13], "uv_size": [0.5, -1]}
							}
						},
						{
							"origin": [-0.625, 0.36919, -1.51204],
							"size": [0.125, 0.07338, 1.24267],
							"pivot": [0, 0.44745, -1.50131],
							"rotation": [23.75, 0, 0],
							"uv": {
								"north": {"uv": [17, 11], "uv_size": [0.5, 0.5]},
								"east": {"uv": [12, 11], "uv_size": [1, 0.5]},
								"south": {"uv": [12, 17], "uv_size": [0.5, 0.5]},
								"west": {"uv": [12, 12], "uv_size": [1, 0.5]},
								"up": {"uv": [0, 13], "uv_size": [0.5, 1]},
								"down": {"uv": [13, 1], "uv_size": [0.5, -1]}
							}
						},
						{
							"origin": [-0.625, 1.41611, -1.8793],
							"size": [0.125, 0.11049, 0.08642],
							"pivot": [0, 1.32836, -0.41299],
							"rotation": [45, 0, 0],
							"uv": {
								"north": {"uv": [17, 12], "uv_size": [0.5, 0.5]},
								"east": {"uv": [13, 17], "uv_size": [0.5, 0.5]},
								"south": {"uv": [17, 13], "uv_size": [0.5, 0.5]},
								"west": {"uv": [14, 17], "uv_size": [0.5, 0.5]},
								"up": {"uv": [17, 14], "uv_size": [0.5, 0.5]},
								"down": {"uv": [15, 17.5], "uv_size": [0.5, -0.5]}
							}
						},
						{
							"origin": [-0.625, 0.43169, -1.59],
							"size": [0.125, 0.44838, 0.08642],
							"uv": {
								"north": {"uv": [17, 15], "uv_size": [0.5, 0.5]},
								"east": {"uv": [16, 17], "uv_size": [0.5, 0.5]},
								"south": {"uv": [17, 16], "uv_size": [0.5, 0.5]},
								"west": {"uv": [17, 17], "uv_size": [0.5, 0.5]},
								"up": {"uv": [0, 18], "uv_size": [0.5, 0.5]},
								"down": {"uv": [18, 0.5], "uv_size": [0.5, -0.5]}
							}
						},
						{
							"origin": [-0.625, -9.54302, -1.82879],
							"size": [0.125, 0.17187, 0.56158],
							"pivot": [0, -3.9509, 11.14063],
							"rotation": [-45, 0, 0],
							"uv": {
								"east": {"uv": [1, 18], "uv_size": [0.5, 0.5]},
								"west": {"uv": [18, 1], "uv_size": [0.5, 0.5]},
								"up": {"uv": [2, 18], "uv_size": [0.5, 0.5]},
								"down": {"uv": [18, 2.5], "uv_size": [0.5, -0.5]}
							}
						},
						{
							"origin": [-0.625, 0.86919, -1.59],
							"size": [0.125, 0.12025, 1.35204],
							"uv": {
								"north": {"uv": [3, 18], "uv_size": [0.5, 0.5]},
								"east": {"uv": [3, 10], "uv_size": [1.5, 0.5]},
								"south": {"uv": [18, 3], "uv_size": [0.5, 0.5]},
								"west": {"uv": [5, 10], "uv_size": [1.5, 0.5]},
								"up": {"uv": [10, 5], "uv_size": [0.5, 1.5]},
								"down": {"uv": [7, 11.5], "uv_size": [0.5, -1.5]}
							}
						},
						{
							"origin": [0.4615, 1.47183, -1.98437],
							"size": [0.125, 0.1875, 0.5],
							"pivot": [0.524, 1.56558, -1.73437],
							"rotation": [0, 0, -30],
							"uv": {
								"north": {"uv": [4, 18], "uv_size": [0.5, 0.5]},
								"east": {"uv": [18, 4], "uv_size": [0.5, 0.5]},
								"south": {"uv": [5, 18], "uv_size": [0.5, 0.5]},
								"west": {"uv": [18, 5], "uv_size": [0.5, 0.5]},
								"up": {"uv": [6, 18], "uv_size": [0.5, 0.5]}
							}
						},
						{
							"origin": [0.45313, 0.46876, -1],
							"size": [0.125, 0.60938, 0.79688],
							"uv": {
								"north": {"uv": [18, 6], "uv_size": [0.5, 0.5]},
								"east": {"uv": [1, 13], "uv_size": [1, 0.5]},
								"west": {"uv": [13, 1], "uv_size": [1, 0.5]},
								"up": {"uv": [2, 13], "uv_size": [0.5, 1]},
								"down": {"uv": [13, 3], "uv_size": [0.5, -1]}
							}
						},
						{
							"origin": [-0.45312, 0.50001, -1.23437],
							"size": [0.90625, 0.26563, 1.21875],
							"uv": {
								"north": {"uv": [3, 13], "uv_size": [1, 0.5]},
								"east": {"uv": [13, 3], "uv_size": [1, 0.5]},
								"south": {"uv": [4, 13], "uv_size": [1, 0.5]},
								"west": {"uv": [13, 4], "uv_size": [1, 0.5]},
								"up": {"uv": [2, 5], "uv_size": [1, 1]},
								"down": {"uv": [3, 6], "uv_size": [1, -1]}
							}
						},
						{
							"origin": [-0.25425, 0.50001, -1.43325],
							"size": [0.5085, 0.26563, 0.19887],
							"uv": {
								"north": {"uv": [7, 18], "uv_size": [0.5, 0.5]},
								"east": {"uv": [18, 7], "uv_size": [0.5, 0.5]},
								"south": {"uv": [8, 18], "uv_size": [0.5, 0.5]},
								"west": {"uv": [18, 8], "uv_size": [0.5, 0.5]},
								"up": {"uv": [9, 18], "uv_size": [0.5, 0.5]},
								"down": {"uv": [18, 9.5], "uv_size": [0.5, -0.5]}
							}
						},
						{
							"origin": [0.17188, 0.50001, -1.51562],
							"size": [0.28125, 0.26563, 0.28125],
							"pivot": [0.45313, -10.67187, -1.23437],
							"rotation": [0, 45, 0],
							"uv": {
								"north": {"uv": [10, 18], "uv_size": [0.5, 0.5]},
								"east": {"uv": [18, 10], "uv_size": [0.5, 0.5]},
								"south": {"uv": [11, 18], "uv_size": [0.5, 0.5]},
								"west": {"uv": [18, 11], "uv_size": [0.5, 0.5]},
								"up": {"uv": [12, 18], "uv_size": [0.5, 0.5]},
								"down": {"uv": [18, 12.5], "uv_size": [0.5, -0.5]}
							}
						},
						{
							"origin": [-0.45312, 0.50001, -1.51562],
							"size": [0.28125, 0.26563, 0.28125],
							"pivot": [-0.45312, -10.67187, -1.23437],
							"rotation": [0, -45, 0],
							"uv": {
								"north": {"uv": [13, 18], "uv_size": [0.5, 0.5]},
								"east": {"uv": [18, 13], "uv_size": [0.5, 0.5]},
								"south": {"uv": [14, 18], "uv_size": [0.5, 0.5]},
								"west": {"uv": [18, 14], "uv_size": [0.5, 0.5]},
								"up": {"uv": [15, 18], "uv_size": [0.5, 0.5]},
								"down": {"uv": [18, 15.5], "uv_size": [0.5, -0.5]}
							}
						},
						{
							"origin": [-0.53125, 0.35938, -1.3125],
							"size": [1.07813, 0.21875, 1.28125],
							"uv": {
								"north": {"uv": [5, 13], "uv_size": [1, 0.5]},
								"east": {"uv": [10, 7], "uv_size": [1.5, 0.5]},
								"south": {"uv": [13, 5], "uv_size": [1, 0.5]},
								"west": {"uv": [10, 8], "uv_size": [1.5, 0.5]},
								"up": {"uv": [0, 2], "uv_size": [1, 1.5]},
								"down": {"uv": [2, 1.5], "uv_size": [1, -1.5]}
							}
						},
						{
							"origin": [-0.53125, 0.32813, -1.8125],
							"size": [1.07813, 0.25, 0.5],
							"pivot": [-0.17187, 0.57813, -1.3125],
							"rotation": [30, 0, 0],
							"uv": {
								"north": {"uv": [6, 13], "uv_size": [1, 0.5]},
								"east": {"uv": [16, 18], "uv_size": [0.5, 0.5]},
								"south": {"uv": [13, 6], "uv_size": [1, 0.5]},
								"west": {"uv": [18, 16], "uv_size": [0.5, 0.5]},
								"up": {"uv": [7, 13], "uv_size": [1, 0.5]},
								"down": {"uv": [13, 7.5], "uv_size": [1, -0.5]}
							}
						},
						{
							"origin": [0.45313, 6.60614, 6.15465],
							"size": [0.125, 0.26516, 0.15625],
							"pivot": [-0.04687, -3.8884, 10.04688],
							"rotation": [45, 0, 0],
							"uv": {
								"north": {"uv": [17, 18], "uv_size": [0.5, 0.5]},
								"east": {"uv": [18, 17], "uv_size": [0.5, 0.5]},
								"south": {"uv": [18, 18], "uv_size": [0.5, 0.5]},
								"west": {"uv": [0, 19], "uv_size": [0.5, 0.5]},
								"up": {"uv": [19, 0], "uv_size": [0.5, 0.5]},
								"down": {"uv": [1, 19.5], "uv_size": [0.5, -0.5]}
							}
						},
						{
							"origin": [0.45313, 0.46876, -0.20312],
							"size": [0.125, 0.42188, 0.1875],
							"uv": {
								"east": {"uv": [19, 1], "uv_size": [0.5, 0.5]},
								"south": {"uv": [2, 19], "uv_size": [0.5, 0.5]},
								"west": {"uv": [19, 2], "uv_size": [0.5, 0.5]},
								"down": {"uv": [3, 19.5], "uv_size": [0.5, -0.5]}
							}
						},
						{
							"origin": [-0.625, 1.26563, -1.98437],
							"size": [0.125, 0.125, 0.25],
							"uv": {
								"north": {"uv": [19, 3], "uv_size": [0.5, 0.5]},
								"east": {"uv": [4, 19], "uv_size": [0.5, 0.5]},
								"south": {"uv": [19, 4], "uv_size": [0.5, 0.5]},
								"west": {"uv": [5, 19], "uv_size": [0.5, 0.5]},
								"up": {"uv": [19, 5], "uv_size": [0.5, 0.5]},
								"down": {"uv": [6, 19.5], "uv_size": [0.5, -0.5]}
							}
						},
						{
							"origin": [0.4375, 0.76563, -1],
							"size": [0.125, 0.125, 0.98438],
							"pivot": [0.42188, 0.8125, -0.73437],
							"rotation": [0, 0, 45],
							"uv": {
								"north": {"uv": [19, 6], "uv_size": [0.5, 0.5]},
								"east": {"uv": [8, 13], "uv_size": [1, 0.5]},
								"south": {"uv": [7, 19], "uv_size": [0.5, 0.5]},
								"west": {"uv": [13, 8], "uv_size": [1, 0.5]},
								"up": {"uv": [9, 13], "uv_size": [0.5, 1]},
								"down": {"uv": [13, 10], "uv_size": [0.5, -1]}
							}
						},
						{
							"origin": [-0.5625, 6.60614, 6.15465],
							"size": [0.10938, 0.26516, 0.15625],
							"pivot": [0.04688, -3.8884, 10.04688],
							"rotation": [45, 0, 0],
							"uv": {
								"north": {"uv": [19, 7], "uv_size": [0.5, 0.5]},
								"east": {"uv": [8, 19], "uv_size": [0.5, 0.5]},
								"south": {"uv": [19, 8], "uv_size": [0.5, 0.5]},
								"west": {"uv": [9, 19], "uv_size": [0.5, 0.5]},
								"up": {"uv": [19, 9], "uv_size": [0.5, 0.5]},
								"down": {"uv": [10, 19.5], "uv_size": [0.5, -0.5]}
							}
						},
						{
							"origin": [-0.5625, 0.46876, -0.20312],
							"size": [0.10938, 0.42188, 0.1875],
							"uv": {
								"east": {"uv": [19, 10], "uv_size": [0.5, 0.5]},
								"south": {"uv": [11, 19], "uv_size": [0.5, 0.5]},
								"west": {"uv": [19, 11], "uv_size": [0.5, 0.5]},
								"down": {"uv": [12, 19.5], "uv_size": [0.5, -0.5]}
							}
						},
						{
							"origin": [-0.5625, 0.46876, -1],
							"size": [0.10938, 0.60938, 0.79688],
							"uv": {
								"north": {"uv": [19, 12], "uv_size": [0.5, 0.5]},
								"east": {"uv": [10, 13], "uv_size": [1, 0.5]},
								"west": {"uv": [13, 10], "uv_size": [1, 0.5]},
								"up": {"uv": [11, 13], "uv_size": [0.5, 1]},
								"down": {"uv": [13, 12], "uv_size": [0.5, -1]}
							}
						},
						{
							"origin": [-0.53125, 0.76563, -1],
							"size": [0.09375, 0.125, 0.98438],
							"pivot": [-0.42187, 0.8125, -0.73437],
							"rotation": [0, 0, -45],
							"uv": {
								"north": {"uv": [13, 19], "uv_size": [0.5, 0.5]},
								"east": {"uv": [12, 13], "uv_size": [1, 0.5]},
								"south": {"uv": [19, 13], "uv_size": [0.5, 0.5]},
								"west": {"uv": [13, 12], "uv_size": [1, 0.5]},
								"up": {"uv": [13, 13], "uv_size": [0.5, 1]},
								"down": {"uv": [0, 15], "uv_size": [0.5, -1]}
							}
						},
						{
							"origin": [-0.5625, -9.31095, -1.3985],
							"size": [0.10938, 0.53125, 0.26563],
							"pivot": [0.04688, -4.4509, 10.42188],
							"rotation": [-45, 0, 0],
							"uv": {
								"north": {"uv": [14, 19], "uv_size": [0.5, 0.5]},
								"east": {"uv": [19, 14], "uv_size": [0.5, 0.5]},
								"south": {"uv": [15, 19], "uv_size": [0.5, 0.5]},
								"west": {"uv": [19, 15], "uv_size": [0.5, 0.5]},
								"up": {"uv": [16, 19], "uv_size": [0.5, 0.5]},
								"down": {"uv": [19, 16.5], "uv_size": [0.5, -0.5]}
							}
						},
						{
							"origin": [0.45313, -9.31095, -1.3985],
							"size": [0.125, 0.53125, 0.26563],
							"pivot": [-0.04687, -4.4509, 10.42188],
							"rotation": [-45, 0, 0],
							"uv": {
								"north": {"uv": [17, 19], "uv_size": [0.5, 0.5]},
								"east": {"uv": [19, 17], "uv_size": [0.5, 0.5]},
								"south": {"uv": [18, 19], "uv_size": [0.5, 0.5]},
								"west": {"uv": [19, 18], "uv_size": [0.5, 0.5]},
								"up": {"uv": [19, 19], "uv_size": [0.5, 0.5]},
								"down": {"uv": [0, 20.5], "uv_size": [0.5, -0.5]}
							}
						},
						{
							"origin": [-0.625, 1.39063, -1.98437],
							"size": [0.125, 0.125, 0.5],
							"uv": {
								"north": {"uv": [20, 0], "uv_size": [0.5, 0.5]},
								"east": {"uv": [1, 20], "uv_size": [0.5, 0.5]},
								"south": {"uv": [20, 1], "uv_size": [0.5, 0.5]},
								"west": {"uv": [2, 20], "uv_size": [0.5, 0.5]},
								"up": {"uv": [20, 2], "uv_size": [0.5, 0.5]},
								"down": {"uv": [3, 20.5], "uv_size": [0.5, -0.5]}
							}
						},
						{
							"origin": [-0.625, -3.8521, -2.6153],
							"size": [0.125, 0.12025, 1.39892],
							"pivot": [0, -3.9509, 11.14063],
							"rotation": [-22.5, 0, 0],
							"uv": {
								"north": {"uv": [20, 3], "uv_size": [0.5, 0.5]},
								"east": {"uv": [10, 9], "uv_size": [1.5, 0.5]},
								"south": {"uv": [4, 20], "uv_size": [0.5, 0.5]},
								"west": {"uv": [10, 10], "uv_size": [1.5, 0.5]},
								"up": {"uv": [0, 11], "uv_size": [0.5, 1.5]},
								"down": {"uv": [1, 12.5], "uv_size": [0.5, -1.5]}
							}
						},
						{
							"origin": [-0.5865, 1.47183, -1.98437],
							"size": [0.125, 0.1875, 0.5],
							"pivot": [-0.524, 1.56558, -1.73437],
							"rotation": [0, 0, 30],
							"uv": {
								"north": {"uv": [20, 4], "uv_size": [0.5, 0.5]},
								"east": {"uv": [5, 20], "uv_size": [0.5, 0.5]},
								"south": {"uv": [20, 5], "uv_size": [0.5, 0.5]},
								"west": {"uv": [6, 20], "uv_size": [0.5, 0.5]},
								"up": {"uv": [20, 6], "uv_size": [0.5, 0.5]}
							}
						}
					]
				},
				{
					"name": "bone11_illuminated2",
					"parent": "sight2",
					"pivot": [0, 7.42188, -4.5],
					"cubes": [
						{
							"origin": [2.81593, -1.12818, 0.75965],
							"size": [0.3125, 0.5625, 0.3125],
							"pivot": [1.14905, -1.98977, -0.90386],
							"rotation": [0, 45, -90],
							"uv": {
								"north": {"uv": [7, 20], "uv_size": [0.5, 0.5]},
								"east": {"uv": [20, 7], "uv_size": [0.5, 0.5]},
								"south": {"uv": [8, 20], "uv_size": [0.5, 0.5]},
								"west": {"uv": [20, 8], "uv_size": [0.5, 0.5]},
								"up": {"uv": [9, 20], "uv_size": [0.5, 0.5]},
								"down": {"uv": [20, 9.5], "uv_size": [0.5, -0.5]}
							}
						}
					]
				},
				{
					"name": "bone8",
					"parent": "sight2",
					"pivot": [0, 11.4375, -14.5]
				},
				{
					"name": "bone9",
					"parent": "sight2",
					"pivot": [0, 11.76563, -14.5]
				},
				{
					"name": "division",
					"pivot": [0, 0, 0]
				},
				{
					"name": "division_illuminated",
					"parent": "division",
					"pivot": [0, 0.75125, -55.3],
					"cubes": [
						{
							"origin": [-0.89062, 0.53249, -12.96875],
							"size": [1.78125, 1.625, 0.3],
							"uv": {
								"south": {"uv": [153.5, 18], "uv_size": [49, 47]}
							}
						}
					]
				},
				{
					"name": "ocular",
					"pivot": [0, 2.60938, -0.2875],
					"cubes": [
						{
							"origin": [-0.48576, 0.75864, -1.38775],
							"size": [0.98401, 1.49366, 0.02463],
							"uv": {
								"south": {"uv": [14, 0], "uv_size": [0.5, 0.5]}
							}
						}
					]
				}
			]
		}
	]
}