{
	"format_version": "1.12.0",
	"minecraft:geometry": [
		{
			"description": {
				"identifier": "geometry.unknown",
				"texture_width": 512,
				"texture_height": 512,
				"visible_bounds_width": 35,
				"visible_bounds_height": 1.5,
				"visible_bounds_offset": [0, 0.25, 0]
			},
			"bones": [
				{
					"name": "scope_body",
					"pivot": [0, 7.7, -0.25]
				},
				{
					"name": "base",
					"parent": "scope_body",
					"pivot": [7, -0.05, -8.25],
					"cubes": [
						{
							"origin": [-0.6875, -0.2875, -3],
							"size": [0.3125, 0.5625, 2.75],
							"uv": {
								"north": {"uv": [8, 8], "uv_size": [1, 1]},
								"east": {"uv": [2, 5], "uv_size": [3, 1]},
								"south": {"uv": [2, 9], "uv_size": [1, 1]},
								"west": {"uv": [5, 5], "uv_size": [3, 1]},
								"up": {"uv": [2, 6], "uv_size": [1, 3]},
								"down": {"uv": [6, 5], "uv_size": [1, -3]}
							}
						},
						{
							"origin": [0.375, -0.2875, -3],
							"size": [0.3125, 0.5625, 2.75],
							"uv": {
								"north": {"uv": [6, 9], "uv_size": [1, 1]},
								"east": {"uv": [3, 6], "uv_size": [3, 1]},
								"south": {"uv": [9, 6], "uv_size": [1, 1]},
								"west": {"uv": [6, 6], "uv_size": [3, 1]},
								"up": {"uv": [7, 2], "uv_size": [1, 3]},
								"down": {"uv": [3, 10], "uv_size": [1, -3]}
							}
						},
						{
							"origin": [-0.375, 0.025, -3],
							"size": [0.75, 0.25, 2.75],
							"uv": {
								"north": {"uv": [7, 9], "uv_size": [1, 1]},
								"south": {"uv": [9, 7], "uv_size": [1, 1]},
								"up": {"uv": [4, 7], "uv_size": [1, 3]},
								"down": {"uv": [5, 10], "uv_size": [1, -3]}
							}
						},
						{
							"origin": [-0.5625, 0.275, -2.9375],
							"size": [1.125, 0.125, 2.625],
							"uv": {
								"north": {"uv": [8, 9], "uv_size": [1, 1]},
								"east": {"uv": [6, 7], "uv_size": [3, 1]},
								"south": {"uv": [9, 8], "uv_size": [1, 1]},
								"west": {"uv": [8, 2], "uv_size": [3, 1]}
							}
						},
						{
							"origin": [-1.0625, 0.4, -3.2875],
							"size": [2.125, 1, 3.175],
							"uv": {
								"north": {"uv": [8, 5], "uv_size": [2, 1]},
								"east": {"uv": [8, 3], "uv_size": [3, 1]},
								"south": {"uv": [6, 8], "uv_size": [2, 1]},
								"west": {"uv": [8, 4], "uv_size": [3, 1]},
								"up": {"uv": [2, 2], "uv_size": [2, 3]},
								"down": {"uv": [4, 5], "uv_size": [2, -3]}
							}
						},
						{
							"origin": [-0.9125, 0.525, -3.7875],
							"size": [0.75, 0.75, 0.5],
							"uv": {
								"north": {"uv": [9, 9], "uv_size": [1, 1]},
								"east": {"uv": [2, 10], "uv_size": [1, 1]},
								"south": {"uv": [3, 10], "uv_size": [1, 1]},
								"west": {"uv": [4, 10], "uv_size": [1, 1]},
								"up": {"uv": [5, 10], "uv_size": [1, 1]},
								"down": {"uv": [10, 6], "uv_size": [1, -1]}
							}
						},
						{
							"origin": [-0.5725, 0.865, -280.0375],
							"size": [0.07, 0.07, 276.25],
							"uv": {
								"north": {"uv": [6, 10], "uv_size": [1, 1]},
								"east": {"uv": [0, 0], "uv_size": [276, 1]},
								"south": {"uv": [10, 6], "uv_size": [1, 1]},
								"west": {"uv": [0, 1], "uv_size": [276, 1]},
								"up": {"uv": [0, 2], "uv_size": [1, 276]},
								"down": {"uv": [1, 278], "uv_size": [1, -276]}
							}
						}
					]
				},
				{
					"name": "division",
					"pivot": [0.05, 0.95, -55.25]
				},
				{
					"name": "division_illuminated",
					"parent": "division",
					"pivot": [0.05, 1.05, -55.25],
					"cubes": [
						{
							"origin": [-0.25, 1.47, -55.7],
							"size": [0.5, 0.5, 0.3],
							"uv": {
								"south": {"uv": [181.5, 53], "uv_size": [20, 20]}
							}
						}
					]
				},
				{
					"name": "ocular",
					"pivot": [0, 1, -0.975],
					"cubes": [
						{
							"origin": [0.37362, 1.14927, -2.669],
							"size": [0.24963, 0.0246, 0.02463],
							"uv": {
								"south": {"uv": [26, 24], "uv_size": [0.5, 0.5]}
							}
						}
					]
				},
				{
					"name": "scope_view",
					"pivot": [-3, 1.7, 6.75],
					"rotation": [0, 0, -45]
				}
			]
		}
	]
}